2026-01-21 02:24:50,519 - label - INFO - YooKassa configured with account_id: 1215507
2026-01-21 02:24:50,885 - label - INFO - ✅ YooKassa configuration test successful with new credentials
2026-01-21 02:24:50,972 - label - INFO - ✅ Таймауты API настроены: READ=30s, CONNECT=10s
2026-01-21 02:24:50,972 - label - INFO - 🤖 Starting Telegram bot...
2026-01-21 02:24:52,565 - label - INFO - Checking subscription for user 1398275867: status = member
2026-01-21 02:24:52,565 - label - INFO - User 1398275867 is subscribed to channel
2026-01-21 02:24:53,160 - label - INFO - ✅ PostgreSQL connection pool initialized
2026-01-21 02:25:24,602 - label - INFO - YooKassa configured with account_id: 1215507
2026-01-21 02:25:24,935 - label - INFO - ✅ YooKassa configuration test successful with new credentials
2026-01-21 02:25:25,026 - label - INFO - ✅ Таймауты API настроены: READ=30s, CONNECT=10s
2026-01-21 02:25:25,027 - label - INFO - 🤖 Starting Telegram bot...
2026-01-21 02:26:14,905 - label - INFO - YooKassa configured with account_id: 1215507
2026-01-21 02:26:15,143 - label - INFO - ✅ YooKassa configuration test successful with new credentials
2026-01-21 02:26:15,369 - label - INFO - ✅ PostgreSQL connection pool initialized
2026-01-21 02:26:55,816 - label - INFO - Checking subscription for user 1398275867: status = member
2026-01-21 02:26:55,817 - label - INFO - User 1398275867 is subscribed to channel
2026-01-21 02:26:55,991 - label - INFO - ✅ PostgreSQL connection pool initialized
2026-01-21 02:27:04,011 - label - INFO - Checking subscription for user 1398275867: status = member
2026-01-21 02:27:04,011 - label - INFO - User 1398275867 is subscribed to channel
2026-01-21 02:29:27,703 - label - INFO - Checking subscription for user 1398275867: status = member
2026-01-21 02:29:27,703 - label - INFO - User 1398275867 is subscribed to channel
2026-01-21 02:34:16,648 - label - INFO - Checking subscription for user 1398275867: status = member
2026-01-21 02:34:16,648 - label - INFO - User 1398275867 is subscribed to channel
2026-01-21 02:34:26,141 - label - INFO - Checking subscription for user 1398275867: status = member
2026-01-21 02:34:26,142 - label - INFO - User 1398275867 is subscribed to channel
2026-01-21 02:38:42,301 - label - INFO - Checking subscription for user 1398275867: status = member
2026-01-21 02:38:42,301 - label - INFO - User 1398275867 is subscribed to channel
2026-01-21 04:33:52,247 - label - INFO - handle_user_info called with data: user_info_8230252944
2026-01-21 04:33:52,248 - label - INFO - Extracted user_id: 8230252944
2026-01-21 04:34:02,460 - label - INFO - admin_back called by user 464793425
2026-01-21 04:34:02,461 - label - INFO - User 464793425 has admin access, showing admin panel
2026-01-21 04:34:02,528 - label - INFO - Admin panel successfully displayed
2026-01-21 07:58:41,917 - label - INFO - Checking subscription for user 464793425: status = creator
2026-01-21 07:58:41,975 - label - INFO - User 464793425 is subscribed to channel
2026-01-21 07:58:46,392 - label - INFO - Checking subscription for user 464793425: status = creator
2026-01-21 07:58:46,393 - label - INFO - User 464793425 is subscribed to channel
2026-01-21 09:59:27,035 - label - ERROR - ⏱️ Timeout in exception: HTTPSConnectionPool(host='api.telegram.org', port=443): Read timed out. (read timeout=30)
2026-01-21 09:59:27,035 - connection - ERROR - Timeout exception: HTTPSConnectionPool(host='api.telegram.org', port=443): Read timed out. (read timeout=30)
2026-01-21 09:59:30,035 - label - ERROR - 🔄 Retrying in 5 seconds...
2026-01-21 09:59:35,229 - label - INFO - ✅ Database connection OK
2026-01-21 09:59:35,229 - label - INFO - 🤖 Starting Telegram bot...
2026-01-21 10:00:00,587 - label - ERROR - ❌ Telegram API error: A request to the Telegram API was unsuccessful. Error code: 409. Description: Conflict: terminated by other getUpdates request; make sure that only one bot instance is running
2026-01-21 10:00:00,588 - connection - ERROR - API Error: A request to the Telegram API was unsuccessful. Error code: 409. Description: Conflict: terminated by other getUpdates request; make sure that only one bot instance is running
2026-01-21 10:00:00,588 - label - ERROR - 🚨 CRITICAL: Multiple bot instances detected!
2026-01-21 10:00:00,695 - label - ERROR - 🛑 Another bot instance is already running with the same token
2026-01-21 10:00:00,695 - label - ERROR - 💡 Please stop all other bot instances before starting this one
2026-01-21 10:00:00,696 - connection - ERROR - Multiple bot instances conflict
2026-01-21 10:00:10,696 - label - ERROR - 🔄 Retrying in 5 seconds...
2026-01-21 10:00:15,708 - label - INFO - ✅ Database connection OK
2026-01-21 10:00:15,708 - label - INFO - 🤖 Starting Telegram bot...
2026-01-21 15:46:15,153 - label - INFO - Checking subscription for user 1398275867: status = member
2026-01-21 15:46:15,153 - label - INFO - User 1398275867 is subscribed to channel
2026-01-21 15:49:45,003 - label - INFO - Checking subscription for user 464793425: status = creator
2026-01-21 15:49:45,003 - label - INFO - User 464793425 is subscribed to channel
2026-01-21 15:49:48,088 - label - INFO - Checking subscription for user 464793425: status = creator
2026-01-21 15:49:48,088 - label - INFO - User 464793425 is subscribed to channel
2026-01-21 15:49:49,588 - label - ERROR - Pool error getting connection: connection pool exhausted
2026-01-21 15:49:51,389 - label - ERROR - Pool error getting connection: connection pool exhausted
2026-01-21 15:49:51,389 - label - ERROR - Failed to get DB connection after 2 attempts for user 464793425
2026-01-21 15:49:53,404 - label - INFO - Checking subscription for user 464793425: status = creator
2026-01-21 15:49:53,405 - label - INFO - User 464793425 is subscribed to channel
2026-01-21 15:49:54,905 - label - ERROR - Pool error getting connection: connection pool exhausted
2026-01-21 15:49:56,706 - label - ERROR - Pool error getting connection: connection pool exhausted
2026-01-21 15:49:56,706 - label - ERROR - Failed to get DB connection after 2 attempts for user 464793425
2026-01-21 15:49:58,425 - label - INFO - Checking subscription for user 464793425: status = creator
2026-01-21 15:49:58,427 - label - INFO - User 464793425 is subscribed to channel
2026-01-21 15:50:01,853 - label - INFO - Checking subscription for user 464793425: status = creator
2026-01-21 15:50:01,854 - label - INFO - User 464793425 is subscribed to channel
2026-01-21 15:50:04,021 - label - INFO - Checking subscription for user 464793425: status = creator
2026-01-21 15:50:04,021 - label - INFO - User 464793425 is subscribed to channel
2026-01-21 15:50:05,522 - label - ERROR - Pool error getting connection: connection pool exhausted
2026-01-21 15:50:07,322 - label - ERROR - Pool error getting connection: connection pool exhausted
2026-01-21 15:50:07,323 - label - ERROR - Failed to get DB connection after 2 attempts for user 464793425
2026-01-21 15:50:09,753 - label - INFO - Checking subscription for user 464793425: status = creator
2026-01-21 15:50:09,754 - label - INFO - User 464793425 is subscribed to channel
2026-01-21 15:50:11,254 - label - ERROR - Pool error getting connection: connection pool exhausted
2026-01-21 15:50:13,055 - label - ERROR - Pool error getting connection: connection pool exhausted
2026-01-21 15:50:13,055 - label - ERROR - Failed to get DB connection after 2 attempts for user 464793425
2026-01-21 15:52:25,109 - label - INFO - Checking subscription for user 464793425: status = creator
2026-01-21 15:52:25,110 - label - INFO - User 464793425 is subscribed to channel
2026-01-21 15:52:26,610 - label - ERROR - Pool error getting connection: connection pool exhausted
2026-01-21 15:52:28,411 - label - ERROR - Pool error getting connection: connection pool exhausted
2026-01-21 15:52:28,411 - label - ERROR - Failed to get DB connection after 2 attempts for user 464793425
2026-01-21 16:00:13,938 - label - INFO - YooKassa configured with account_id: 1215507
2026-01-21 16:00:14,343 - label - INFO - ✅ YooKassa configuration test successful with new credentials
2026-01-21 16:00:14,443 - label - INFO - ✅ Таймауты API настроены: READ=30s, CONNECT=10s
2026-01-21 16:00:14,443 - label - INFO - 🤖 Starting Telegram bot...
2026-01-21 16:00:23,674 - label - INFO - YooKassa configured with account_id: 1215507
2026-01-21 16:00:24,277 - label - INFO - ✅ YooKassa configuration test successful with new credentials
2026-01-21 16:00:24,363 - label - INFO - ✅ Таймауты API настроены: READ=30s, CONNECT=10s
2026-01-21 16:00:24,364 - label - INFO - 🤖 Starting Telegram bot...
2026-01-21 16:00:58,716 - label - INFO - Checking subscription for user 1398275867: status = member
2026-01-21 16:00:58,717 - label - INFO - User 1398275867 is subscribed to channel
2026-01-21 16:00:59,277 - label - INFO - ✅ PostgreSQL connection pool initialized
2026-01-21 16:02:09,989 - label - INFO - Checking subscription for user 1398275867: status = member
2026-01-21 16:02:09,989 - label - INFO - User 1398275867 is subscribed to channel
2026-01-21 16:24:24,452 - label - INFO - Checking subscription for user 1398275867: status = member
2026-01-21 16:24:24,525 - label - INFO - User 1398275867 is subscribed to channel
2026-01-21 16:25:52,030 - label - INFO - Checking subscription for user 1398275867: status = member
2026-01-21 16:25:52,030 - label - INFO - User 1398275867 is subscribed to channel
2026-01-21 16:26:26,088 - label - INFO - YooKassa configured with account_id: 1215507
2026-01-21 16:26:27,570 - label - INFO - ✅ YooKassa configuration test successful with new credentials
2026-01-21 16:26:27,666 - label - INFO - ✅ Таймауты API настроены: READ=30s, CONNECT=10s
2026-01-21 16:26:27,666 - label - INFO - 🤖 Starting Telegram bot...
2026-01-21 16:29:22,771 - label - INFO - YooKassa configured with account_id: 1215507
2026-01-21 16:29:22,971 - label - INFO - ✅ YooKassa configuration test successful with new credentials
2026-01-21 16:29:23,067 - label - INFO - ✅ Таймауты API настроены: READ=30s, CONNECT=10s
2026-01-21 16:29:23,067 - label - INFO - 🤖 Starting Telegram bot...
2026-01-21 16:29:46,128 - label - INFO - Checking subscription for user 1398275867: status = member
2026-01-21 16:29:46,128 - label - INFO - User 1398275867 is subscribed to channel
2026-01-21 16:29:46,269 - label - INFO - ✅ PostgreSQL connection pool initialized
2026-01-21 16:30:00,598 - label - INFO - YooKassa configured with account_id: 1215507
2026-01-21 16:30:00,871 - label - INFO - ✅ YooKassa configuration test successful with new credentials
2026-01-21 16:30:01,039 - label - INFO - ✅ Таймауты API настроены: READ=30s, CONNECT=10s
2026-01-21 16:30:01,039 - label - INFO - 🤖 Starting Telegram bot...
2026-01-21 16:30:01,278 - TeleBot - ERROR - Threaded polling exception: A request to the Telegram API was unsuccessful. Error code: 409. Description: Conflict: terminated by other getUpdates request; make sure that only one bot instance is running
2026-01-21 16:30:01,279 - TeleBot - ERROR - Exception traceback:
Traceback (most recent call last):
  File "/home/goida/label/bot0/venv/lib/python3.11/site-packages/telebot/__init__.py", line 1234, in __threaded_polling
    polling_thread.raise_exceptions()
  File "/home/goida/label/bot0/venv/lib/python3.11/site-packages/telebot/util.py", line 115, in raise_exceptions
    raise self.exception_info
  File "/home/goida/label/bot0/venv/lib/python3.11/site-packages/telebot/util.py", line 97, in run
    task(*args, **kwargs)
  File "/home/goida/label/bot0/venv/lib/python3.11/site-packages/telebot/__init__.py", line 688, in __retrieve_updates
    updates = self.get_updates(offset=(self.last_update_id + 1),
              ^^^^^^^^^^^^^^^^^^^^^^^^^^^^^^^^^^^^^^^^^^^^^^^^^^
  File "/home/goida/label/bot0/venv/lib/python3.11/site-packages/telebot/__init__.py", line 660, in get_updates
    json_updates = apihelper.get_updates(
                   ^^^^^^^^^^^^^^^^^^^^^^
  File "/home/goida/label/bot0/venv/lib/python3.11/site-packages/telebot/apihelper.py", line 339, in get_updates
    return _make_request(token, method_url, params=payload)
           ^^^^^^^^^^^^^^^^^^^^^^^^^^^^^^^^^^^^^^^^^^^^^^^^
  File "/home/goida/label/bot0/venv/lib/python3.11/site-packages/telebot/apihelper.py", line 168, in _make_request
    json_result = _check_result(method_name, result)
                  ^^^^^^^^^^^^^^^^^^^^^^^^^^^^^^^^^^
  File "/home/goida/label/bot0/venv/lib/python3.11/site-packages/telebot/apihelper.py", line 197, in _check_result
    raise ApiTelegramException(method_name, result, result_json)
telebot.apihelper.ApiTelegramException: A request to the Telegram API was unsuccessful. Error code: 409. Description: Conflict: terminated by other getUpdates request; make sure that only one bot instance is running

2026-01-21 16:30:05,581 - label - ERROR - ❌ Telegram API error: A request to the Telegram API was unsuccessful. Error code: 409. Description: Conflict: terminated by other getUpdates request; make sure that only one bot instance is running
2026-01-21 16:30:05,581 - connection - ERROR - API Error: A request to the Telegram API was unsuccessful. Error code: 409. Description: Conflict: terminated by other getUpdates request; make sure that only one bot instance is running
2026-01-21 16:30:05,581 - label - ERROR - 🚨 CRITICAL: Multiple bot instances detected!
2026-01-21 16:30:05,582 - label - ERROR - 🛑 Another bot instance is already running with the same token
2026-01-21 16:30:05,582 - label - ERROR - 💡 Please stop all other bot instances before starting this one
2026-01-21 16:30:05,582 - connection - ERROR - Multiple bot instances conflict
2026-01-21 16:30:15,582 - label - ERROR - 🔄 Retrying in 5 seconds...
2026-01-21 16:30:20,606 - label - INFO - ✅ PostgreSQL connection pool initialized
2026-01-21 16:30:20,607 - label - INFO - ✅ Database connection OK
2026-01-21 16:30:20,607 - label - INFO - 🤖 Starting Telegram bot...
2026-01-21 16:30:20,695 - TeleBot - ERROR - Threaded polling exception: A request to the Telegram API was unsuccessful. Error code: 409. Description: Conflict: terminated by other getUpdates request; make sure that only one bot instance is running
2026-01-21 16:30:20,696 - TeleBot - ERROR - Exception traceback:
Traceback (most recent call last):
  File "/home/goida/label/bot0/venv/lib/python3.11/site-packages/telebot/__init__.py", line 1234, in __threaded_polling
    polling_thread.raise_exceptions()
  File "/home/goida/label/bot0/venv/lib/python3.11/site-packages/telebot/util.py", line 115, in raise_exceptions
    raise self.exception_info
  File "/home/goida/label/bot0/venv/lib/python3.11/site-packages/telebot/util.py", line 97, in run
    task(*args, **kwargs)
  File "/home/goida/label/bot0/venv/lib/python3.11/site-packages/telebot/__init__.py", line 688, in __retrieve_updates
    updates = self.get_updates(offset=(self.last_update_id + 1),
              ^^^^^^^^^^^^^^^^^^^^^^^^^^^^^^^^^^^^^^^^^^^^^^^^^^
  File "/home/goida/label/bot0/venv/lib/python3.11/site-packages/telebot/__init__.py", line 660, in get_updates
    json_updates = apihelper.get_updates(
                   ^^^^^^^^^^^^^^^^^^^^^^
  File "/home/goida/label/bot0/venv/lib/python3.11/site-packages/telebot/apihelper.py", line 339, in get_updates
    return _make_request(token, method_url, params=payload)
           ^^^^^^^^^^^^^^^^^^^^^^^^^^^^^^^^^^^^^^^^^^^^^^^^
  File "/home/goida/label/bot0/venv/lib/python3.11/site-packages/telebot/apihelper.py", line 168, in _make_request
    json_result = _check_result(method_name, result)
                  ^^^^^^^^^^^^^^^^^^^^^^^^^^^^^^^^^^
  File "/home/goida/label/bot0/venv/lib/python3.11/site-packages/telebot/apihelper.py", line 197, in _check_result
    raise ApiTelegramException(method_name, result, result_json)
telebot.apihelper.ApiTelegramException: A request to the Telegram API was unsuccessful. Error code: 409. Description: Conflict: terminated by other getUpdates request; make sure that only one bot instance is running

2026-01-21 16:30:25,248 - label - ERROR - ❌ Telegram API error: A request to the Telegram API was unsuccessful. Error code: 409. Description: Conflict: terminated by other getUpdates request; make sure that only one bot instance is running
2026-01-21 16:30:25,248 - connection - ERROR - API Error: A request to the Telegram API was unsuccessful. Error code: 409. Description: Conflict: terminated by other getUpdates request; make sure that only one bot instance is running
2026-01-21 16:30:25,248 - label - ERROR - 🚨 CRITICAL: Multiple bot instances detected!
2026-01-21 16:30:25,248 - label - ERROR - 🛑 Another bot instance is already running with the same token
2026-01-21 16:30:25,248 - label - ERROR - 💡 Please stop all other bot instances before starting this one
2026-01-21 16:30:25,248 - connection - ERROR - Multiple bot instances conflict
2026-01-21 16:30:35,249 - label - ERROR - 🔄 Retrying in 5 seconds...
2026-01-21 16:30:40,250 - label - INFO - ✅ Database connection OK
2026-01-21 16:30:40,250 - label - INFO - 🤖 Starting Telegram bot...
2026-01-21 16:30:40,306 - TeleBot - ERROR - Threaded polling exception: A request to the Telegram API was unsuccessful. Error code: 409. Description: Conflict: terminated by other getUpdates request; make sure that only one bot instance is running
2026-01-21 16:30:40,307 - TeleBot - ERROR - Exception traceback:
Traceback (most recent call last):
  File "/home/goida/label/bot0/venv/lib/python3.11/site-packages/telebot/__init__.py", line 1234, in __threaded_polling
    polling_thread.raise_exceptions()
  File "/home/goida/label/bot0/venv/lib/python3.11/site-packages/telebot/util.py", line 115, in raise_exceptions
    raise self.exception_info
  File "/home/goida/label/bot0/venv/lib/python3.11/site-packages/telebot/util.py", line 97, in run
    task(*args, **kwargs)
  File "/home/goida/label/bot0/venv/lib/python3.11/site-packages/telebot/__init__.py", line 688, in __retrieve_updates
    updates = self.get_updates(offset=(self.last_update_id + 1),
              ^^^^^^^^^^^^^^^^^^^^^^^^^^^^^^^^^^^^^^^^^^^^^^^^^^
  File "/home/goida/label/bot0/venv/lib/python3.11/site-packages/telebot/__init__.py", line 660, in get_updates
    json_updates = apihelper.get_updates(
                   ^^^^^^^^^^^^^^^^^^^^^^
  File "/home/goida/label/bot0/venv/lib/python3.11/site-packages/telebot/apihelper.py", line 339, in get_updates
    return _make_request(token, method_url, params=payload)
           ^^^^^^^^^^^^^^^^^^^^^^^^^^^^^^^^^^^^^^^^^^^^^^^^
  File "/home/goida/label/bot0/venv/lib/python3.11/site-packages/telebot/apihelper.py", line 168, in _make_request
    json_result = _check_result(method_name, result)
                  ^^^^^^^^^^^^^^^^^^^^^^^^^^^^^^^^^^
  File "/home/goida/label/bot0/venv/lib/python3.11/site-packages/telebot/apihelper.py", line 197, in _check_result
    raise ApiTelegramException(method_name, result, result_json)
telebot.apihelper.ApiTelegramException: A request to the Telegram API was unsuccessful. Error code: 409. Description: Conflict: terminated by other getUpdates request; make sure that only one bot instance is running

2026-01-21 16:30:45,325 - label - INFO - YooKassa configured with account_id: 1215507
2026-01-21 16:30:45,493 - label - INFO - ✅ YooKassa configuration test successful with new credentials
2026-01-21 16:30:45,597 - label - INFO - ✅ Таймауты API настроены: READ=30s, CONNECT=10s
2026-01-21 16:30:45,597 - label - INFO - 🤖 Starting Telegram bot...
2026-01-21 16:30:47,197 - label - INFO - Checking subscription for user 1398275867: status = member
2026-01-21 16:30:47,197 - label - INFO - User 1398275867 is subscribed to channel
2026-01-21 16:30:47,221 - label - INFO - ✅ PostgreSQL connection pool initialized
2026-01-21 16:30:50,847 - label - INFO - Checking subscription for user 1398275867: status = member
2026-01-21 16:30:50,847 - label - INFO - User 1398275867 is subscribed to channel
2026-01-21 16:31:29,474 - label - INFO - YooKassa configured with account_id: 1215507
2026-01-21 16:31:29,668 - label - INFO - ✅ YooKassa configuration test successful with new credentials
2026-01-21 16:31:29,765 - label - INFO - ✅ Таймауты API настроены: READ=30s, CONNECT=10s
2026-01-21 16:31:29,765 - label - INFO - 🤖 Starting Telegram bot...
2026-01-21 16:31:29,957 - TeleBot - ERROR - Threaded polling exception: A request to the Telegram API was unsuccessful. Error code: 409. Description: Conflict: terminated by other getUpdates request; make sure that only one bot instance is running
2026-01-21 16:31:29,958 - TeleBot - ERROR - Exception traceback:
Traceback (most recent call last):
  File "/home/goida/label/bot0/venv/lib/python3.11/site-packages/telebot/__init__.py", line 1234, in __threaded_polling
    polling_thread.raise_exceptions()
  File "/home/goida/label/bot0/venv/lib/python3.11/site-packages/telebot/util.py", line 115, in raise_exceptions
    raise self.exception_info
  File "/home/goida/label/bot0/venv/lib/python3.11/site-packages/telebot/util.py", line 97, in run
    task(*args, **kwargs)
  File "/home/goida/label/bot0/venv/lib/python3.11/site-packages/telebot/__init__.py", line 688, in __retrieve_updates
    updates = self.get_updates(offset=(self.last_update_id + 1),
              ^^^^^^^^^^^^^^^^^^^^^^^^^^^^^^^^^^^^^^^^^^^^^^^^^^
  File "/home/goida/label/bot0/venv/lib/python3.11/site-packages/telebot/__init__.py", line 660, in get_updates
    json_updates = apihelper.get_updates(
                   ^^^^^^^^^^^^^^^^^^^^^^
  File "/home/goida/label/bot0/venv/lib/python3.11/site-packages/telebot/apihelper.py", line 339, in get_updates
    return _make_request(token, method_url, params=payload)
           ^^^^^^^^^^^^^^^^^^^^^^^^^^^^^^^^^^^^^^^^^^^^^^^^
  File "/home/goida/label/bot0/venv/lib/python3.11/site-packages/telebot/apihelper.py", line 168, in _make_request
    json_result = _check_result(method_name, result)
                  ^^^^^^^^^^^^^^^^^^^^^^^^^^^^^^^^^^
  File "/home/goida/label/bot0/venv/lib/python3.11/site-packages/telebot/apihelper.py", line 197, in _check_result
    raise ApiTelegramException(method_name, result, result_json)
telebot.apihelper.ApiTelegramException: A request to the Telegram API was unsuccessful. Error code: 409. Description: Conflict: terminated by other getUpdates request; make sure that only one bot instance is running

2026-01-21 16:31:34,261 - label - ERROR - ❌ Telegram API error: A request to the Telegram API was unsuccessful. Error code: 409. Description: Conflict: terminated by other getUpdates request; make sure that only one bot instance is running
2026-01-21 16:31:34,261 - connection - ERROR - API Error: A request to the Telegram API was unsuccessful. Error code: 409. Description: Conflict: terminated by other getUpdates request; make sure that only one bot instance is running
2026-01-21 16:31:34,261 - label - ERROR - 🚨 CRITICAL: Multiple bot instances detected!
2026-01-21 16:31:34,261 - label - ERROR - 🛑 Another bot instance is already running with the same token
2026-01-21 16:31:34,262 - label - ERROR - 💡 Please stop all other bot instances before starting this one
2026-01-21 16:31:34,262 - connection - ERROR - Multiple bot instances conflict
2026-01-21 16:31:44,262 - label - ERROR - 🔄 Retrying in 5 seconds...
2026-01-21 16:31:49,285 - label - INFO - ✅ PostgreSQL connection pool initialized
2026-01-21 16:31:49,286 - label - INFO - ✅ Database connection OK
2026-01-21 16:31:49,286 - label - INFO - 🤖 Starting Telegram bot...
2026-01-21 16:31:49,339 - TeleBot - ERROR - Threaded polling exception: A request to the Telegram API was unsuccessful. Error code: 409. Description: Conflict: terminated by other getUpdates request; make sure that only one bot instance is running
2026-01-21 16:31:49,340 - TeleBot - ERROR - Exception traceback:
Traceback (most recent call last):
  File "/home/goida/label/bot0/venv/lib/python3.11/site-packages/telebot/__init__.py", line 1234, in __threaded_polling
    polling_thread.raise_exceptions()
  File "/home/goida/label/bot0/venv/lib/python3.11/site-packages/telebot/util.py", line 115, in raise_exceptions
    raise self.exception_info
  File "/home/goida/label/bot0/venv/lib/python3.11/site-packages/telebot/util.py", line 97, in run
    task(*args, **kwargs)
  File "/home/goida/label/bot0/venv/lib/python3.11/site-packages/telebot/__init__.py", line 688, in __retrieve_updates
    updates = self.get_updates(offset=(self.last_update_id + 1),
              ^^^^^^^^^^^^^^^^^^^^^^^^^^^^^^^^^^^^^^^^^^^^^^^^^^
  File "/home/goida/label/bot0/venv/lib/python3.11/site-packages/telebot/__init__.py", line 660, in get_updates
    json_updates = apihelper.get_updates(
                   ^^^^^^^^^^^^^^^^^^^^^^
  File "/home/goida/label/bot0/venv/lib/python3.11/site-packages/telebot/apihelper.py", line 339, in get_updates
    return _make_request(token, method_url, params=payload)
           ^^^^^^^^^^^^^^^^^^^^^^^^^^^^^^^^^^^^^^^^^^^^^^^^
  File "/home/goida/label/bot0/venv/lib/python3.11/site-packages/telebot/apihelper.py", line 168, in _make_request
    json_result = _check_result(method_name, result)
                  ^^^^^^^^^^^^^^^^^^^^^^^^^^^^^^^^^^
  File "/home/goida/label/bot0/venv/lib/python3.11/site-packages/telebot/apihelper.py", line 197, in _check_result
    raise ApiTelegramException(method_name, result, result_json)
telebot.apihelper.ApiTelegramException: A request to the Telegram API was unsuccessful. Error code: 409. Description: Conflict: terminated by other getUpdates request; make sure that only one bot instance is running

2026-01-21 16:31:53,893 - label - ERROR - ❌ Telegram API error: A request to the Telegram API was unsuccessful. Error code: 409. Description: Conflict: terminated by other getUpdates request; make sure that only one bot instance is running
2026-01-21 16:31:53,894 - connection - ERROR - API Error: A request to the Telegram API was unsuccessful. Error code: 409. Description: Conflict: terminated by other getUpdates request; make sure that only one bot instance is running
2026-01-21 16:31:53,894 - label - ERROR - 🚨 CRITICAL: Multiple bot instances detected!
2026-01-21 16:31:53,894 - label - ERROR - 🛑 Another bot instance is already running with the same token
2026-01-21 16:31:53,894 - label - ERROR - 💡 Please stop all other bot instances before starting this one
2026-01-21 16:31:53,894 - connection - ERROR - Multiple bot instances conflict
2026-01-21 16:31:57,401 - label - INFO - Checking subscription for user 1398275867: status = member
2026-01-21 16:31:57,401 - label - INFO - User 1398275867 is subscribed to channel
2026-01-21 16:32:03,894 - label - ERROR - 🔄 Retrying in 5 seconds...
2026-01-21 16:32:08,895 - label - INFO - ✅ Database connection OK
2026-01-21 16:32:08,895 - label - INFO - 🤖 Starting Telegram bot...
2026-01-21 16:32:09,203 - TeleBot - ERROR - Threaded polling exception: A request to the Telegram API was unsuccessful. Error code: 409. Description: Conflict: terminated by other getUpdates request; make sure that only one bot instance is running
2026-01-21 16:32:09,204 - TeleBot - ERROR - Exception traceback:
Traceback (most recent call last):
  File "/home/goida/label/bot0/venv/lib/python3.11/site-packages/telebot/__init__.py", line 1234, in __threaded_polling
    polling_thread.raise_exceptions()
  File "/home/goida/label/bot0/venv/lib/python3.11/site-packages/telebot/util.py", line 115, in raise_exceptions
    raise self.exception_info
  File "/home/goida/label/bot0/venv/lib/python3.11/site-packages/telebot/util.py", line 97, in run
    task(*args, **kwargs)
  File "/home/goida/label/bot0/venv/lib/python3.11/site-packages/telebot/__init__.py", line 688, in __retrieve_updates
    updates = self.get_updates(offset=(self.last_update_id + 1),
              ^^^^^^^^^^^^^^^^^^^^^^^^^^^^^^^^^^^^^^^^^^^^^^^^^^
  File "/home/goida/label/bot0/venv/lib/python3.11/site-packages/telebot/__init__.py", line 660, in get_updates
    json_updates = apihelper.get_updates(
                   ^^^^^^^^^^^^^^^^^^^^^^
  File "/home/goida/label/bot0/venv/lib/python3.11/site-packages/telebot/apihelper.py", line 339, in get_updates
    return _make_request(token, method_url, params=payload)
           ^^^^^^^^^^^^^^^^^^^^^^^^^^^^^^^^^^^^^^^^^^^^^^^^
  File "/home/goida/label/bot0/venv/lib/python3.11/site-packages/telebot/apihelper.py", line 168, in _make_request
    json_result = _check_result(method_name, result)
                  ^^^^^^^^^^^^^^^^^^^^^^^^^^^^^^^^^^
  File "/home/goida/label/bot0/venv/lib/python3.11/site-packages/telebot/apihelper.py", line 197, in _check_result
    raise ApiTelegramException(method_name, result, result_json)
telebot.apihelper.ApiTelegramException: A request to the Telegram API was unsuccessful. Error code: 409. Description: Conflict: terminated by other getUpdates request; make sure that only one bot instance is running

2026-01-21 16:32:13,511 - label - ERROR - ❌ Telegram API error: A request to the Telegram API was unsuccessful. Error code: 409. Description: Conflict: terminated by other getUpdates request; make sure that only one bot instance is running
2026-01-21 16:32:13,511 - connection - ERROR - API Error: A request to the Telegram API was unsuccessful. Error code: 409. Description: Conflict: terminated by other getUpdates request; make sure that only one bot instance is running
2026-01-21 16:32:13,511 - label - ERROR - 🚨 CRITICAL: Multiple bot instances detected!
2026-01-21 16:32:13,511 - label - ERROR - 🛑 Another bot instance is already running with the same token
2026-01-21 16:32:13,511 - label - ERROR - 💡 Please stop all other bot instances before starting this one
2026-01-21 16:32:13,511 - connection - ERROR - Multiple bot instances conflict
2026-01-21 16:32:23,512 - label - ERROR - 🔄 Retrying in 5 seconds...
2026-01-21 16:32:28,513 - label - INFO - ✅ Database connection OK
2026-01-21 16:32:28,513 - label - INFO - 🤖 Starting Telegram bot...
2026-01-21 16:32:28,570 - TeleBot - ERROR - Threaded polling exception: A request to the Telegram API was unsuccessful. Error code: 409. Description: Conflict: terminated by other getUpdates request; make sure that only one bot instance is running
2026-01-21 16:32:28,571 - TeleBot - ERROR - Exception traceback:
Traceback (most recent call last):
  File "/home/goida/label/bot0/venv/lib/python3.11/site-packages/telebot/__init__.py", line 1234, in __threaded_polling
    polling_thread.raise_exceptions()
  File "/home/goida/label/bot0/venv/lib/python3.11/site-packages/telebot/util.py", line 115, in raise_exceptions
    raise self.exception_info
  File "/home/goida/label/bot0/venv/lib/python3.11/site-packages/telebot/util.py", line 97, in run
    task(*args, **kwargs)
  File "/home/goida/label/bot0/venv/lib/python3.11/site-packages/telebot/__init__.py", line 688, in __retrieve_updates
    updates = self.get_updates(offset=(self.last_update_id + 1),
              ^^^^^^^^^^^^^^^^^^^^^^^^^^^^^^^^^^^^^^^^^^^^^^^^^^
  File "/home/goida/label/bot0/venv/lib/python3.11/site-packages/telebot/__init__.py", line 660, in get_updates
    json_updates = apihelper.get_updates(
                   ^^^^^^^^^^^^^^^^^^^^^^
  File "/home/goida/label/bot0/venv/lib/python3.11/site-packages/telebot/apihelper.py", line 339, in get_updates
    return _make_request(token, method_url, params=payload)
           ^^^^^^^^^^^^^^^^^^^^^^^^^^^^^^^^^^^^^^^^^^^^^^^^
  File "/home/goida/label/bot0/venv/lib/python3.11/site-packages/telebot/apihelper.py", line 168, in _make_request
    json_result = _check_result(method_name, result)
                  ^^^^^^^^^^^^^^^^^^^^^^^^^^^^^^^^^^
  File "/home/goida/label/bot0/venv/lib/python3.11/site-packages/telebot/apihelper.py", line 197, in _check_result
    raise ApiTelegramException(method_name, result, result_json)
telebot.apihelper.ApiTelegramException: A request to the Telegram API was unsuccessful. Error code: 409. Description: Conflict: terminated by other getUpdates request; make sure that only one bot instance is running

2026-01-21 16:32:33,396 - label - ERROR - ❌ Telegram API error: A request to the Telegram API was unsuccessful. Error code: 409. Description: Conflict: terminated by other getUpdates request; make sure that only one bot instance is running
2026-01-21 16:32:33,396 - connection - ERROR - API Error: A request to the Telegram API was unsuccessful. Error code: 409. Description: Conflict: terminated by other getUpdates request; make sure that only one bot instance is running
2026-01-21 16:32:33,396 - label - ERROR - 🚨 CRITICAL: Multiple bot instances detected!
2026-01-21 16:32:33,396 - label - ERROR - 🛑 Another bot instance is already running with the same token
2026-01-21 16:32:33,396 - label - ERROR - 💡 Please stop all other bot instances before starting this one
2026-01-21 16:32:33,396 - connection - ERROR - Multiple bot instances conflict
2026-01-21 16:32:43,397 - label - ERROR - 🔄 Retrying in 5 seconds...
2026-01-21 16:32:48,398 - label - INFO - ✅ Database connection OK
2026-01-21 16:32:48,398 - label - INFO - 🤖 Starting Telegram bot...
2026-01-21 16:32:48,451 - TeleBot - ERROR - Threaded polling exception: A request to the Telegram API was unsuccessful. Error code: 409. Description: Conflict: terminated by other getUpdates request; make sure that only one bot instance is running
2026-01-21 16:32:48,452 - TeleBot - ERROR - Exception traceback:
Traceback (most recent call last):
  File "/home/goida/label/bot0/venv/lib/python3.11/site-packages/telebot/__init__.py", line 1234, in __threaded_polling
    polling_thread.raise_exceptions()
  File "/home/goida/label/bot0/venv/lib/python3.11/site-packages/telebot/util.py", line 115, in raise_exceptions
    raise self.exception_info
  File "/home/goida/label/bot0/venv/lib/python3.11/site-packages/telebot/util.py", line 97, in run
    task(*args, **kwargs)
  File "/home/goida/label/bot0/venv/lib/python3.11/site-packages/telebot/__init__.py", line 688, in __retrieve_updates
    updates = self.get_updates(offset=(self.last_update_id + 1),
              ^^^^^^^^^^^^^^^^^^^^^^^^^^^^^^^^^^^^^^^^^^^^^^^^^^
  File "/home/goida/label/bot0/venv/lib/python3.11/site-packages/telebot/__init__.py", line 660, in get_updates
    json_updates = apihelper.get_updates(
                   ^^^^^^^^^^^^^^^^^^^^^^
  File "/home/goida/label/bot0/venv/lib/python3.11/site-packages/telebot/apihelper.py", line 339, in get_updates
    return _make_request(token, method_url, params=payload)
           ^^^^^^^^^^^^^^^^^^^^^^^^^^^^^^^^^^^^^^^^^^^^^^^^
  File "/home/goida/label/bot0/venv/lib/python3.11/site-packages/telebot/apihelper.py", line 168, in _make_request
    json_result = _check_result(method_name, result)
                  ^^^^^^^^^^^^^^^^^^^^^^^^^^^^^^^^^^
  File "/home/goida/label/bot0/venv/lib/python3.11/site-packages/telebot/apihelper.py", line 197, in _check_result
    raise ApiTelegramException(method_name, result, result_json)
telebot.apihelper.ApiTelegramException: A request to the Telegram API was unsuccessful. Error code: 409. Description: Conflict: terminated by other getUpdates request; make sure that only one bot instance is running

2026-01-21 16:32:53,506 - label - ERROR - ❌ Telegram API error: A request to the Telegram API was unsuccessful. Error code: 409. Description: Conflict: terminated by other getUpdates request; make sure that only one bot instance is running
2026-01-21 16:32:53,506 - connection - ERROR - API Error: A request to the Telegram API was unsuccessful. Error code: 409. Description: Conflict: terminated by other getUpdates request; make sure that only one bot instance is running
2026-01-21 16:32:53,506 - label - ERROR - 🚨 CRITICAL: Multiple bot instances detected!
2026-01-21 16:32:53,506 - label - ERROR - 🛑 Another bot instance is already running with the same token
2026-01-21 16:32:53,506 - label - ERROR - 💡 Please stop all other bot instances before starting this one
2026-01-21 16:32:53,506 - connection - ERROR - Multiple bot instances conflict
2026-01-21 16:33:25,539 - label - INFO - YooKassa configured with account_id: 1215507
2026-01-21 16:33:25,990 - label - INFO - ✅ YooKassa configuration test successful with new credentials
2026-01-21 16:33:26,090 - label - INFO - ✅ Таймауты API настроены: READ=30s, CONNECT=10s
2026-01-21 16:33:26,091 - label - INFO - 🤖 Starting Telegram bot...
2026-01-21 16:33:27,675 - label - INFO - Checking subscription for user 1398275867: status = member
2026-01-21 16:33:27,675 - label - INFO - User 1398275867 is subscribed to channel
2026-01-21 16:33:27,821 - label - INFO - ✅ PostgreSQL connection pool initialized
2026-01-21 16:33:32,076 - label - INFO - Checking subscription for user 1398275867: status = member
2026-01-21 16:33:32,076 - label - INFO - User 1398275867 is subscribed to channel
2026-01-21 16:33:39,836 - label - INFO - Checking subscription for user 1398275867: status = member
2026-01-21 16:33:39,836 - label - INFO - User 1398275867 is subscribed to channel
2026-01-21 16:34:17,609 - label - INFO - Checking subscription for user 1398275867: status = member
2026-01-21 16:34:17,609 - label - INFO - User 1398275867 is subscribed to channel
2026-01-21 16:34:20,758 - label - INFO - Checking subscription for user 1398275867: status = member
2026-01-21 16:34:20,759 - label - INFO - User 1398275867 is subscribed to channel
2026-01-21 16:34:24,764 - label - INFO - Checking subscription for user 1398275867: status = member
2026-01-21 16:34:24,765 - label - INFO - User 1398275867 is subscribed to channel
2026-01-21 16:34:29,610 - label - INFO - Checking subscription for user 1398275867: status = member
2026-01-21 16:34:29,610 - label - INFO - User 1398275867 is subscribed to channel
2026-01-21 16:34:30,943 - label - INFO - Checking subscription for user 1398275867: status = member
2026-01-21 16:34:30,944 - label - INFO - User 1398275867 is subscribed to channel
2026-01-21 16:34:37,872 - label - INFO - Checking subscription for user 1398275867: status = member
2026-01-21 16:34:37,873 - label - INFO - User 1398275867 is subscribed to channel
2026-01-21 16:34:40,083 - label - INFO - YooKassa configured with account_id: 1215507
2026-01-21 16:34:40,239 - label - INFO - ✅ YooKassa configuration test successful with new credentials
2026-01-21 16:34:40,655 - label - INFO - ✅ PostgreSQL connection pool initialized
2026-01-21 16:34:43,404 - label - INFO - Checking subscription for user 1398275867: status = member
2026-01-21 16:34:43,404 - label - INFO - User 1398275867 is subscribed to channel
2026-01-21 16:36:59,697 - label - INFO - Checking subscription for user 1398275867: status = member
2026-01-21 16:36:59,698 - label - INFO - User 1398275867 is subscribed to channel
2026-01-21 16:39:34,554 - label - INFO - YooKassa configured with account_id: 1215507
2026-01-21 16:39:34,919 - label - INFO - ✅ YooKassa configuration test successful with new credentials
2026-01-21 16:39:35,033 - label - INFO - ✅ Таймауты API настроены: READ=30s, CONNECT=10s
2026-01-21 16:39:35,037 - label - INFO - 🤖 Starting Telegram bot...
2026-01-21 16:39:51,631 - label - INFO - YooKassa configured with account_id: 1215507
2026-01-21 16:39:51,815 - label - INFO - ✅ YooKassa configuration test successful with new credentials
2026-01-21 16:39:51,903 - label - INFO - ✅ Таймауты API настроены: READ=30s, CONNECT=10s
2026-01-21 16:39:51,904 - label - INFO - 🤖 Starting Telegram bot...
2026-01-21 16:39:52,072 - label - ERROR - ❌ Telegram API error: A request to the Telegram API was unsuccessful. Error code: 409. Description: Conflict: terminated by other getUpdates request; make sure that only one bot instance is running
2026-01-21 16:39:52,072 - connection - ERROR - API Error: A request to the Telegram API was unsuccessful. Error code: 409. Description: Conflict: terminated by other getUpdates request; make sure that only one bot instance is running
2026-01-21 16:39:52,072 - label - ERROR - 🚨 CRITICAL: Multiple bot instances detected!
2026-01-21 16:39:52,072 - label - ERROR - 🛑 Another bot instance is already running with the same token
2026-01-21 16:39:52,072 - label - ERROR - 💡 Please stop all other bot instances before starting this one
2026-01-21 16:39:52,072 - connection - ERROR - Multiple bot instances conflict
2026-01-21 16:40:02,072 - label - ERROR - 🔄 Retrying in 5 seconds...
2026-01-21 16:40:07,158 - label - INFO - ✅ PostgreSQL connection pool initialized
2026-01-21 16:40:07,159 - label - INFO - ✅ Database connection OK
2026-01-21 16:40:07,159 - label - INFO - 🤖 Starting Telegram bot...
2026-01-21 16:40:07,206 - label - ERROR - ❌ Telegram API error: A request to the Telegram API was unsuccessful. Error code: 409. Description: Conflict: terminated by other getUpdates request; make sure that only one bot instance is running
2026-01-21 16:40:07,206 - connection - ERROR - API Error: A request to the Telegram API was unsuccessful. Error code: 409. Description: Conflict: terminated by other getUpdates request; make sure that only one bot instance is running
2026-01-21 16:40:07,206 - label - ERROR - 🚨 CRITICAL: Multiple bot instances detected!
2026-01-21 16:40:07,206 - label - ERROR - 🛑 Another bot instance is already running with the same token
2026-01-21 16:40:07,207 - label - ERROR - 💡 Please stop all other bot instances before starting this one
2026-01-21 16:40:07,207 - connection - ERROR - Multiple bot instances conflict
2026-01-21 16:40:17,207 - label - ERROR - 🔄 Retrying in 5 seconds...
2026-01-21 16:40:22,231 - label - INFO - ✅ PostgreSQL connection pool initialized
2026-01-21 16:40:22,232 - label - INFO - ✅ Database connection OK
2026-01-21 16:40:22,232 - label - INFO - 🤖 Starting Telegram bot...
2026-01-21 16:40:22,279 - label - ERROR - ❌ Telegram API error: A request to the Telegram API was unsuccessful. Error code: 409. Description: Conflict: terminated by other getUpdates request; make sure that only one bot instance is running
2026-01-21 16:40:22,279 - connection - ERROR - API Error: A request to the Telegram API was unsuccessful. Error code: 409. Description: Conflict: terminated by other getUpdates request; make sure that only one bot instance is running
2026-01-21 16:40:22,279 - label - ERROR - 🚨 CRITICAL: Multiple bot instances detected!
2026-01-21 16:40:22,279 - label - ERROR - 🛑 Another bot instance is already running with the same token
2026-01-21 16:40:22,279 - label - ERROR - 💡 Please stop all other bot instances before starting this one
2026-01-21 16:40:22,279 - connection - ERROR - Multiple bot instances conflict
2026-01-21 16:40:31,584 - label - INFO - Checking subscription for user 464793425: status = creator
2026-01-21 16:40:31,584 - label - INFO - User 464793425 is subscribed to channel
2026-01-21 16:40:32,280 - label - ERROR - 🔄 Retrying in 5 seconds...
2026-01-21 16:40:34,547 - label - INFO - YooKassa configured with account_id: 1215507
2026-01-21 16:40:34,720 - label - INFO - ✅ YooKassa configuration test successful with new credentials
2026-01-21 16:40:34,814 - label - INFO - ✅ Таймауты API настроены: READ=30s, CONNECT=10s
2026-01-21 16:40:34,814 - label - INFO - 🤖 Starting Telegram bot...
2026-01-21 16:40:37,322 - label - INFO - ✅ PostgreSQL connection pool initialized
2026-01-21 16:40:39,625 - label - INFO - Checking subscription for user 1398275867: status = member
2026-01-21 16:40:39,626 - label - INFO - User 1398275867 is subscribed to channel
2026-01-21 16:40:44,222 - label - INFO - YooKassa configured with account_id: 1215507
2026-01-21 16:40:44,415 - label - INFO - ✅ YooKassa configuration test successful with new credentials
2026-01-21 16:40:44,497 - label - INFO - ✅ Таймауты API настроены: READ=30s, CONNECT=10s
2026-01-21 16:40:44,497 - label - INFO - 🤖 Starting Telegram bot...
2026-01-21 16:40:46,118 - label - INFO - ✅ PostgreSQL connection pool initialized
2026-01-21 16:40:47,150 - label - INFO - Checking subscription for user 464793425: status = creator
2026-01-21 16:40:47,151 - label - INFO - User 464793425 is subscribed to channel
2026-01-21 16:40:52,222 - label - INFO - Checking subscription for user 1398275867: status = member
2026-01-21 16:40:52,222 - label - INFO - User 1398275867 is subscribed to channel
2026-01-21 16:40:54,738 - label - INFO - Checking subscription for user 1398275867: status = member
2026-01-21 16:40:54,739 - label - INFO - User 1398275867 is subscribed to channel
2026-01-21 16:40:58,427 - label - INFO - Checking subscription for user 1398275867: status = member
2026-01-21 16:40:58,427 - label - INFO - User 1398275867 is subscribed to channel
2026-01-21 16:40:59,477 - label - INFO - Checking subscription for user 1398275867: status = member
2026-01-21 16:40:59,477 - label - INFO - User 1398275867 is subscribed to channel
2026-01-21 16:41:00,523 - label - INFO - Checking subscription for user 1398275867: status = member
2026-01-21 16:41:00,524 - label - INFO - User 1398275867 is subscribed to channel
2026-01-21 16:41:01,570 - label - INFO - Checking subscription for user 1398275867: status = member
2026-01-21 16:41:01,570 - label - INFO - User 1398275867 is subscribed to channel
2026-01-21 16:41:02,652 - label - INFO - Checking subscription for user 1398275867: status = member
2026-01-21 16:41:02,653 - label - INFO - User 1398275867 is subscribed to channel
2026-01-21 16:41:05,010 - label - INFO - Checking subscription for user 1398275867: status = member
2026-01-21 16:41:05,010 - label - INFO - User 1398275867 is subscribed to channel
2026-01-21 16:41:07,622 - label - INFO - Checking subscription for user 464793425: status = creator
2026-01-21 16:41:07,622 - label - INFO - User 464793425 is subscribed to channel
2026-01-21 16:41:18,861 - label - INFO - YooKassa configured with account_id: 1215507
2026-01-21 16:41:18,861 - label - INFO - YooKassa configured with account_id: 1215507
2026-01-21 16:41:19,042 - label - INFO - ✅ YooKassa configuration test successful with new credentials
2026-01-21 16:41:19,042 - label - INFO - ✅ YooKassa configuration test successful with new credentials
2026-01-21 16:41:19,143 - label - INFO - ✅ Таймауты API настроены: READ=30s, CONNECT=10s
2026-01-21 16:41:19,143 - label - INFO - ✅ Таймауты API настроены: READ=30s, CONNECT=10s
2026-01-21 16:41:19,143 - label - INFO - 🤖 Starting Telegram bot...
2026-01-21 16:41:19,143 - label - INFO - 🤖 Starting Telegram bot...
2026-01-21 16:41:20,746 - label - INFO - Checking subscription for user 464793425: status = creator
2026-01-21 16:41:20,746 - label - INFO - Checking subscription for user 464793425: status = creator
2026-01-21 16:41:20,746 - label - INFO - User 464793425 is subscribed to channel
2026-01-21 16:41:20,746 - label - INFO - User 464793425 is subscribed to channel
2026-01-21 16:41:20,770 - label - INFO - ✅ PostgreSQL connection pool initialized
2026-01-21 16:41:20,770 - label - INFO - ✅ PostgreSQL connection pool initialized
2026-01-21 16:41:24,893 - label - INFO - Checking subscription for user 464793425: status = creator
2026-01-21 16:41:24,893 - label - INFO - Checking subscription for user 464793425: status = creator
2026-01-21 16:41:24,893 - label - INFO - User 464793425 is subscribed to channel
2026-01-21 16:41:24,893 - label - INFO - User 464793425 is subscribed to channel
2026-01-21 16:42:01,423 - label - INFO - Checking subscription for user 1398275867: status = member
2026-01-21 16:42:01,423 - label - INFO - Checking subscription for user 1398275867: status = member
2026-01-21 16:42:01,423 - label - INFO - User 1398275867 is subscribed to channel
2026-01-21 16:42:01,423 - label - INFO - User 1398275867 is subscribed to channel
2026-01-21 16:42:05,309 - label - INFO - Checking subscription for user 1398275867: status = member
2026-01-21 16:42:05,309 - label - INFO - Checking subscription for user 1398275867: status = member
2026-01-21 16:42:05,309 - label - INFO - User 1398275867 is subscribed to channel
2026-01-21 16:42:05,309 - label - INFO - User 1398275867 is subscribed to channel
2026-01-21 16:42:34,778 - label - INFO - Checking subscription for user 1398275867: status = member
2026-01-21 16:42:34,778 - label - INFO - Checking subscription for user 1398275867: status = member
2026-01-21 16:42:34,778 - label - INFO - User 1398275867 is subscribed to channel
2026-01-21 16:42:34,778 - label - INFO - User 1398275867 is subscribed to channel
2026-01-21 16:50:42,400 - label - INFO - Checking subscription for user 464793425: status = creator
2026-01-21 16:50:42,400 - label - INFO - Checking subscription for user 464793425: status = creator
2026-01-21 16:50:42,401 - label - INFO - User 464793425 is subscribed to channel
2026-01-21 16:50:42,401 - label - INFO - User 464793425 is subscribed to channel
2026-01-21 17:18:49,683 - label - INFO - Checking subscription for user 1398275867: status = member
2026-01-21 17:18:49,683 - label - INFO - Checking subscription for user 1398275867: status = member
2026-01-21 17:18:49,683 - label - INFO - User 1398275867 is subscribed to channel
2026-01-21 17:18:49,683 - label - INFO - User 1398275867 is subscribed to channel
2026-01-21 17:27:23,521 - label - INFO - Checking subscription for user 1398275867: status = member
2026-01-21 17:27:23,521 - label - INFO - Checking subscription for user 1398275867: status = member
2026-01-21 17:27:23,522 - label - INFO - User 1398275867 is subscribed to channel
2026-01-21 17:27:23,522 - label - INFO - User 1398275867 is subscribed to channel
2026-01-21 17:31:52,556 - label - INFO - Checking subscription for user 1398275867: status = member
2026-01-21 17:31:52,556 - label - INFO - Checking subscription for user 1398275867: status = member
2026-01-21 17:31:52,556 - label - INFO - User 1398275867 is subscribed to channel
2026-01-21 17:31:52,556 - label - INFO - User 1398275867 is subscribed to channel
2026-01-21 17:32:03,192 - label - INFO - Checking subscription for user 1398275867: status = member
2026-01-21 17:32:03,192 - label - INFO - Checking subscription for user 1398275867: status = member
2026-01-21 17:32:03,193 - label - INFO - User 1398275867 is subscribed to channel
2026-01-21 17:32:03,193 - label - INFO - User 1398275867 is subscribed to channel
2026-01-21 17:32:05,312 - label - INFO - Checking subscription for user 1398275867: status = member
2026-01-21 17:32:05,312 - label - INFO - Checking subscription for user 1398275867: status = member
2026-01-21 17:32:05,312 - label - INFO - User 1398275867 is subscribed to channel
2026-01-21 17:32:05,312 - label - INFO - User 1398275867 is subscribed to channel
2026-01-21 17:32:40,264 - label - INFO - Checking subscription for user 1398275867: status = member
2026-01-21 17:32:40,264 - label - INFO - Checking subscription for user 1398275867: status = member
2026-01-21 17:32:40,264 - label - INFO - User 1398275867 is subscribed to channel
2026-01-21 17:32:40,264 - label - INFO - User 1398275867 is subscribed to channel
nohup: ignoring input
2026-01-21 17:36:23,908 - label - INFO - YooKassa configured with account_id: 1215507
2026-01-21 17:36:23,908 - label - INFO - YooKassa configured with account_id: 1215507
2026-01-21 17:36:24,126 - label - INFO - ✅ YooKassa configuration test successful with new credentials
2026-01-21 17:36:24,126 - label - INFO - ✅ YooKassa configuration test successful with new credentials
2026-01-21 17:36:24,224 - label - INFO - ✅ Таймауты API настроены: READ=30s, CONNECT=10s
2026-01-21 17:36:24,224 - label - INFO - ✅ Таймауты API настроены: READ=30s, CONNECT=10s
2026-01-21 17:36:24,224 - label - INFO - 🤖 Starting Telegram bot...
2026-01-21 17:36:24,224 - label - INFO - 🤖 Starting Telegram bot...
2026-01-21 17:36:25,800 - label - INFO - Checking subscription for user 1398275867: status = member
2026-01-21 17:36:25,800 - label - INFO - Checking subscription for user 1398275867: status = member
2026-01-21 17:36:25,800 - label - INFO - User 1398275867 is subscribed to channel
2026-01-21 17:36:25,800 - label - INFO - User 1398275867 is subscribed to channel
2026-01-21 17:36:25,824 - label - INFO - ✅ PostgreSQL connection pool initialized
2026-01-21 17:36:25,824 - label - INFO - ✅ PostgreSQL connection pool initialized
2026-01-21 17:36:30,241 - label - INFO - Checking subscription for user 1398275867: status = member
2026-01-21 17:36:30,241 - label - INFO - Checking subscription for user 1398275867: status = member
2026-01-21 17:36:30,242 - label - INFO - User 1398275867 is subscribed to channel
2026-01-21 17:36:30,242 - label - INFO - User 1398275867 is subscribed to channel
2026-01-21 17:36:36,025 - label - INFO - Checking subscription for user 1398275867: status = member
2026-01-21 17:36:36,025 - label - INFO - Checking subscription for user 1398275867: status = member
2026-01-21 17:36:36,026 - label - INFO - User 1398275867 is subscribed to channel
2026-01-21 17:36:36,026 - label - INFO - User 1398275867 is subscribed to channel
2026-01-21 17:36:43,094 - label - INFO - Checking subscription for user 1398275867: status = member
2026-01-21 17:36:43,094 - label - INFO - Checking subscription for user 1398275867: status = member
2026-01-21 17:36:43,094 - label - INFO - User 1398275867 is subscribed to channel
2026-01-21 17:36:43,094 - label - INFO - User 1398275867 is subscribed to channel
2026-01-21 17:49:54,138 - label - INFO - Checking subscription for user 464793425: status = creator
2026-01-21 17:49:54,138 - label - INFO - Checking subscription for user 464793425: status = creator
2026-01-21 17:49:54,138 - label - INFO - User 464793425 is subscribed to channel
2026-01-21 17:49:54,138 - label - INFO - User 464793425 is subscribed to channel
2026-01-21 22:52:25,595 - label - ERROR - ⏱️ Timeout in exception: HTTPSConnectionPool(host='api.telegram.org', port=443): Read timed out. (read timeout=30)
2026-01-21 22:52:25,595 - label - ERROR - ⏱️ Timeout in exception: HTTPSConnectionPool(host='api.telegram.org', port=443): Read timed out. (read timeout=30)
2026-01-21 22:52:25,605 - connection - ERROR - Timeout exception: HTTPSConnectionPool(host='api.telegram.org', port=443): Read timed out. (read timeout=30)
2026-01-21 22:52:25,605 - connection - ERROR - Timeout exception: HTTPSConnectionPool(host='api.telegram.org', port=443): Read timed out. (read timeout=30)
2026-01-21 22:52:28,605 - label - ERROR - 🔄 Retrying in 5 seconds...
2026-01-21 22:52:28,605 - label - ERROR - 🔄 Retrying in 5 seconds...
2026-01-21 22:52:33,889 - label - INFO - ✅ Database connection OK
2026-01-21 22:52:33,889 - label - INFO - ✅ Database connection OK
2026-01-21 22:52:33,889 - label - INFO - 🤖 Starting Telegram bot...
2026-01-21 22:52:33,889 - label - INFO - 🤖 Starting Telegram bot...
2026-01-21 22:52:46,154 - label - ERROR - ⏱️ Timeout in exception: HTTPSConnectionPool(host='api.telegram.org', port=443): Max retries exceeded with url: /bot6285811276:AAHoVTSOok-_Bwxe1GWSSSsN7LiP5CynYas/getUpdates?offset=-1&timeout=20 (Caused by NameResolutionError("<urllib3.connection.HTTPSConnection object at 0x7f8e7b3bae90>: Failed to resolve 'api.telegram.org' ([Errno -3] Temporary failure in name resolution)"))
2026-01-21 22:52:46,154 - label - ERROR - ⏱️ Timeout in exception: HTTPSConnectionPool(host='api.telegram.org', port=443): Max retries exceeded with url: /bot6285811276:AAHoVTSOok-_Bwxe1GWSSSsN7LiP5CynYas/getUpdates?offset=-1&timeout=20 (Caused by NameResolutionError("<urllib3.connection.HTTPSConnection object at 0x7f8e7b3bae90>: Failed to resolve 'api.telegram.org' ([Errno -3] Temporary failure in name resolution)"))
2026-01-21 22:52:46,154 - connection - ERROR - Timeout exception: HTTPSConnectionPool(host='api.telegram.org', port=443): Max retries exceeded with url: /bot6285811276:AAHoVTSOok-_Bwxe1GWSSSsN7LiP5CynYas/getUpdates?offset=-1&timeout=20 (Caused by NameResolutionError("<urllib3.connection.HTTPSConnection object at 0x7f8e7b3bae90>: Failed to resolve 'api.telegram.org' ([Errno -3] Temporary failure in name resolution)"))
2026-01-21 22:52:46,154 - connection - ERROR - Timeout exception: HTTPSConnectionPool(host='api.telegram.org', port=443): Max retries exceeded with url: /bot6285811276:AAHoVTSOok-_Bwxe1GWSSSsN7LiP5CynYas/getUpdates?offset=-1&timeout=20 (Caused by NameResolutionError("<urllib3.connection.HTTPSConnection object at 0x7f8e7b3bae90>: Failed to resolve 'api.telegram.org' ([Errno -3] Temporary failure in name resolution)"))
2026-01-21 22:52:49,154 - label - ERROR - 🔄 Retrying in 5 seconds...
2026-01-21 22:52:49,154 - label - ERROR - 🔄 Retrying in 5 seconds...
2026-01-21 22:52:54,155 - label - INFO - ✅ Database connection OK
2026-01-21 22:52:54,155 - label - INFO - ✅ Database connection OK
2026-01-21 22:52:54,155 - label - INFO - 🤖 Starting Telegram bot...
2026-01-21 22:52:54,155 - label - INFO - 🤖 Starting Telegram bot...
2026-01-21 23:58:32,963 - label - ERROR - ⏱️ Timeout in exception: HTTPSConnectionPool(host='api.telegram.org', port=443): Read timed out. (read timeout=30)
2026-01-21 23:58:32,963 - label - ERROR - ⏱️ Timeout in exception: HTTPSConnectionPool(host='api.telegram.org', port=443): Read timed out. (read timeout=30)
2026-01-21 23:58:32,964 - connection - ERROR - Timeout exception: HTTPSConnectionPool(host='api.telegram.org', port=443): Read timed out. (read timeout=30)
2026-01-21 23:58:32,964 - connection - ERROR - Timeout exception: HTTPSConnectionPool(host='api.telegram.org', port=443): Read timed out. (read timeout=30)
2026-01-21 23:58:35,964 - label - ERROR - 🔄 Retrying in 5 seconds...
2026-01-21 23:58:35,964 - label - ERROR - 🔄 Retrying in 5 seconds...
2026-01-21 23:58:40,965 - label - INFO - ✅ Database connection OK
2026-01-21 23:58:40,965 - label - INFO - ✅ Database connection OK
2026-01-21 23:58:40,965 - label - INFO - 🤖 Starting Telegram bot...
2026-01-21 23:58:40,965 - label - INFO - 🤖 Starting Telegram bot...
2026-01-22 00:01:16,629 - label - ERROR - ⏱️ Timeout in exception: HTTPSConnectionPool(host='api.telegram.org', port=443): Read timed out. (read timeout=30)
2026-01-22 00:01:16,629 - label - ERROR - ⏱️ Timeout in exception: HTTPSConnectionPool(host='api.telegram.org', port=443): Read timed out. (read timeout=30)
2026-01-22 00:01:16,629 - connection - ERROR - Timeout exception: HTTPSConnectionPool(host='api.telegram.org', port=443): Read timed out. (read timeout=30)
2026-01-22 00:01:16,629 - connection - ERROR - Timeout exception: HTTPSConnectionPool(host='api.telegram.org', port=443): Read timed out. (read timeout=30)
2026-01-22 00:01:19,630 - label - ERROR - 🔄 Retrying in 5 seconds...
2026-01-22 00:01:19,630 - label - ERROR - 🔄 Retrying in 5 seconds...
2026-01-22 00:01:24,631 - label - INFO - ✅ Database connection OK
2026-01-22 00:01:24,631 - label - INFO - ✅ Database connection OK
2026-01-22 00:01:24,631 - label - INFO - 🤖 Starting Telegram bot...
2026-01-22 00:01:24,631 - label - INFO - 🤖 Starting Telegram bot...
2026-01-22 02:07:23,370 - label - ERROR - ⏱️ Timeout in exception: HTTPSConnectionPool(host='api.telegram.org', port=443): Read timed out. (read timeout=30)
2026-01-22 02:07:23,370 - label - ERROR - ⏱️ Timeout in exception: HTTPSConnectionPool(host='api.telegram.org', port=443): Read timed out. (read timeout=30)
2026-01-22 02:07:23,370 - connection - ERROR - Timeout exception: HTTPSConnectionPool(host='api.telegram.org', port=443): Read timed out. (read timeout=30)
2026-01-22 02:07:23,370 - connection - ERROR - Timeout exception: HTTPSConnectionPool(host='api.telegram.org', port=443): Read timed out. (read timeout=30)
2026-01-22 02:07:26,370 - label - ERROR - 🔄 Retrying in 5 seconds...
2026-01-22 02:07:26,370 - label - ERROR - 🔄 Retrying in 5 seconds...
2026-01-22 02:07:32,023 - label - INFO - ✅ Database connection OK
2026-01-22 02:07:32,023 - label - INFO - ✅ Database connection OK
2026-01-22 02:07:32,023 - label - INFO - 🤖 Starting Telegram bot...
2026-01-22 02:07:32,023 - label - INFO - 🤖 Starting Telegram bot...
2026-01-22 02:15:23,358 - label - ERROR - ⏱️ Timeout in exception: HTTPSConnectionPool(host='api.telegram.org', port=443): Read timed out. (read timeout=30)
2026-01-22 02:15:23,358 - label - ERROR - ⏱️ Timeout in exception: HTTPSConnectionPool(host='api.telegram.org', port=443): Read timed out. (read timeout=30)
2026-01-22 02:15:23,359 - connection - ERROR - Timeout exception: HTTPSConnectionPool(host='api.telegram.org', port=443): Read timed out. (read timeout=30)
2026-01-22 02:15:23,359 - connection - ERROR - Timeout exception: HTTPSConnectionPool(host='api.telegram.org', port=443): Read timed out. (read timeout=30)
2026-01-22 02:15:26,359 - label - ERROR - 🔄 Retrying in 5 seconds...
2026-01-22 02:15:26,359 - label - ERROR - 🔄 Retrying in 5 seconds...
2026-01-22 02:15:31,360 - label - INFO - ✅ Database connection OK
2026-01-22 02:15:31,360 - label - INFO - ✅ Database connection OK
2026-01-22 02:15:31,360 - label - INFO - 🤖 Starting Telegram bot...
2026-01-22 02:15:31,360 - label - INFO - 🤖 Starting Telegram bot...
2026-01-22 02:43:44,706 - label - ERROR - ⏱️ Timeout in exception: HTTPSConnectionPool(host='api.telegram.org', port=443): Read timed out. (read timeout=30)
2026-01-22 02:43:44,706 - label - ERROR - ⏱️ Timeout in exception: HTTPSConnectionPool(host='api.telegram.org', port=443): Read timed out. (read timeout=30)
2026-01-22 02:43:44,706 - connection - ERROR - Timeout exception: HTTPSConnectionPool(host='api.telegram.org', port=443): Read timed out. (read timeout=30)
2026-01-22 02:43:44,706 - connection - ERROR - Timeout exception: HTTPSConnectionPool(host='api.telegram.org', port=443): Read timed out. (read timeout=30)
2026-01-22 02:43:47,706 - label - ERROR - 🔄 Retrying in 5 seconds...
2026-01-22 02:43:47,706 - label - ERROR - 🔄 Retrying in 5 seconds...
2026-01-22 02:43:52,707 - label - INFO - ✅ Database connection OK
2026-01-22 02:43:52,707 - label - INFO - ✅ Database connection OK
2026-01-22 02:43:52,970 - label - INFO - 🤖 Starting Telegram bot...
2026-01-22 02:43:52,970 - label - INFO - 🤖 Starting Telegram bot...
2026-01-22 02:47:49,453 - label - ERROR - ⏱️ Timeout in exception: HTTPSConnectionPool(host='api.telegram.org', port=443): Read timed out. (read timeout=30)
2026-01-22 02:47:49,453 - label - ERROR - ⏱️ Timeout in exception: HTTPSConnectionPool(host='api.telegram.org', port=443): Read timed out. (read timeout=30)
2026-01-22 02:47:49,453 - connection - ERROR - Timeout exception: HTTPSConnectionPool(host='api.telegram.org', port=443): Read timed out. (read timeout=30)
2026-01-22 02:47:49,453 - connection - ERROR - Timeout exception: HTTPSConnectionPool(host='api.telegram.org', port=443): Read timed out. (read timeout=30)
2026-01-22 02:47:52,454 - label - ERROR - 🔄 Retrying in 5 seconds...
2026-01-22 02:47:52,454 - label - ERROR - 🔄 Retrying in 5 seconds...
2026-01-22 02:47:57,455 - label - INFO - ✅ Database connection OK
2026-01-22 02:47:57,455 - label - INFO - ✅ Database connection OK
2026-01-22 02:47:57,455 - label - INFO - 🤖 Starting Telegram bot...
2026-01-22 02:47:57,455 - label - INFO - 🤖 Starting Telegram bot...
2026-01-22 03:31:54,968 - label - ERROR - ⏱️ Timeout in exception: HTTPSConnectionPool(host='api.telegram.org', port=443): Read timed out. (read timeout=30)
2026-01-22 03:31:54,968 - label - ERROR - ⏱️ Timeout in exception: HTTPSConnectionPool(host='api.telegram.org', port=443): Read timed out. (read timeout=30)
2026-01-22 03:31:54,968 - connection - ERROR - Timeout exception: HTTPSConnectionPool(host='api.telegram.org', port=443): Read timed out. (read timeout=30)
2026-01-22 03:31:54,968 - connection - ERROR - Timeout exception: HTTPSConnectionPool(host='api.telegram.org', port=443): Read timed out. (read timeout=30)
2026-01-22 03:31:57,968 - label - ERROR - 🔄 Retrying in 5 seconds...
2026-01-22 03:31:57,968 - label - ERROR - 🔄 Retrying in 5 seconds...
2026-01-22 03:32:02,969 - label - INFO - ✅ Database connection OK
2026-01-22 03:32:02,969 - label - INFO - ✅ Database connection OK
2026-01-22 03:32:02,969 - label - INFO - 🤖 Starting Telegram bot...
2026-01-22 03:32:02,969 - label - INFO - 🤖 Starting Telegram bot...
2026-01-22 03:32:12,874 - label - ERROR - ⏱️ Timeout in exception: HTTPSConnectionPool(host='api.telegram.org', port=443): Max retries exceeded with url: /bot6285811276:AAHoVTSOok-_Bwxe1GWSSSsN7LiP5CynYas/getUpdates?offset=-1&timeout=20 (Caused by NameResolutionError("<urllib3.connection.HTTPSConnection object at 0x7f8e759b86d0>: Failed to resolve 'api.telegram.org' ([Errno -3] Temporary failure in name resolution)"))
2026-01-22 03:32:12,874 - label - ERROR - ⏱️ Timeout in exception: HTTPSConnectionPool(host='api.telegram.org', port=443): Max retries exceeded with url: /bot6285811276:AAHoVTSOok-_Bwxe1GWSSSsN7LiP5CynYas/getUpdates?offset=-1&timeout=20 (Caused by NameResolutionError("<urllib3.connection.HTTPSConnection object at 0x7f8e759b86d0>: Failed to resolve 'api.telegram.org' ([Errno -3] Temporary failure in name resolution)"))
2026-01-22 03:32:12,874 - connection - ERROR - Timeout exception: HTTPSConnectionPool(host='api.telegram.org', port=443): Max retries exceeded with url: /bot6285811276:AAHoVTSOok-_Bwxe1GWSSSsN7LiP5CynYas/getUpdates?offset=-1&timeout=20 (Caused by NameResolutionError("<urllib3.connection.HTTPSConnection object at 0x7f8e759b86d0>: Failed to resolve 'api.telegram.org' ([Errno -3] Temporary failure in name resolution)"))
2026-01-22 03:32:12,874 - connection - ERROR - Timeout exception: HTTPSConnectionPool(host='api.telegram.org', port=443): Max retries exceeded with url: /bot6285811276:AAHoVTSOok-_Bwxe1GWSSSsN7LiP5CynYas/getUpdates?offset=-1&timeout=20 (Caused by NameResolutionError("<urllib3.connection.HTTPSConnection object at 0x7f8e759b86d0>: Failed to resolve 'api.telegram.org' ([Errno -3] Temporary failure in name resolution)"))
2026-01-22 03:32:15,874 - label - ERROR - 🔄 Retrying in 5 seconds...
2026-01-22 03:32:15,874 - label - ERROR - 🔄 Retrying in 5 seconds...
2026-01-22 03:32:20,875 - label - INFO - ✅ Database connection OK
2026-01-22 03:32:20,875 - label - INFO - ✅ Database connection OK
2026-01-22 03:32:20,875 - label - INFO - 🤖 Starting Telegram bot...
2026-01-22 03:32:20,875 - label - INFO - 🤖 Starting Telegram bot...
2026-01-22 03:34:04,306 - label - ERROR - ⏱️ Timeout in exception: HTTPSConnectionPool(host='api.telegram.org', port=443): Read timed out. (read timeout=30)
2026-01-22 03:34:04,306 - label - ERROR - ⏱️ Timeout in exception: HTTPSConnectionPool(host='api.telegram.org', port=443): Read timed out. (read timeout=30)
2026-01-22 03:34:04,306 - connection - ERROR - Timeout exception: HTTPSConnectionPool(host='api.telegram.org', port=443): Read timed out. (read timeout=30)
2026-01-22 03:34:04,306 - connection - ERROR - Timeout exception: HTTPSConnectionPool(host='api.telegram.org', port=443): Read timed out. (read timeout=30)
2026-01-22 03:34:07,306 - label - ERROR - 🔄 Retrying in 5 seconds...
2026-01-22 03:34:07,306 - label - ERROR - 🔄 Retrying in 5 seconds...
2026-01-22 03:34:12,307 - label - INFO - ✅ Database connection OK
2026-01-22 03:34:12,307 - label - INFO - ✅ Database connection OK
2026-01-22 03:34:12,307 - label - INFO - 🤖 Starting Telegram bot...
2026-01-22 03:34:12,307 - label - INFO - 🤖 Starting Telegram bot...
2026-01-22 03:34:37,325 - label - ERROR - ⏱️ Timeout in exception: HTTPSConnectionPool(host='api.telegram.org', port=443): Read timed out. (read timeout=25)
2026-01-22 03:34:37,325 - label - ERROR - ⏱️ Timeout in exception: HTTPSConnectionPool(host='api.telegram.org', port=443): Read timed out. (read timeout=25)
2026-01-22 03:34:37,325 - connection - ERROR - Timeout exception: HTTPSConnectionPool(host='api.telegram.org', port=443): Read timed out. (read timeout=25)
2026-01-22 03:34:37,325 - connection - ERROR - Timeout exception: HTTPSConnectionPool(host='api.telegram.org', port=443): Read timed out. (read timeout=25)
2026-01-22 03:34:40,325 - label - ERROR - 🔄 Retrying in 5 seconds...
2026-01-22 03:34:40,325 - label - ERROR - 🔄 Retrying in 5 seconds...
2026-01-22 03:34:45,326 - label - INFO - ✅ Database connection OK
2026-01-22 03:34:45,326 - label - INFO - ✅ Database connection OK
2026-01-22 03:34:45,326 - label - INFO - 🤖 Starting Telegram bot...
2026-01-22 03:34:45,326 - label - INFO - 🤖 Starting Telegram bot...
2026-01-22 10:09:46,913 - label - ERROR - ⏱️ Timeout in exception: HTTPSConnectionPool(host='api.telegram.org', port=443): Read timed out. (read timeout=30)
2026-01-22 10:09:46,913 - label - ERROR - ⏱️ Timeout in exception: HTTPSConnectionPool(host='api.telegram.org', port=443): Read timed out. (read timeout=30)
2026-01-22 10:09:46,930 - connection - ERROR - Timeout exception: HTTPSConnectionPool(host='api.telegram.org', port=443): Read timed out. (read timeout=30)
2026-01-22 10:09:46,930 - connection - ERROR - Timeout exception: HTTPSConnectionPool(host='api.telegram.org', port=443): Read timed out. (read timeout=30)
2026-01-22 10:09:49,931 - label - ERROR - 🔄 Retrying in 5 seconds...
2026-01-22 10:09:49,931 - label - ERROR - 🔄 Retrying in 5 seconds...
2026-01-22 10:09:54,932 - label - INFO - ✅ Database connection OK
2026-01-22 10:09:54,932 - label - INFO - ✅ Database connection OK
2026-01-22 10:09:54,932 - label - INFO - 🤖 Starting Telegram bot...
2026-01-22 10:09:54,932 - label - INFO - 🤖 Starting Telegram bot...
2026-01-22 10:45:12,224 - label - ERROR - ⏱️ Timeout in exception: HTTPSConnectionPool(host='api.telegram.org', port=443): Read timed out. (read timeout=30)
2026-01-22 10:45:12,224 - label - ERROR - ⏱️ Timeout in exception: HTTPSConnectionPool(host='api.telegram.org', port=443): Read timed out. (read timeout=30)
2026-01-22 10:45:12,225 - connection - ERROR - Timeout exception: HTTPSConnectionPool(host='api.telegram.org', port=443): Read timed out. (read timeout=30)
2026-01-22 10:45:12,225 - connection - ERROR - Timeout exception: HTTPSConnectionPool(host='api.telegram.org', port=443): Read timed out. (read timeout=30)
2026-01-22 10:45:15,226 - label - ERROR - 🔄 Retrying in 5 seconds...
2026-01-22 10:45:15,226 - label - ERROR - 🔄 Retrying in 5 seconds...
2026-01-22 10:45:20,227 - label - INFO - ✅ Database connection OK
2026-01-22 10:45:20,227 - label - INFO - ✅ Database connection OK
2026-01-22 10:45:20,227 - label - INFO - 🤖 Starting Telegram bot...
2026-01-22 10:45:20,227 - label - INFO - 🤖 Starting Telegram bot...
2026-01-22 10:51:48,140 - label - INFO - Checking subscription for user 1398275867: status = member
2026-01-22 10:51:48,140 - label - INFO - Checking subscription for user 1398275867: status = member
2026-01-22 10:51:48,140 - label - INFO - User 1398275867 is subscribed to channel
2026-01-22 10:51:48,140 - label - INFO - User 1398275867 is subscribed to channel
2026-01-22 10:51:52,025 - label - INFO - Checking subscription for user 1398275867: status = member
2026-01-22 10:51:52,025 - label - INFO - Checking subscription for user 1398275867: status = member
2026-01-22 10:51:52,025 - label - INFO - User 1398275867 is subscribed to channel
2026-01-22 10:51:52,025 - label - INFO - User 1398275867 is subscribed to channel
2026-01-22 10:51:55,468 - label - INFO - Checking subscription for user 1398275867: status = member
2026-01-22 10:51:55,468 - label - INFO - Checking subscription for user 1398275867: status = member
2026-01-22 10:51:55,468 - label - INFO - User 1398275867 is subscribed to channel
2026-01-22 10:51:55,468 - label - INFO - User 1398275867 is subscribed to channel
2026-01-22 10:52:00,719 - label - INFO - Checking subscription for user 1398275867: status = member
2026-01-22 10:52:00,719 - label - INFO - Checking subscription for user 1398275867: status = member
2026-01-22 10:52:00,720 - label - INFO - User 1398275867 is subscribed to channel
2026-01-22 10:52:00,720 - label - INFO - User 1398275867 is subscribed to channel
2026-01-22 10:52:05,038 - label - INFO - Checking subscription for user 1398275867: status = member
2026-01-22 10:52:05,038 - label - INFO - Checking subscription for user 1398275867: status = member
2026-01-22 10:52:05,038 - label - INFO - User 1398275867 is subscribed to channel
2026-01-22 10:52:05,038 - label - INFO - User 1398275867 is subscribed to channel
2026-01-22 10:52:20,499 - label - INFO - Checking subscription for user 1398275867: status = member
2026-01-22 10:52:20,499 - label - INFO - Checking subscription for user 1398275867: status = member
2026-01-22 10:52:20,500 - label - INFO - User 1398275867 is subscribed to channel
2026-01-22 10:52:20,500 - label - INFO - User 1398275867 is subscribed to channel
2026-01-22 10:53:59,710 - label - ERROR - ⏱️ Timeout in exception: HTTPSConnectionPool(host='api.telegram.org', port=443): Read timed out. (read timeout=30)
2026-01-22 10:53:59,710 - label - ERROR - ⏱️ Timeout in exception: HTTPSConnectionPool(host='api.telegram.org', port=443): Read timed out. (read timeout=30)
2026-01-22 10:53:59,710 - connection - ERROR - Timeout exception: HTTPSConnectionPool(host='api.telegram.org', port=443): Read timed out. (read timeout=30)
2026-01-22 10:53:59,710 - connection - ERROR - Timeout exception: HTTPSConnectionPool(host='api.telegram.org', port=443): Read timed out. (read timeout=30)
2026-01-22 10:54:02,710 - label - ERROR - 🔄 Retrying in 5 seconds...
2026-01-22 10:54:02,710 - label - ERROR - 🔄 Retrying in 5 seconds...
2026-01-22 10:54:07,711 - label - INFO - ✅ Database connection OK
2026-01-22 10:54:07,711 - label - INFO - ✅ Database connection OK
2026-01-22 10:54:07,711 - label - INFO - 🤖 Starting Telegram bot...
2026-01-22 10:54:07,711 - label - INFO - 🤖 Starting Telegram bot...
2026-01-22 13:11:50,972 - label - ERROR - ⏱️ Timeout in exception: HTTPSConnectionPool(host='api.telegram.org', port=443): Read timed out. (read timeout=30)
2026-01-22 13:11:50,972 - label - ERROR - ⏱️ Timeout in exception: HTTPSConnectionPool(host='api.telegram.org', port=443): Read timed out. (read timeout=30)
2026-01-22 13:11:50,973 - connection - ERROR - Timeout exception: HTTPSConnectionPool(host='api.telegram.org', port=443): Read timed out. (read timeout=30)
2026-01-22 13:11:50,973 - connection - ERROR - Timeout exception: HTTPSConnectionPool(host='api.telegram.org', port=443): Read timed out. (read timeout=30)
2026-01-22 13:11:53,973 - label - ERROR - 🔄 Retrying in 5 seconds...
2026-01-22 13:11:53,973 - label - ERROR - 🔄 Retrying in 5 seconds...
2026-01-22 13:11:58,974 - label - INFO - ✅ Database connection OK
2026-01-22 13:11:58,974 - label - INFO - ✅ Database connection OK
2026-01-22 13:11:58,974 - label - INFO - 🤖 Starting Telegram bot...
2026-01-22 13:11:58,974 - label - INFO - 🤖 Starting Telegram bot...
2026-01-22 14:17:50,372 - label - INFO - Checking subscription for user 1398275867: status = member
2026-01-22 14:17:50,372 - label - INFO - Checking subscription for user 1398275867: status = member
2026-01-22 14:17:50,372 - label - INFO - User 1398275867 is subscribed to channel
2026-01-22 14:17:50,372 - label - INFO - User 1398275867 is subscribed to channel
2026-01-22 14:54:12,414 - label - INFO - Checking subscription for user 1398275867: status = member
2026-01-22 14:54:12,414 - label - INFO - Checking subscription for user 1398275867: status = member
2026-01-22 14:54:12,522 - label - INFO - User 1398275867 is subscribed to channel
2026-01-22 14:54:12,522 - label - INFO - User 1398275867 is subscribed to channel
2026-01-22 14:54:15,251 - label - INFO - Checking subscription for user 1398275867: status = member
2026-01-22 14:54:15,251 - label - INFO - Checking subscription for user 1398275867: status = member
2026-01-22 14:54:15,252 - label - INFO - User 1398275867 is subscribed to channel
2026-01-22 14:54:15,252 - label - INFO - User 1398275867 is subscribed to channel
2026-01-22 14:54:17,493 - label - INFO - Checking subscription for user 1398275867: status = member
2026-01-22 14:54:17,493 - label - INFO - Checking subscription for user 1398275867: status = member
2026-01-22 14:54:17,493 - label - INFO - User 1398275867 is subscribed to channel
2026-01-22 14:54:17,493 - label - INFO - User 1398275867 is subscribed to channel
2026-01-22 15:53:01,656 - label - INFO - Checking subscription for user 1398275867: status = member
2026-01-22 15:53:01,656 - label - INFO - Checking subscription for user 1398275867: status = member
2026-01-22 15:53:01,656 - label - INFO - User 1398275867 is subscribed to channel
2026-01-22 15:53:01,656 - label - INFO - User 1398275867 is subscribed to channel
2026-01-22 20:10:33,532 - label - INFO - Checking subscription for user 7993680881: status = member
2026-01-22 20:10:33,532 - label - INFO - Checking subscription for user 7993680881: status = member
2026-01-22 20:10:33,532 - label - INFO - User 7993680881 is subscribed to channel
2026-01-22 20:10:33,532 - label - INFO - User 7993680881 is subscribed to channel
2026-01-22 20:10:50,666 - label - INFO - Checking subscription for user 7993680881: status = member
2026-01-22 20:10:50,666 - label - INFO - Checking subscription for user 7993680881: status = member
2026-01-22 20:10:50,666 - label - INFO - User 7993680881 is subscribed to channel
2026-01-22 20:10:50,666 - label - INFO - User 7993680881 is subscribed to channel
2026-01-22 20:10:53,890 - label - INFO - Checking subscription for user 7993680881: status = member
2026-01-22 20:10:53,890 - label - INFO - Checking subscription for user 7993680881: status = member
2026-01-22 20:10:53,890 - label - INFO - User 7993680881 is subscribed to channel
2026-01-22 20:10:53,890 - label - INFO - User 7993680881 is subscribed to channel
2026-01-22 20:11:28,666 - label - INFO - Checking subscription for user 464793425: status = creator
2026-01-22 20:11:28,666 - label - INFO - Checking subscription for user 464793425: status = creator
2026-01-22 20:11:28,666 - label - INFO - User 464793425 is subscribed to channel
2026-01-22 20:11:28,666 - label - INFO - User 464793425 is subscribed to channel
2026-01-22 20:11:35,746 - label - INFO - Checking subscription for user 464793425: status = creator
2026-01-22 20:11:35,746 - label - INFO - Checking subscription for user 464793425: status = creator
2026-01-22 20:11:35,746 - label - INFO - User 464793425 is subscribed to channel
2026-01-22 20:11:35,746 - label - INFO - User 464793425 is subscribed to channel
2026-01-22 20:12:35,801 - label - INFO - Checking subscription for user 976411049: status = left
2026-01-22 20:12:35,801 - label - INFO - Checking subscription for user 976411049: status = left
2026-01-22 20:12:35,801 - label - INFO - User 976411049 is not subscribed to channel (status: left)
2026-01-22 20:12:35,801 - label - INFO - User 976411049 is not subscribed to channel (status: left)
2026-01-22 20:12:46,616 - label - INFO - Checking subscription for user 976411049: status = member
2026-01-22 20:12:46,616 - label - INFO - Checking subscription for user 976411049: status = member
2026-01-22 20:12:46,618 - label - INFO - User 976411049 is subscribed to channel
2026-01-22 20:12:46,618 - label - INFO - User 976411049 is subscribed to channel
2026-01-22 20:12:47,664 - label - ERROR - ❌ Unexpected error: name 'details' is not defined
2026-01-22 20:12:47,664 - label - ERROR - ❌ Unexpected error: name 'details' is not defined
2026-01-22 20:12:50,850 - label - INFO - Checking subscription for user 976411049: status = member
2026-01-22 20:12:50,850 - label - INFO - Checking subscription for user 976411049: status = member
2026-01-22 20:12:50,851 - label - INFO - User 976411049 is subscribed to channel
2026-01-22 20:12:50,851 - label - INFO - User 976411049 is subscribed to channel
2026-01-22 20:12:52,664 - label - ERROR - 🔄 Retrying in 5 seconds...
2026-01-22 20:12:52,664 - label - ERROR - 🔄 Retrying in 5 seconds...
2026-01-22 20:12:57,665 - label - INFO - ✅ Database connection OK
2026-01-22 20:12:57,665 - label - INFO - ✅ Database connection OK
2026-01-22 20:12:57,665 - label - INFO - 🤖 Starting Telegram bot...
2026-01-22 20:12:57,665 - label - INFO - 🤖 Starting Telegram bot...
2026-01-22 20:12:59,362 - label - ERROR - ❌ Unexpected error: name 'details' is not defined
2026-01-22 20:12:59,362 - label - ERROR - ❌ Unexpected error: name 'details' is not defined
2026-01-22 20:13:04,363 - label - ERROR - 🔄 Retrying in 5 seconds...
2026-01-22 20:13:04,363 - label - ERROR - 🔄 Retrying in 5 seconds...
2026-01-22 20:13:09,364 - label - INFO - ✅ Database connection OK
2026-01-22 20:13:09,364 - label - INFO - ✅ Database connection OK
2026-01-22 20:13:09,364 - label - INFO - 🤖 Starting Telegram bot...
2026-01-22 20:13:09,364 - label - INFO - 🤖 Starting Telegram bot...
2026-01-22 20:13:10,637 - label - INFO - Checking subscription for user 976411049: status = member
2026-01-22 20:13:10,637 - label - INFO - Checking subscription for user 976411049: status = member
2026-01-22 20:13:10,637 - label - INFO - User 976411049 is subscribed to channel
2026-01-22 20:13:10,637 - label - INFO - User 976411049 is subscribed to channel
2026-01-22 20:13:13,862 - label - INFO - Checking subscription for user 976411049: status = member
2026-01-22 20:13:13,862 - label - INFO - Checking subscription for user 976411049: status = member
2026-01-22 20:13:13,863 - label - INFO - User 976411049 is subscribed to channel
2026-01-22 20:13:13,863 - label - INFO - User 976411049 is subscribed to channel
2026-01-22 20:13:14,715 - label - INFO - New user registered: 976411049 (username: usbdndwi) with ID 26
2026-01-22 20:13:14,715 - label - INFO - New user registered: 976411049 (username: usbdndwi) with ID 26
2026-01-22 20:13:19,586 - label - INFO - Checking subscription for user 976411049: status = member
2026-01-22 20:13:19,586 - label - INFO - Checking subscription for user 976411049: status = member
2026-01-22 20:13:19,586 - label - INFO - User 976411049 is subscribed to channel
2026-01-22 20:13:19,586 - label - INFO - User 976411049 is subscribed to channel
2026-01-22 20:13:45,717 - label - INFO - Generated referral code 134UGCQE for user 976411049
2026-01-22 20:13:45,717 - label - INFO - Generated referral code 134UGCQE for user 976411049
2026-01-22 20:32:38,927 - label - INFO - Checking subscription for user 464793425: status = creator
2026-01-22 20:32:38,927 - label - INFO - Checking subscription for user 464793425: status = creator
2026-01-22 20:32:38,927 - label - INFO - User 464793425 is subscribed to channel
2026-01-22 20:32:38,927 - label - INFO - User 464793425 is subscribed to channel
2026-01-22 21:32:41,803 - label - INFO - Checking subscription for user 464793425: status = creator
2026-01-22 21:32:41,803 - label - INFO - Checking subscription for user 464793425: status = creator
2026-01-22 21:32:41,803 - label - INFO - User 464793425 is subscribed to channel
2026-01-22 21:32:41,803 - label - INFO - User 464793425 is subscribed to channel
2026-01-22 21:39:59,001 - label - INFO - Checking subscription for user 5560626191: status = member
2026-01-22 21:39:59,001 - label - INFO - Checking subscription for user 5560626191: status = member
2026-01-22 21:39:59,001 - label - INFO - User 5560626191 is subscribed to channel
2026-01-22 21:39:59,001 - label - INFO - User 5560626191 is subscribed to channel
2026-01-22 21:40:07,236 - label - INFO - Checking subscription for user 5560626191: status = member
2026-01-22 21:40:07,236 - label - INFO - Checking subscription for user 5560626191: status = member
2026-01-22 21:40:07,236 - label - INFO - User 5560626191 is subscribed to channel
2026-01-22 21:40:07,236 - label - INFO - User 5560626191 is subscribed to channel
2026-01-22 21:40:19,050 (__init__.py:1241 MainThread) ERROR - TeleBot: "Threaded polling exception: A request to the Telegram API was unsuccessful. Error code: 400. Description: Bad Request: message is not modified: specified new message content and reply markup are exactly the same as a current content and reply markup of the message"
2026-01-22 21:40:19,050 - TeleBot - ERROR - Threaded polling exception: A request to the Telegram API was unsuccessful. Error code: 400. Description: Bad Request: message is not modified: specified new message content and reply markup are exactly the same as a current content and reply markup of the message
2026-01-22 21:40:19,050 - TeleBot - ERROR - Threaded polling exception: A request to the Telegram API was unsuccessful. Error code: 400. Description: Bad Request: message is not modified: specified new message content and reply markup are exactly the same as a current content and reply markup of the message
2026-01-22 21:40:19,644 (__init__.py:1243 MainThread) ERROR - TeleBot: "Exception traceback:
Traceback (most recent call last):
  File "/home/goida/label/bot0/venv/lib/python3.11/site-packages/telebot/__init__.py", line 1235, in __threaded_polling
    self.worker_pool.raise_exceptions()
  File "/home/goida/label/bot0/venv/lib/python3.11/site-packages/telebot/util.py", line 154, in raise_exceptions
    raise self.exception_info
  File "/home/goida/label/bot0/venv/lib/python3.11/site-packages/telebot/util.py", line 97, in run
    task(*args, **kwargs)
  File "/home/goida/label/bot0/venv/lib/python3.11/site-packages/telebot/__init__.py", line 10134, in _run_middlewares_and_handler
    result = handler['function'](message)
             ^^^^^^^^^^^^^^^^^^^^^^^^^^^^
  File "/home/goida/label/bot0/label.py", line 14257, in handle_reviews_category
    bot.edit_message_text(
  File "/home/goida/label/bot0/venv/lib/python3.11/site-packages/telebot/__init__.py", line 5349, in edit_message_text
    result = apihelper.edit_message_text(
             ^^^^^^^^^^^^^^^^^^^^^^^^^^^^
  File "/home/goida/label/bot0/venv/lib/python3.11/site-packages/telebot/apihelper.py", line 1627, in edit_message_text
    return _make_request(token, method_url, params=payload, method='post')
           ^^^^^^^^^^^^^^^^^^^^^^^^^^^^^^^^^^^^^^^^^^^^^^^^^^^^^^^^^^^^^^^
  File "/home/goida/label/bot0/venv/lib/python3.11/site-packages/telebot/apihelper.py", line 168, in _make_request
    json_result = _check_result(method_name, result)
                  ^^^^^^^^^^^^^^^^^^^^^^^^^^^^^^^^^^
  File "/home/goida/label/bot0/venv/lib/python3.11/site-packages/telebot/apihelper.py", line 197, in _check_result
    raise ApiTelegramException(method_name, result, result_json)
telebot.apihelper.ApiTelegramException: A request to the Telegram API was unsuccessful. Error code: 400. Description: Bad Request: message is not modified: specified new message content and reply markup are exactly the same as a current content and reply markup of the message
"
2026-01-22 21:40:19,644 - TeleBot - ERROR - Exception traceback:
Traceback (most recent call last):
  File "/home/goida/label/bot0/venv/lib/python3.11/site-packages/telebot/__init__.py", line 1235, in __threaded_polling
    self.worker_pool.raise_exceptions()
  File "/home/goida/label/bot0/venv/lib/python3.11/site-packages/telebot/util.py", line 154, in raise_exceptions
    raise self.exception_info
  File "/home/goida/label/bot0/venv/lib/python3.11/site-packages/telebot/util.py", line 97, in run
    task(*args, **kwargs)
  File "/home/goida/label/bot0/venv/lib/python3.11/site-packages/telebot/__init__.py", line 10134, in _run_middlewares_and_handler
    result = handler['function'](message)
             ^^^^^^^^^^^^^^^^^^^^^^^^^^^^
  File "/home/goida/label/bot0/label.py", line 14257, in handle_reviews_category
    bot.edit_message_text(
  File "/home/goida/label/bot0/venv/lib/python3.11/site-packages/telebot/__init__.py", line 5349, in edit_message_text
    result = apihelper.edit_message_text(
             ^^^^^^^^^^^^^^^^^^^^^^^^^^^^
  File "/home/goida/label/bot0/venv/lib/python3.11/site-packages/telebot/apihelper.py", line 1627, in edit_message_text
    return _make_request(token, method_url, params=payload, method='post')
           ^^^^^^^^^^^^^^^^^^^^^^^^^^^^^^^^^^^^^^^^^^^^^^^^^^^^^^^^^^^^^^^
  File "/home/goida/label/bot0/venv/lib/python3.11/site-packages/telebot/apihelper.py", line 168, in _make_request
    json_result = _check_result(method_name, result)
                  ^^^^^^^^^^^^^^^^^^^^^^^^^^^^^^^^^^
  File "/home/goida/label/bot0/venv/lib/python3.11/site-packages/telebot/apihelper.py", line 197, in _check_result
    raise ApiTelegramException(method_name, result, result_json)
telebot.apihelper.ApiTelegramException: A request to the Telegram API was unsuccessful. Error code: 400. Description: Bad Request: message is not modified: specified new message content and reply markup are exactly the same as a current content and reply markup of the message

2026-01-22 21:40:19,644 - TeleBot - ERROR - Exception traceback:
Traceback (most recent call last):
  File "/home/goida/label/bot0/venv/lib/python3.11/site-packages/telebot/__init__.py", line 1235, in __threaded_polling
    self.worker_pool.raise_exceptions()
  File "/home/goida/label/bot0/venv/lib/python3.11/site-packages/telebot/util.py", line 154, in raise_exceptions
    raise self.exception_info
  File "/home/goida/label/bot0/venv/lib/python3.11/site-packages/telebot/util.py", line 97, in run
    task(*args, **kwargs)
  File "/home/goida/label/bot0/venv/lib/python3.11/site-packages/telebot/__init__.py", line 10134, in _run_middlewares_and_handler
    result = handler['function'](message)
             ^^^^^^^^^^^^^^^^^^^^^^^^^^^^
  File "/home/goida/label/bot0/label.py", line 14257, in handle_reviews_category
    bot.edit_message_text(
  File "/home/goida/label/bot0/venv/lib/python3.11/site-packages/telebot/__init__.py", line 5349, in edit_message_text
    result = apihelper.edit_message_text(
             ^^^^^^^^^^^^^^^^^^^^^^^^^^^^
  File "/home/goida/label/bot0/venv/lib/python3.11/site-packages/telebot/apihelper.py", line 1627, in edit_message_text
    return _make_request(token, method_url, params=payload, method='post')
           ^^^^^^^^^^^^^^^^^^^^^^^^^^^^^^^^^^^^^^^^^^^^^^^^^^^^^^^^^^^^^^^
  File "/home/goida/label/bot0/venv/lib/python3.11/site-packages/telebot/apihelper.py", line 168, in _make_request
    json_result = _check_result(method_name, result)
                  ^^^^^^^^^^^^^^^^^^^^^^^^^^^^^^^^^^
  File "/home/goida/label/bot0/venv/lib/python3.11/site-packages/telebot/apihelper.py", line 197, in _check_result
    raise ApiTelegramException(method_name, result, result_json)
telebot.apihelper.ApiTelegramException: A request to the Telegram API was unsuccessful. Error code: 400. Description: Bad Request: message is not modified: specified new message content and reply markup are exactly the same as a current content and reply markup of the message

2026-01-22 22:07:29,933 - label - INFO - Checking subscription for user 464793425: status = creator
2026-01-22 22:07:29,933 - label - INFO - Checking subscription for user 464793425: status = creator
2026-01-22 22:07:29,933 - label - INFO - User 464793425 is subscribed to channel
2026-01-22 22:07:29,933 - label - INFO - User 464793425 is subscribed to channel
2026-01-23 02:17:06,843 - label - INFO - Checking subscription for user 1398275867: status = member
2026-01-23 02:17:06,843 - label - INFO - Checking subscription for user 1398275867: status = member
2026-01-23 02:17:07,158 - label - INFO - User 1398275867 is subscribed to channel
2026-01-23 02:17:07,158 - label - INFO - User 1398275867 is subscribed to channel
2026-01-23 05:47:08,205 - label - INFO - Checking subscription for user 1398275867: status = member
2026-01-23 05:47:08,205 - label - INFO - Checking subscription for user 1398275867: status = member
2026-01-23 05:47:08,205 - label - INFO - User 1398275867 is subscribed to channel
2026-01-23 05:47:08,205 - label - INFO - User 1398275867 is subscribed to channel
2026-01-23 05:57:49,417 - label - INFO - Checking subscription for user 1398275867: status = member
2026-01-23 05:57:49,417 - label - INFO - Checking subscription for user 1398275867: status = member
2026-01-23 05:57:49,417 - label - INFO - User 1398275867 is subscribed to channel
2026-01-23 05:57:49,417 - label - INFO - User 1398275867 is subscribed to channel
2026-01-23 06:29:55,592 - label - ERROR - ⏱️ Timeout in exception: HTTPSConnectionPool(host='api.telegram.org', port=443): Read timed out. (read timeout=30)
2026-01-23 06:29:55,592 - label - ERROR - ⏱️ Timeout in exception: HTTPSConnectionPool(host='api.telegram.org', port=443): Read timed out. (read timeout=30)
2026-01-23 06:29:55,593 - connection - ERROR - Timeout exception: HTTPSConnectionPool(host='api.telegram.org', port=443): Read timed out. (read timeout=30)
2026-01-23 06:29:55,593 - connection - ERROR - Timeout exception: HTTPSConnectionPool(host='api.telegram.org', port=443): Read timed out. (read timeout=30)
2026-01-23 06:29:58,593 - label - ERROR - 🔄 Retrying in 5 seconds...
2026-01-23 06:29:58,593 - label - ERROR - 🔄 Retrying in 5 seconds...
2026-01-23 06:30:04,434 - label - INFO - ✅ Database connection OK
2026-01-23 06:30:04,434 - label - INFO - ✅ Database connection OK
2026-01-23 06:30:04,454 - label - INFO - 🤖 Starting Telegram bot...
2026-01-23 06:30:04,454 - label - INFO - 🤖 Starting Telegram bot...
2026-01-23 06:30:49,510 - label - ERROR - ⏱️ Timeout in exception: HTTPSConnectionPool(host='api.telegram.org', port=443): Max retries exceeded with url: /bot6285811276:AAHoVTSOok-_Bwxe1GWSSSsN7LiP5CynYas/getUpdates?offset=272478162&timeout=25 (Caused by NewConnectionError('<urllib3.connection.HTTPSConnection object at 0x7f8e756583d0>: Failed to establish a new connection: [Errno 101] Network is unreachable'))
2026-01-23 06:30:49,510 - label - ERROR - ⏱️ Timeout in exception: HTTPSConnectionPool(host='api.telegram.org', port=443): Max retries exceeded with url: /bot6285811276:AAHoVTSOok-_Bwxe1GWSSSsN7LiP5CynYas/getUpdates?offset=272478162&timeout=25 (Caused by NewConnectionError('<urllib3.connection.HTTPSConnection object at 0x7f8e756583d0>: Failed to establish a new connection: [Errno 101] Network is unreachable'))
2026-01-23 06:30:49,510 - connection - ERROR - Timeout exception: HTTPSConnectionPool(host='api.telegram.org', port=443): Max retries exceeded with url: /bot6285811276:AAHoVTSOok-_Bwxe1GWSSSsN7LiP5CynYas/getUpdates?offset=272478162&timeout=25 (Caused by NewConnectionError('<urllib3.connection.HTTPSConnection object at 0x7f8e756583d0>: Failed to establish a new connection: [Errno 101] Network is unreachable'))
2026-01-23 06:30:49,510 - connection - ERROR - Timeout exception: HTTPSConnectionPool(host='api.telegram.org', port=443): Max retries exceeded with url: /bot6285811276:AAHoVTSOok-_Bwxe1GWSSSsN7LiP5CynYas/getUpdates?offset=272478162&timeout=25 (Caused by NewConnectionError('<urllib3.connection.HTTPSConnection object at 0x7f8e756583d0>: Failed to establish a new connection: [Errno 101] Network is unreachable'))
2026-01-23 06:30:52,511 - label - ERROR - 🔄 Retrying in 5 seconds...
2026-01-23 06:30:52,511 - label - ERROR - 🔄 Retrying in 5 seconds...
2026-01-23 06:30:57,512 - label - INFO - ✅ Database connection OK
2026-01-23 06:30:57,512 - label - INFO - ✅ Database connection OK
2026-01-23 06:30:57,512 - label - INFO - 🤖 Starting Telegram bot...
2026-01-23 06:30:57,512 - label - INFO - 🤖 Starting Telegram bot...
2026-01-23 06:31:56,284 - label - ERROR - ⏱️ Timeout in exception: HTTPSConnectionPool(host='api.telegram.org', port=443): Read timed out. (read timeout=30)
2026-01-23 06:31:56,284 - label - ERROR - ⏱️ Timeout in exception: HTTPSConnectionPool(host='api.telegram.org', port=443): Read timed out. (read timeout=30)
2026-01-23 06:31:56,284 - connection - ERROR - Timeout exception: HTTPSConnectionPool(host='api.telegram.org', port=443): Read timed out. (read timeout=30)
2026-01-23 06:31:56,284 - connection - ERROR - Timeout exception: HTTPSConnectionPool(host='api.telegram.org', port=443): Read timed out. (read timeout=30)
2026-01-23 06:31:59,285 - label - ERROR - 🔄 Retrying in 5 seconds...
2026-01-23 06:31:59,285 - label - ERROR - 🔄 Retrying in 5 seconds...
2026-01-23 06:32:04,286 - label - INFO - ✅ Database connection OK
2026-01-23 06:32:04,286 - label - INFO - ✅ Database connection OK
2026-01-23 06:32:04,286 - label - INFO - 🤖 Starting Telegram bot...
2026-01-23 06:32:04,286 - label - INFO - 🤖 Starting Telegram bot...
2026-01-23 07:07:15,672 - label - INFO - Checking subscription for user 1398275867: status = member
2026-01-23 07:07:15,672 - label - INFO - Checking subscription for user 1398275867: status = member
2026-01-23 07:07:15,672 - label - INFO - User 1398275867 is subscribed to channel
2026-01-23 07:07:15,672 - label - INFO - User 1398275867 is subscribed to channel
2026-01-23 07:23:38,869 - label - INFO - Checking subscription for user 1398275867: status = member
2026-01-23 07:23:38,869 - label - INFO - Checking subscription for user 1398275867: status = member
2026-01-23 07:23:38,870 - label - INFO - User 1398275867 is subscribed to channel
2026-01-23 07:23:38,870 - label - INFO - User 1398275867 is subscribed to channel
2026-01-23 07:28:32,911 - label - INFO - Checking subscription for user 1398275867: status = member
2026-01-23 07:28:32,911 - label - INFO - Checking subscription for user 1398275867: status = member
2026-01-23 07:28:32,912 - label - INFO - User 1398275867 is subscribed to channel
2026-01-23 07:28:32,912 - label - INFO - User 1398275867 is subscribed to channel
2026-01-23 08:15:49,098 - label - INFO - Checking subscription for user 1398275867: status = member
2026-01-23 08:15:49,098 - label - INFO - Checking subscription for user 1398275867: status = member
2026-01-23 08:15:49,098 - label - INFO - User 1398275867 is subscribed to channel
2026-01-23 08:15:49,098 - label - INFO - User 1398275867 is subscribed to channel
2026-01-23 09:24:52,260 - label - INFO - Checking subscription for user 1063431820: status = member
2026-01-23 09:24:52,260 - label - INFO - Checking subscription for user 1063431820: status = member
2026-01-23 09:24:52,260 - label - INFO - User 1063431820 is subscribed to channel
2026-01-23 09:24:52,260 - label - INFO - User 1063431820 is subscribed to channel
2026-01-23 09:24:53,093 - label - INFO - New user registered: 1063431820 (username: bbulbikk) with ID 27
2026-01-23 09:24:53,093 - label - INFO - New user registered: 1063431820 (username: bbulbikk) with ID 27
2026-01-23 09:25:00,290 - label - INFO - Checking subscription for user 1063431820: status = member
2026-01-23 09:25:00,290 - label - INFO - Checking subscription for user 1063431820: status = member
2026-01-23 09:25:00,290 - label - INFO - User 1063431820 is subscribed to channel
2026-01-23 09:25:00,290 - label - INFO - User 1063431820 is subscribed to channel
2026-01-23 09:25:08,363 - label - INFO - Checking subscription for user 1063431820: status = member
2026-01-23 09:25:08,363 - label - INFO - Checking subscription for user 1063431820: status = member
2026-01-23 09:25:08,363 - label - INFO - User 1063431820 is subscribed to channel
2026-01-23 09:25:08,363 - label - INFO - User 1063431820 is subscribed to channel
2026-01-23 09:25:10,387 - label - INFO - Checking subscription for user 1063431820: status = member
2026-01-23 09:25:10,387 - label - INFO - Checking subscription for user 1063431820: status = member
2026-01-23 09:25:10,387 - label - INFO - User 1063431820 is subscribed to channel
2026-01-23 09:25:10,387 - label - INFO - User 1063431820 is subscribed to channel
2026-01-23 09:26:04,391 - label - INFO - Checking subscription for user 1063431820: status = member
2026-01-23 09:26:04,391 - label - INFO - Checking subscription for user 1063431820: status = member
2026-01-23 09:26:04,391 - label - INFO - User 1063431820 is subscribed to channel
2026-01-23 09:26:04,391 - label - INFO - User 1063431820 is subscribed to channel
2026-01-23 12:13:17,620 - label - INFO - Checking subscription for user 1398275867: status = member
2026-01-23 12:13:17,620 - label - INFO - Checking subscription for user 1398275867: status = member
2026-01-23 12:13:17,620 - label - INFO - User 1398275867 is subscribed to channel
2026-01-23 12:13:17,620 - label - INFO - User 1398275867 is subscribed to channel
2026-01-23 12:16:26,690 - label - INFO - Checking subscription for user 1398275867: status = member
2026-01-23 12:16:26,690 - label - INFO - Checking subscription for user 1398275867: status = member
2026-01-23 12:16:26,690 - label - INFO - User 1398275867 is subscribed to channel
2026-01-23 12:16:26,690 - label - INFO - User 1398275867 is subscribed to channel
2026-01-23 12:16:32,582 - label - INFO - Checking subscription for user 1398275867: status = member
2026-01-23 12:16:32,582 - label - INFO - Checking subscription for user 1398275867: status = member
2026-01-23 12:16:32,582 - label - INFO - User 1398275867 is subscribed to channel
2026-01-23 12:16:32,582 - label - INFO - User 1398275867 is subscribed to channel
2026-01-23 14:09:00,097 - label - INFO - Checking subscription for user 1398275867: status = member
2026-01-23 14:09:00,097 - label - INFO - Checking subscription for user 1398275867: status = member
2026-01-23 14:09:00,098 - label - INFO - User 1398275867 is subscribed to channel
2026-01-23 14:09:00,098 - label - INFO - User 1398275867 is subscribed to channel
2026-01-23 15:39:01,209 - label - ERROR - ⏱️ Timeout in exception: HTTPSConnectionPool(host='api.telegram.org', port=443): Read timed out. (read timeout=30)
2026-01-23 15:39:01,209 - label - ERROR - ⏱️ Timeout in exception: HTTPSConnectionPool(host='api.telegram.org', port=443): Read timed out. (read timeout=30)
2026-01-23 15:39:01,209 - connection - ERROR - Timeout exception: HTTPSConnectionPool(host='api.telegram.org', port=443): Read timed out. (read timeout=30)
2026-01-23 15:39:01,209 - connection - ERROR - Timeout exception: HTTPSConnectionPool(host='api.telegram.org', port=443): Read timed out. (read timeout=30)
2026-01-23 15:39:04,209 - label - ERROR - 🔄 Retrying in 5 seconds...
2026-01-23 15:39:04,209 - label - ERROR - 🔄 Retrying in 5 seconds...
2026-01-23 15:39:09,211 - label - INFO - ✅ Database connection OK
2026-01-23 15:39:09,211 - label - INFO - ✅ Database connection OK
2026-01-23 15:39:09,211 - label - INFO - 🤖 Starting Telegram bot...
2026-01-23 15:39:09,211 - label - INFO - 🤖 Starting Telegram bot...
2026-01-23 19:37:15,706 - label - ERROR - ⏱️ Timeout in exception: HTTPSConnectionPool(host='api.telegram.org', port=443): Read timed out. (read timeout=30)
2026-01-23 19:37:15,706 - label - ERROR - ⏱️ Timeout in exception: HTTPSConnectionPool(host='api.telegram.org', port=443): Read timed out. (read timeout=30)
2026-01-23 19:37:15,706 - connection - ERROR - Timeout exception: HTTPSConnectionPool(host='api.telegram.org', port=443): Read timed out. (read timeout=30)
2026-01-23 19:37:15,706 - connection - ERROR - Timeout exception: HTTPSConnectionPool(host='api.telegram.org', port=443): Read timed out. (read timeout=30)
2026-01-23 19:37:18,706 - label - ERROR - 🔄 Retrying in 5 seconds...
2026-01-23 19:37:18,706 - label - ERROR - 🔄 Retrying in 5 seconds...
2026-01-23 19:37:23,707 - label - INFO - ✅ Database connection OK
2026-01-23 19:37:23,707 - label - INFO - ✅ Database connection OK
2026-01-23 19:37:23,708 - label - INFO - 🤖 Starting Telegram bot...
2026-01-23 19:37:23,708 - label - INFO - 🤖 Starting Telegram bot...
2026-01-24 05:02:13,683 - label - INFO - Checking subscription for user 1398275867: status = member
2026-01-24 05:02:13,683 - label - INFO - Checking subscription for user 1398275867: status = member
2026-01-24 05:02:13,700 - label - INFO - User 1398275867 is subscribed to channel
2026-01-24 05:02:13,700 - label - INFO - User 1398275867 is subscribed to channel
2026-01-24 05:02:22,634 - label - INFO - Checking subscription for user 1398275867: status = member
2026-01-24 05:02:22,634 - label - INFO - Checking subscription for user 1398275867: status = member
2026-01-24 05:02:22,635 - label - INFO - User 1398275867 is subscribed to channel
2026-01-24 05:02:22,635 - label - INFO - User 1398275867 is subscribed to channel
2026-01-24 12:48:59,415 - label - INFO - Checking subscription for user 1398275867: status = member
2026-01-24 12:48:59,415 - label - INFO - Checking subscription for user 1398275867: status = member
2026-01-24 12:48:59,432 - label - INFO - User 1398275867 is subscribed to channel
2026-01-24 12:48:59,432 - label - INFO - User 1398275867 is subscribed to channel
2026-01-24 18:20:26,719 - label - INFO - YooKassa configured with account_id: 1215507
2026-01-24 18:20:29,081 - label - INFO - ✅ YooKassa configuration test successful with new credentials
2026-01-24 18:20:29,189 - label - WARNING - openpyxl module not available. Excel report generation will be disabled.
2026-01-24 18:20:29,193 - label - INFO - ✅ Таймауты API настроены: READ=30s, CONNECT=10s
2026-01-24 18:20:29,194 - label - INFO - 🤖 Starting Telegram bot...
2026-01-24 18:20:30,757 - label - INFO - Checking subscription for user 1398275867: status = member
2026-01-24 18:20:30,758 - label - INFO - User 1398275867 is subscribed to channel
2026-01-24 18:20:31,185 - label - INFO - ✅ PostgreSQL connection pool initialized
2026-01-24 18:20:56,402 - label - INFO - Checking subscription for user 1398275867: status = member
2026-01-24 18:20:56,402 - label - INFO - User 1398275867 is subscribed to channel
2026-01-24 18:21:00,438 - label - ERROR - 🔄 Retrying in 5 seconds...
2026-01-24 18:21:05,439 - label - INFO - ✅ Database connection OK
2026-01-24 18:21:05,439 - label - INFO - 🤖 Starting Telegram bot...
2026-01-24 18:21:09,254 - label - INFO - Checking subscription for user 1398275867: status = member
2026-01-24 18:21:09,255 - label - INFO - User 1398275867 is subscribed to channel
2026-01-24 18:21:30,044 - label - INFO - Checking subscription for user 1398275867: status = member
2026-01-24 18:21:30,044 - label - INFO - User 1398275867 is subscribed to channel
2026-01-24 18:27:09,654 - label - INFO - Checking subscription for user 1398275867: status = member
2026-01-24 18:27:09,654 - label - INFO - User 1398275867 is subscribed to channel
2026-01-24 23:24:37,379 - label - INFO - Checking subscription for user 1398275867: status = member
2026-01-24 23:24:37,380 - label - INFO - User 1398275867 is subscribed to channel
2026-01-25 00:40:25,256 - label - ERROR - ⏱️ Timeout in exception: HTTPSConnectionPool(host='api.telegram.org', port=443): Read timed out. (read timeout=30)
2026-01-25 00:40:25,307 - connection - ERROR - Timeout exception: HTTPSConnectionPool(host='api.telegram.org', port=443): Read timed out. (read timeout=30)
2026-01-25 00:40:28,308 - label - ERROR - 🔄 Retrying in 5 seconds...
2026-01-25 00:40:33,616 - label - INFO - ✅ Database connection OK
2026-01-25 00:40:33,629 - label - INFO - 🤖 Starting Telegram bot...
2026-01-25 06:35:38,035 - label - INFO - Checking subscription for user 1398275867: status = member
2026-01-25 06:35:38,553 - label - INFO - User 1398275867 is subscribed to channel
2026-01-25 07:07:43,054 - label - INFO - Checking subscription for user 1398275867: status = member
2026-01-25 07:07:43,055 - label - INFO - User 1398275867 is subscribed to channel
2026-01-25 08:22:21,098 - label - INFO - Checking subscription for user 1398275867: status = member
2026-01-25 08:22:21,098 - label - INFO - User 1398275867 is subscribed to channel
2026-01-25 13:41:19,157 - label - INFO - Checking subscription for user 1398275867: status = member
2026-01-25 13:41:19,157 - label - INFO - User 1398275867 is subscribed to channel
2026-01-25 15:03:30,390 - label - ERROR - ⏱️ Timeout in exception: HTTPSConnectionPool(host='api.telegram.org', port=443): Read timed out. (read timeout=30)
2026-01-25 15:03:30,391 - connection - ERROR - Timeout exception: HTTPSConnectionPool(host='api.telegram.org', port=443): Read timed out. (read timeout=30)
2026-01-25 15:03:33,391 - label - ERROR - 🔄 Retrying in 5 seconds...
2026-01-25 15:03:38,392 - label - INFO - ✅ Database connection OK
2026-01-25 15:03:38,392 - label - INFO - 🤖 Starting Telegram bot...
2026-01-25 18:28:15,752 - label - ERROR - ⏱️ Timeout in exception: HTTPSConnectionPool(host='api.telegram.org', port=443): Read timed out. (read timeout=30)
2026-01-25 18:28:15,752 - connection - ERROR - Timeout exception: HTTPSConnectionPool(host='api.telegram.org', port=443): Read timed out. (read timeout=30)
2026-01-25 18:28:18,753 - label - ERROR - 🔄 Retrying in 5 seconds...
2026-01-25 18:28:23,754 - label - INFO - ✅ Database connection OK
2026-01-25 18:28:23,754 - label - INFO - 🤖 Starting Telegram bot...
2026-01-26 07:39:04,286 - label - ERROR - ⏱️ Timeout in exception: HTTPSConnectionPool(host='api.telegram.org', port=443): Read timed out. (read timeout=30)
2026-01-26 07:39:05,887 - connection - ERROR - Timeout exception: HTTPSConnectionPool(host='api.telegram.org', port=443): Read timed out. (read timeout=30)
2026-01-26 07:39:08,887 - label - ERROR - 🔄 Retrying in 5 seconds...
2026-01-26 07:39:14,390 - label - INFO - ✅ Database connection OK
2026-01-26 07:39:14,391 - label - INFO - 🤖 Starting Telegram bot...
2026-01-26 15:22:49,063 - label - ERROR - ⏱️ Timeout in exception: HTTPSConnectionPool(host='api.telegram.org', port=443): Read timed out. (read timeout=30)
2026-01-26 15:22:49,063 - connection - ERROR - Timeout exception: HTTPSConnectionPool(host='api.telegram.org', port=443): Read timed out. (read timeout=30)
2026-01-26 15:22:52,089 - label - ERROR - 🔄 Retrying in 5 seconds...
2026-01-26 15:22:57,090 - label - INFO - ✅ Database connection OK
2026-01-26 15:22:57,090 - label - INFO - 🤖 Starting Telegram bot...
2026-01-26 15:57:15,475 - label - ERROR - ⏱️ Timeout in exception: HTTPSConnectionPool(host='api.telegram.org', port=443): Read timed out. (read timeout=30)
2026-01-26 15:57:15,477 - connection - ERROR - Timeout exception: HTTPSConnectionPool(host='api.telegram.org', port=443): Read timed out. (read timeout=30)
2026-01-26 15:57:18,477 - label - ERROR - 🔄 Retrying in 5 seconds...
2026-01-26 15:57:23,487 - label - INFO - ✅ Database connection OK
2026-01-26 15:57:23,487 - label - INFO - 🤖 Starting Telegram bot...
2026-01-26 16:54:53,022 - label - INFO - Checking subscription for user 1398275867: status = member
2026-01-26 16:54:53,022 - label - INFO - User 1398275867 is subscribed to channel
2026-01-27 03:12:20,254 - label - ERROR - ⏱️ Timeout in exception: HTTPSConnectionPool(host='api.telegram.org', port=443): Read timed out. (read timeout=30)
2026-01-27 03:12:20,344 - connection - ERROR - Timeout exception: HTTPSConnectionPool(host='api.telegram.org', port=443): Read timed out. (read timeout=30)
2026-01-27 03:12:23,344 - label - ERROR - 🔄 Retrying in 5 seconds...
2026-01-27 03:12:28,905 - label - INFO - ✅ Database connection OK
2026-01-27 03:12:28,907 - label - INFO - 🤖 Starting Telegram bot...
2026-01-27 08:40:46,505 - label - INFO - Checking subscription for user 1398275867: status = member
2026-01-27 08:40:46,506 - label - INFO - User 1398275867 is subscribed to channel
2026-01-27 14:39:13,697 - label - INFO - User 1398275867 (dolepp) is a permanent admin
2026-01-27 14:39:15,752 - label - INFO - admin_panel_handler called with data: admin_users
2026-01-27 14:39:15,757 - label - INFO - Starting access level check for user_id: 1398275867
2026-01-27 14:39:15,758 - label - INFO - User 1398275867 is a permanent admin
2026-01-27 14:39:15,769 - label - INFO - Calling handler for action: users
2026-01-27 14:39:36,850 - label - INFO - handle_user_info called with data: user_info_2004590854
2026-01-27 14:39:36,850 - label - INFO - Extracted user_id: 2004590854
2026-01-27 14:39:44,722 - label - INFO - admin_panel_handler called with data: admin_users
2026-01-27 14:39:44,722 - label - INFO - Starting access level check for user_id: 1398275867
2026-01-27 14:39:44,722 - label - INFO - User 1398275867 is a permanent admin
2026-01-27 14:39:44,723 - label - INFO - Calling handler for action: users
2026-01-27 14:39:46,581 - label - INFO - handle_user_info called with data: user_info_8054900690
2026-01-27 14:39:46,581 - label - INFO - Extracted user_id: 8054900690
2026-01-27 14:39:47,917 - label - INFO - admin_back called by user 1398275867
2026-01-27 14:39:47,941 - label - INFO - User 1398275867 has admin access, showing admin panel
2026-01-27 14:39:48,079 - label - INFO - Admin panel successfully displayed
2026-01-28 04:25:39,519 - label - INFO - Checking subscription for user 1398275867: status = member
2026-01-28 04:25:39,553 - label - INFO - User 1398275867 is subscribed to channel
2026-01-28 10:42:31,453 - label - INFO - Checking subscription for user 1398275867: status = member
2026-01-28 10:42:31,453 - label - INFO - User 1398275867 is subscribed to channel
2026-01-28 10:42:35,639 - label - INFO - Checking subscription for user 1398275867: status = member
2026-01-28 10:42:35,639 - label - INFO - User 1398275867 is subscribed to channel
2026-01-28 10:42:39,740 - label - INFO - Checking subscription for user 1398275867: status = member
2026-01-28 10:42:39,741 - label - INFO - User 1398275867 is subscribed to channel
2026-01-28 10:42:42,248 - label - INFO - Checking subscription for user 1398275867: status = member
2026-01-28 10:42:42,248 - label - INFO - User 1398275867 is subscribed to channel
2026-01-28 11:30:36,745 - label - ERROR - ⏱️ Timeout in exception: HTTPSConnectionPool(host='api.telegram.org', port=443): Read timed out. (read timeout=30)
2026-01-28 11:30:36,764 - connection - ERROR - Timeout exception: HTTPSConnectionPool(host='api.telegram.org', port=443): Read timed out. (read timeout=30)
2026-01-28 11:30:39,764 - label - ERROR - 🔄 Retrying in 5 seconds...
2026-01-28 11:30:44,927 - label - INFO - ✅ Database connection OK
2026-01-28 11:30:44,928 - label - INFO - 🤖 Starting Telegram bot...
2026-01-28 15:46:13,350 - label - INFO - Checking subscription for user 1398275867: status = member
2026-01-28 15:46:13,370 - label - INFO - User 1398275867 is subscribed to channel
2026-01-28 17:47:16,397 - label - INFO - Checking subscription for user 1398275867: status = member
2026-01-28 17:47:16,467 - label - INFO - User 1398275867 is subscribed to channel
2026-01-28 17:47:18,978 - label - INFO - Checking subscription for user 1398275867: status = member
2026-01-28 17:47:18,978 - label - INFO - User 1398275867 is subscribed to channel
2026-01-28 17:49:00,902 - label - INFO - Checking subscription for user 1398275867: status = member
2026-01-28 17:49:01,097 - label - INFO - User 1398275867 is subscribed to channel
2026-01-28 17:49:10,358 - label - INFO - Checking subscription for user 1398275867: status = member
2026-01-28 17:49:10,358 - label - INFO - User 1398275867 is subscribed to channel
2026-01-28 18:01:57,459 - label - ERROR - ⏱️ Timeout in exception: HTTPSConnectionPool(host='api.telegram.org', port=443): Read timed out. (read timeout=30)
2026-01-28 18:01:58,535 - connection - ERROR - Timeout exception: HTTPSConnectionPool(host='api.telegram.org', port=443): Read timed out. (read timeout=30)
2026-01-28 18:02:01,542 - label - ERROR - 🔄 Retrying in 5 seconds...
2026-01-28 18:02:07,056 - label - INFO - ✅ Database connection OK
2026-01-28 18:02:07,057 - label - INFO - 🤖 Starting Telegram bot...
2026-01-28 18:03:44,733 - label - INFO - Checking subscription for user 1398275867: status = member
2026-01-28 18:03:44,733 - label - INFO - User 1398275867 is subscribed to channel
2026-01-28 18:03:55,723 - label - INFO - Checking subscription for user 1398275867: status = member
2026-01-28 18:03:55,724 - label - INFO - User 1398275867 is subscribed to channel
2026-01-28 18:17:56,047 - label - INFO - Checking subscription for user 1398275867: status = member
2026-01-28 18:17:56,047 - label - INFO - User 1398275867 is subscribed to channel
2026-01-28 18:34:07,744 - label - INFO - Checking subscription for user 1398275867: status = member
2026-01-28 18:34:07,744 - label - INFO - User 1398275867 is subscribed to channel
2026-01-28 18:55:41,580 - label - INFO - Checking subscription for user 1398275867: status = member
2026-01-28 18:55:41,753 - label - INFO - User 1398275867 is subscribed to channel
2026-01-28 18:55:52,810 - label - INFO - Checking subscription for user 1398275867: status = member
2026-01-28 18:55:52,810 - label - INFO - User 1398275867 is subscribed to channel
2026-01-28 18:55:56,654 - label - INFO - Checking subscription for user 1398275867: status = member
2026-01-28 18:55:56,655 - label - INFO - User 1398275867 is subscribed to channel
2026-01-28 19:27:13,165 - label - INFO - Checking subscription for user 1398275867: status = member
2026-01-28 19:27:13,278 - label - INFO - User 1398275867 is subscribed to channel
2026-01-28 19:27:19,013 - label - INFO - Checking subscription for user 1398275867: status = member
2026-01-28 19:27:19,013 - label - INFO - User 1398275867 is subscribed to channel
2026-01-28 19:27:21,110 - label - INFO - Checking subscription for user 1398275867: status = member
2026-01-28 19:27:21,110 - label - INFO - User 1398275867 is subscribed to channel
2026-01-28 19:27:23,383 - label - INFO - Checking subscription for user 1398275867: status = member
2026-01-28 19:27:23,383 - label - INFO - User 1398275867 is subscribed to channel
2026-01-28 19:29:10,038 - label - INFO - Checking subscription for user 1398275867: status = member
2026-01-28 19:29:10,038 - label - INFO - User 1398275867 is subscribed to channel
2026-01-28 23:02:09,403 - label - ERROR - ⏱️ Timeout in exception: HTTPSConnectionPool(host='api.telegram.org', port=443): Read timed out. (read timeout=30)
2026-01-28 23:02:09,604 - connection - ERROR - Timeout exception: HTTPSConnectionPool(host='api.telegram.org', port=443): Read timed out. (read timeout=30)
2026-01-28 23:02:12,604 - label - ERROR - 🔄 Retrying in 5 seconds...
2026-01-28 23:02:17,718 - label - INFO - ✅ Database connection OK
2026-01-28 23:02:17,719 - label - INFO - 🤖 Starting Telegram bot...
2026-01-29 02:07:15,866 - label - INFO - Checking subscription for user 1398275867: status = member
2026-01-29 02:07:15,874 - label - INFO - User 1398275867 is subscribed to channel
2026-01-29 06:57:46,093 - label - INFO - Checking subscription for user 1398275867: status = member
2026-01-29 06:57:46,189 - label - INFO - User 1398275867 is subscribed to channel
2026-01-29 10:27:47,887 - label - INFO - Checking subscription for user 1398275867: status = member
2026-01-29 10:27:47,887 - label - INFO - User 1398275867 is subscribed to channel
2026-01-29 10:46:50,887 - label - INFO - Checking subscription for user 1398275867: status = member
2026-01-29 10:46:51,050 - label - INFO - User 1398275867 is subscribed to channel
2026-01-29 11:04:25,697 - label - ERROR - ⏱️ Timeout in exception: HTTPSConnectionPool(host='api.telegram.org', port=443): Read timed out. (read timeout=30)
2026-01-29 11:04:25,799 - connection - ERROR - Timeout exception: HTTPSConnectionPool(host='api.telegram.org', port=443): Read timed out. (read timeout=30)
2026-01-29 11:04:28,799 - label - ERROR - 🔄 Retrying in 5 seconds...
2026-01-29 11:04:34,491 - label - INFO - ✅ Database connection OK
2026-01-29 11:04:34,491 - label - INFO - 🤖 Starting Telegram bot...
2026-01-29 12:09:32,851 - label - INFO - Checking subscription for user 5607098204: status = left
2026-01-29 12:09:32,851 - label - INFO - User 5607098204 is not subscribed to channel (status: left)
2026-01-29 15:54:16,486 - label - INFO - Checking subscription for user 1398275867: status = member
2026-01-29 15:54:16,800 - label - INFO - User 1398275867 is subscribed to channel
2026-01-29 16:05:47,111 - label - INFO - Checking subscription for user 1398275867: status = member
2026-01-29 16:05:47,111 - label - INFO - User 1398275867 is subscribed to channel
2026-01-29 16:05:56,480 - label - INFO - Checking subscription for user 1398275867: status = member
2026-01-29 16:05:56,480 - label - INFO - User 1398275867 is subscribed to channel
2026-01-29 18:00:57,482 - label - INFO - Checking subscription for user 1398275867: status = member
2026-01-29 18:00:57,483 - label - INFO - User 1398275867 is subscribed to channel
2026-01-29 18:01:23,239 - label - INFO - Checking subscription for user 1398275867: status = member
2026-01-29 18:01:23,239 - label - INFO - User 1398275867 is subscribed to channel
2026-01-29 18:17:38,329 - label - INFO - YooKassa configured with account_id: 1215507
2026-01-29 18:17:38,997 - label - INFO - ✅ YooKassa configuration test successful with new credentials
2026-01-29 18:17:39,143 - label - WARNING - openpyxl module not available. Excel report generation will be disabled.
2026-01-29 18:17:39,159 - label - INFO - ✅ Таймауты API настроены: READ=30s, CONNECT=10s
2026-01-29 18:17:39,159 - label - INFO - 🤖 Starting Telegram bot...
2026-01-29 18:17:40,764 - label - INFO - Checking subscription for user 1398275867: status = member
2026-01-29 18:17:40,765 - label - INFO - User 1398275867 is subscribed to channel
2026-01-29 18:17:40,765 - label - INFO - Initializing DB connection pool to localhost:5432/postgres
2026-01-29 18:17:41,563 - label - INFO - ✅ PostgreSQL connection pool initialized
2026-01-29 18:17:47,975 - label - INFO - Checking subscription for user 1398275867: status = member
2026-01-29 18:17:47,976 - label - INFO - User 1398275867 is subscribed to channel
2026-01-29 18:17:55,412 - label - INFO - Checking subscription for user 1398275867: status = member
2026-01-29 18:17:55,413 - label - INFO - User 1398275867 is subscribed to channel
2026-01-30 04:39:37,956 - __main__ - INFO - YooKassa configured with account_id: 1215507
2026-01-30 04:39:38,990 - __main__ - INFO - ✅ YooKassa configuration test successful with new credentials
2026-01-30 04:39:39,096 - __main__ - WARNING - openpyxl module not available. Excel report generation will be disabled.
2026-01-30 04:39:39,118 - __main__ - INFO - 🔧 Initializing database...
2026-01-30 04:39:39,119 - __main__ - INFO - Initializing DB connection pool to localhost:5432/postgres
2026-01-30 04:39:39,710 - __main__ - INFO - ✅ PostgreSQL connection pool initialized
2026-01-30 04:39:39,798 - __main__ - INFO - Starting database initialization...
2026-01-30 04:39:39,798 - __main__ - INFO - Creating label table...
2026-01-30 04:39:39,887 - __main__ - INFO - Creating reviews table...
2026-01-30 04:39:39,910 - __main__ - INFO - Creating releases table...
2026-01-30 04:39:39,912 - __main__ - INFO - Creating files table...
2026-01-30 04:39:39,912 - __main__ - INFO - Creating distribution_agreements table...
2026-01-30 04:39:39,913 - __main__ - INFO - Creating payments table...
2026-01-30 04:39:39,913 - __main__ - INFO - Creating user_sessions table...
2026-01-30 04:39:39,913 - __main__ - INFO - Creating admin_logs table...
2026-01-30 04:39:39,914 - __main__ - INFO - Creating orders table...
2026-01-30 04:39:39,914 - __main__ - INFO - Creating promo codes table...
2026-01-30 04:39:39,915 - __main__ - INFO - Creating report requests table...
2026-01-30 04:39:39,915 - __main__ - INFO - Creating contracts table...
2026-01-30 04:39:40,593 - __main__ - INFO - Adding missing columns to existing tables...
2026-01-30 04:39:40,630 - __main__ - INFO - ✅ Added column to label table: ALTER TABLE label ADD COLUMN IF NOT EXISTS created_date TIMESTAMP DEFAULT CURRENT_TIMESTAMP
2026-01-30 04:39:40,641 - __main__ - INFO - ✅ Added column to label table: ALTER TABLE label ADD COLUMN IF NOT EXISTS balance NUMERIC(10, 2) DEFAULT 0
2026-01-30 04:39:40,641 - __main__ - INFO - ✅ Added column to label table: ALTER TABLE label ADD COLUMN IF NOT EXISTS email TEXT
2026-01-30 04:39:40,642 - __main__ - INFO - ✅ Added column to label table: ALTER TABLE label ADD COLUMN IF NOT EXISTS fio TEXT
2026-01-30 04:39:40,647 - __main__ - INFO - ✅ Added column to label table: ALTER TABLE label ADD COLUMN IF NOT EXISTS phone VARCHAR(50)
2026-01-30 04:39:40,648 - __main__ - INFO - ✅ Added column to label table: ALTER TABLE label ADD COLUMN IF NOT EXISTS owner INTEGER DEFAULT 0
2026-01-30 04:39:40,648 - __main__ - INFO - ✅ Added column to label table: ALTER TABLE label ADD COLUMN IF NOT EXISTS steezy INTEGER DEFAULT 0
2026-01-30 04:39:40,649 - __main__ - INFO - ✅ Added column to label table: ALTER TABLE label ADD COLUMN IF NOT EXISTS bibi INTEGER DEFAULT 0
2026-01-30 04:39:40,649 - __main__ - INFO - ✅ Added column to label table: ALTER TABLE label ADD COLUMN IF NOT EXISTS shvepz INTEGER DEFAULT 0
2026-01-30 04:39:40,649 - __main__ - INFO - ✅ Added column to label table: ALTER TABLE label ADD COLUMN IF NOT EXISTS creator INTEGER DEFAULT 0
2026-01-30 04:39:40,743 - __main__ - INFO - ✅ Added column to report_requests table: ALTER TABLE report_requests ADD COLUMN IF NOT EXISTS updated_at TIMESTAMP
2026-01-30 04:39:40,744 - __main__ - INFO - ✅ Added column to report_requests table: ALTER TABLE report_requests ADD COLUMN IF NOT EXISTS rejection_reason TEXT
2026-01-30 04:39:40,770 - __main__ - INFO - ✅ Modified column in report_requests table: ALTER TABLE report_requests ALTER COLUMN release_type DROP NOT NULL
2026-01-30 04:39:42,668 - __main__ - WARNING - Could not verify role columns: column "owner" is of type boolean but expression is of type integer
LINE 1: UPDATE label SET owner = 0 WHERE owner IS NULL
                                 ^
HINT:  You will need to rewrite or cast the expression.

2026-01-30 04:39:42,669 - __main__ - WARNING - Could not add column to releases table: current transaction is aborted, commands ignored until end of transaction block

2026-01-30 04:39:42,669 - __main__ - WARNING - Could not add column to releases table: current transaction is aborted, commands ignored until end of transaction block

2026-01-30 04:39:42,669 - __main__ - WARNING - Could not add column to releases table: current transaction is aborted, commands ignored until end of transaction block

2026-01-30 04:39:42,670 - __main__ - WARNING - Could not add column to releases table: current transaction is aborted, commands ignored until end of transaction block

2026-01-30 04:39:42,670 - __main__ - WARNING - Could not add column to releases table: current transaction is aborted, commands ignored until end of transaction block

2026-01-30 04:39:42,671 - __main__ - WARNING - Could not add column to files table: current transaction is aborted, commands ignored until end of transaction block

2026-01-30 04:39:42,671 - __main__ - WARNING - Could not add column to files table: current transaction is aborted, commands ignored until end of transaction block

2026-01-30 04:39:42,671 - __main__ - WARNING - Could not add column to files table: current transaction is aborted, commands ignored until end of transaction block

2026-01-30 04:39:42,672 - __main__ - WARNING - Could not add column to orders table: current transaction is aborted, commands ignored until end of transaction block

2026-01-30 04:39:42,672 - __main__ - WARNING - Could not add column to orders table: current transaction is aborted, commands ignored until end of transaction block

2026-01-30 04:39:42,673 - __main__ - WARNING - Could not add column to orders table: current transaction is aborted, commands ignored until end of transaction block

2026-01-30 04:39:42,673 - __main__ - WARNING - Could not handle promo_codes table structure: current transaction is aborted, commands ignored until end of transaction block

2026-01-30 04:39:42,674 - __main__ - ERROR - Failed to recreate promo_codes table: current transaction is aborted, commands ignored until end of transaction block

2026-01-30 04:39:42,674 - __main__ - INFO - Creating indexes...
2026-01-30 04:39:42,674 - __main__ - WARNING - Could not create index: current transaction is aborted, commands ignored until end of transaction block

2026-01-30 04:39:42,675 - __main__ - WARNING - Could not create index: current transaction is aborted, commands ignored until end of transaction block

2026-01-30 04:39:42,675 - __main__ - WARNING - Could not create index: current transaction is aborted, commands ignored until end of transaction block

2026-01-30 04:39:42,676 - __main__ - WARNING - Could not create index: current transaction is aborted, commands ignored until end of transaction block

2026-01-30 04:39:42,676 - __main__ - WARNING - Could not create index: current transaction is aborted, commands ignored until end of transaction block

2026-01-30 04:39:42,676 - __main__ - WARNING - Could not create index: current transaction is aborted, commands ignored until end of transaction block

2026-01-30 04:39:42,677 - __main__ - WARNING - Could not create index: current transaction is aborted, commands ignored until end of transaction block

2026-01-30 04:39:42,677 - __main__ - WARNING - Could not create index: current transaction is aborted, commands ignored until end of transaction block

2026-01-30 04:39:42,677 - __main__ - WARNING - Could not create index: current transaction is aborted, commands ignored until end of transaction block

2026-01-30 04:39:42,678 - __main__ - WARNING - Could not create index: current transaction is aborted, commands ignored until end of transaction block

2026-01-30 04:39:42,678 - __main__ - WARNING - Could not create index: current transaction is aborted, commands ignored until end of transaction block

2026-01-30 04:39:42,679 - __main__ - WARNING - Could not create index: current transaction is aborted, commands ignored until end of transaction block

2026-01-30 04:39:42,679 - __main__ - WARNING - Could not create index: current transaction is aborted, commands ignored until end of transaction block

2026-01-30 04:39:42,680 - __main__ - WARNING - Could not create index: current transaction is aborted, commands ignored until end of transaction block

2026-01-30 04:39:42,680 - __main__ - WARNING - Could not create index: current transaction is aborted, commands ignored until end of transaction block

2026-01-30 04:39:42,680 - __main__ - WARNING - Could not create index: current transaction is aborted, commands ignored until end of transaction block

2026-01-30 04:39:42,681 - __main__ - WARNING - Could not create index: current transaction is aborted, commands ignored until end of transaction block

2026-01-30 04:39:42,681 - __main__ - WARNING - Could not create index: current transaction is aborted, commands ignored until end of transaction block

2026-01-30 04:39:42,682 - __main__ - WARNING - Could not create index: current transaction is aborted, commands ignored until end of transaction block

2026-01-30 04:39:42,682 - __main__ - WARNING - Could not create index: current transaction is aborted, commands ignored until end of transaction block

2026-01-30 04:39:42,682 - __main__ - WARNING - Could not create index: current transaction is aborted, commands ignored until end of transaction block

2026-01-30 04:39:42,683 - __main__ - WARNING - Could not create index: current transaction is aborted, commands ignored until end of transaction block

2026-01-30 04:39:42,683 - __main__ - WARNING - Could not create index: current transaction is aborted, commands ignored until end of transaction block

2026-01-30 04:39:42,683 - __main__ - WARNING - Could not create index: current transaction is aborted, commands ignored until end of transaction block

2026-01-30 04:39:42,684 - __main__ - INFO - Setting up permanent admins...
2026-01-30 04:39:42,684 - __main__ - WARNING - Could not set up admin 464793425: current transaction is aborted, commands ignored until end of transaction block

2026-01-30 04:39:42,684 - __main__ - WARNING - Could not set up admin 1398275867: current transaction is aborted, commands ignored until end of transaction block

2026-01-30 04:39:42,685 - __main__ - INFO - ✅ Database initialization completed successfully - all tables created with indexes
2026-01-30 04:39:42,686 - __main__ - INFO - ✅ Database initialization completed
2026-01-30 04:39:42,686 - __main__ - INFO - 🔧 Ensuring database columns...
2026-01-30 04:39:42,694 - __main__ - INFO - ✅ Ensured column email exists in label table
2026-01-30 04:39:42,695 - __main__ - INFO - ✅ Ensured column fio exists in label table
2026-01-30 04:39:42,695 - __main__ - INFO - ✅ Ensured column phone exists in label table
2026-01-30 04:39:42,696 - __main__ - INFO - ✅ Ensured column steezy exists in label table
2026-01-30 04:39:42,696 - __main__ - INFO - ✅ Ensured column bibi exists in label table
2026-01-30 04:39:42,697 - __main__ - INFO - ✅ Ensured column shvepz exists in label table
2026-01-30 04:39:42,697 - __main__ - INFO - ✅ Ensured column referral_code exists in label table
2026-01-30 04:39:42,697 - __main__ - INFO - ✅ Ensured column referral_count exists in label table
2026-01-30 04:39:42,698 - __main__ - INFO - ✅ Ensured column referral_earnings exists in label table
2026-01-30 04:39:42,700 - __main__ - INFO - ✅ All required label columns verified
2026-01-30 04:39:42,703 - __main__ - INFO - ✅ Database columns ensured
2026-01-30 04:39:42,703 - __main__ - INFO - 🔧 Adding platform links column...
2026-01-30 04:39:42,704 - __main__ - INFO - Adding platform_links column to releases table...
2026-01-30 04:39:42,791 - __main__ - INFO - ✅ Added platform_links column to releases table
2026-01-30 04:39:42,792 - __main__ - INFO - ✅ Platform links column added
2026-01-30 04:39:42,792 - __main__ - INFO - 🔧 Creating referrals table...
2026-01-30 04:39:42,804 - __main__ - INFO - Creating referrals table...
2026-01-30 04:39:42,824 - __main__ - INFO - ✅ referrals table created successfully
2026-01-30 04:39:42,824 - __main__ - INFO - ✅ Referrals table created
2026-01-30 04:39:42,825 - __main__ - INFO - 🔧 Testing bot token and checking for conflicts...
2026-01-30 04:39:43,210 - __main__ - INFO - ✅ Bot connected: @twaslabel_bot
2026-01-30 04:39:43,260 - __main__ - INFO - ✅ Bot instance check passed: @twaslabel_bot
2026-01-30 04:39:43,266 - __main__ - INFO - 🚀 Starting bot with enhanced error handling...
2026-01-30 04:39:43,266 - __main__ - INFO - 🔧 Testing channel access...
2026-01-30 04:39:43,438 - __main__ - INFO - ✅ Channel access test successful: talk with a star // label
2026-01-30 04:39:43,578 - __main__ - INFO - ✅ Bot member status: administrator
2026-01-30 04:39:43,578 - __main__ - INFO - ✅ Bot has admin rights in channel
2026-01-30 04:39:43,579 - __main__ - INFO - ✅ Channel access test passed, starting bot...
2026-01-30 04:39:43,579 - __main__ - INFO - ✅ Таймауты API настроены: READ=30s, CONNECT=10s
2026-01-30 04:39:43,579 - __main__ - INFO - 🤖 Starting Telegram bot...
2026-01-30 04:39:45,004 - __main__ - INFO - Checking subscription for user 1398275867: status = member
2026-01-30 04:39:45,005 - __main__ - INFO - User 1398275867 is subscribed to channel
2026-01-30 04:39:59,819 - __main__ - INFO - Checking subscription for user 1398275867: status = member
2026-01-30 04:39:59,819 - __main__ - INFO - User 1398275867 is subscribed to channel
2026-01-30 04:41:45,873 - label - INFO - YooKassa configured with account_id: 1215507
2026-01-30 04:41:46,367 - label - INFO - ✅ YooKassa configuration test successful with new credentials
2026-01-30 04:41:46,482 - label - WARNING - openpyxl module not available. Excel report generation will be disabled.
2026-01-30 04:41:46,486 - label - INFO - ✅ Таймауты API настроены: READ=30s, CONNECT=10s
2026-01-30 04:41:46,486 - label - INFO - 🤖 Starting Telegram bot...
2026-01-30 04:41:48,021 - label - INFO - Checking subscription for user 1398275867: status = member
2026-01-30 04:41:48,022 - label - INFO - User 1398275867 is subscribed to channel
2026-01-30 04:41:48,022 - label - INFO - Initializing DB connection pool to localhost:5432/postgres
2026-01-30 04:41:48,040 - label - INFO - ✅ PostgreSQL connection pool initialized
2026-01-30 04:41:52,409 - label - INFO - Checking subscription for user 1398275867: status = member
2026-01-30 04:41:52,410 - label - INFO - User 1398275867 is subscribed to channel
2026-01-30 04:41:54,563 - label - INFO - Checking subscription for user 1398275867: status = member
2026-01-30 04:41:54,563 - label - INFO - User 1398275867 is subscribed to channel
2026-01-30 04:42:50,660 - label - ERROR - 🔄 Retrying in 5 seconds...
2026-01-30 04:42:55,661 - label - INFO - ✅ Database connection OK
2026-01-30 04:42:55,661 - label - INFO - 🤖 Starting Telegram bot...
2026-01-30 11:33:53,226 - __main__ - INFO - YooKassa configured with account_id: 1215507
2026-01-30 11:33:53,693 - __main__ - INFO - ✅ YooKassa configuration test successful with new credentials
2026-01-30 11:33:53,783 - __main__ - WARNING - openpyxl module not available. Excel report generation will be disabled.
2026-01-30 11:33:53,788 - __main__ - INFO - 🔧 Initializing database...
2026-01-30 11:33:53,788 - __main__ - INFO - Initializing DB connection pool to localhost:5432/postgres
2026-01-30 11:33:54,015 - __main__ - INFO - ✅ PostgreSQL connection pool initialized
2026-01-30 11:33:54,098 - __main__ - INFO - Starting database initialization...
2026-01-30 11:33:54,098 - __main__ - INFO - Creating label table...
2026-01-30 11:33:54,117 - __main__ - INFO - Creating reviews table...
2026-01-30 11:33:54,125 - __main__ - INFO - Creating releases table...
2026-01-30 11:33:54,127 - __main__ - INFO - Creating files table...
2026-01-30 11:33:54,127 - __main__ - INFO - Creating distribution_agreements table...
2026-01-30 11:33:54,128 - __main__ - INFO - Creating payments table...
2026-01-30 11:33:54,128 - __main__ - INFO - Creating user_sessions table...
2026-01-30 11:33:54,129 - __main__ - INFO - Creating admin_logs table...
2026-01-30 11:33:54,129 - __main__ - INFO - Creating orders table...
2026-01-30 11:33:54,129 - __main__ - INFO - Creating promo codes table...
2026-01-30 11:33:54,130 - __main__ - INFO - Creating report requests table...
2026-01-30 11:33:54,130 - __main__ - INFO - Creating contracts table...
2026-01-30 11:33:54,209 - __main__ - INFO - Adding missing columns to existing tables...
2026-01-30 11:33:54,217 - __main__ - INFO - ✅ Added column to label table: ALTER TABLE label ADD COLUMN IF NOT EXISTS created_date TIMESTAMP DEFAULT CURRENT_TIMESTAMP
2026-01-30 11:33:54,229 - __main__ - INFO - ✅ Added column to label table: ALTER TABLE label ADD COLUMN IF NOT EXISTS balance NUMERIC(10, 2) DEFAULT 0
2026-01-30 11:33:54,230 - __main__ - INFO - ✅ Added column to label table: ALTER TABLE label ADD COLUMN IF NOT EXISTS email TEXT
2026-01-30 11:33:54,230 - __main__ - INFO - ✅ Added column to label table: ALTER TABLE label ADD COLUMN IF NOT EXISTS fio TEXT
2026-01-30 11:33:54,230 - __main__ - INFO - ✅ Added column to label table: ALTER TABLE label ADD COLUMN IF NOT EXISTS phone VARCHAR(50)
2026-01-30 11:33:54,231 - __main__ - INFO - ✅ Added column to label table: ALTER TABLE label ADD COLUMN IF NOT EXISTS owner INTEGER DEFAULT 0
2026-01-30 11:33:54,231 - __main__ - INFO - ✅ Added column to label table: ALTER TABLE label ADD COLUMN IF NOT EXISTS steezy INTEGER DEFAULT 0
2026-01-30 11:33:54,232 - __main__ - INFO - ✅ Added column to label table: ALTER TABLE label ADD COLUMN IF NOT EXISTS bibi INTEGER DEFAULT 0
2026-01-30 11:33:54,232 - __main__ - INFO - ✅ Added column to label table: ALTER TABLE label ADD COLUMN IF NOT EXISTS shvepz INTEGER DEFAULT 0
2026-01-30 11:33:54,233 - __main__ - INFO - ✅ Added column to label table: ALTER TABLE label ADD COLUMN IF NOT EXISTS creator INTEGER DEFAULT 0
2026-01-30 11:33:54,242 - __main__ - INFO - ✅ Added column to report_requests table: ALTER TABLE report_requests ADD COLUMN IF NOT EXISTS updated_at TIMESTAMP
2026-01-30 11:33:54,243 - __main__ - INFO - ✅ Added column to report_requests table: ALTER TABLE report_requests ADD COLUMN IF NOT EXISTS rejection_reason TEXT
2026-01-30 11:33:54,244 - __main__ - INFO - ✅ Modified column in report_requests table: ALTER TABLE report_requests ALTER COLUMN release_type DROP NOT NULL
2026-01-30 11:33:54,414 - __main__ - WARNING - Could not verify role columns: column "owner" is of type boolean but expression is of type integer
LINE 1: UPDATE label SET owner = 0 WHERE owner IS NULL
                                 ^
HINT:  You will need to rewrite or cast the expression.

2026-01-30 11:33:54,415 - __main__ - WARNING - Could not add column to releases table: current transaction is aborted, commands ignored until end of transaction block

2026-01-30 11:33:54,415 - __main__ - WARNING - Could not add column to releases table: current transaction is aborted, commands ignored until end of transaction block

2026-01-30 11:33:54,415 - __main__ - WARNING - Could not add column to releases table: current transaction is aborted, commands ignored until end of transaction block

2026-01-30 11:33:54,416 - __main__ - WARNING - Could not add column to releases table: current transaction is aborted, commands ignored until end of transaction block

2026-01-30 11:33:54,416 - __main__ - WARNING - Could not add column to releases table: current transaction is aborted, commands ignored until end of transaction block

2026-01-30 11:33:54,417 - __main__ - WARNING - Could not add column to files table: current transaction is aborted, commands ignored until end of transaction block

2026-01-30 11:33:54,417 - __main__ - WARNING - Could not add column to files table: current transaction is aborted, commands ignored until end of transaction block

2026-01-30 11:33:54,418 - __main__ - WARNING - Could not add column to files table: current transaction is aborted, commands ignored until end of transaction block

2026-01-30 11:33:54,418 - __main__ - WARNING - Could not add column to orders table: current transaction is aborted, commands ignored until end of transaction block

2026-01-30 11:33:54,418 - __main__ - WARNING - Could not add column to orders table: current transaction is aborted, commands ignored until end of transaction block

2026-01-30 11:33:54,419 - __main__ - WARNING - Could not add column to orders table: current transaction is aborted, commands ignored until end of transaction block

2026-01-30 11:33:54,419 - __main__ - WARNING - Could not handle promo_codes table structure: current transaction is aborted, commands ignored until end of transaction block

2026-01-30 11:33:54,420 - __main__ - ERROR - Failed to recreate promo_codes table: current transaction is aborted, commands ignored until end of transaction block

2026-01-30 11:33:54,420 - __main__ - INFO - Creating indexes...
2026-01-30 11:33:54,420 - __main__ - WARNING - Could not create index: current transaction is aborted, commands ignored until end of transaction block

2026-01-30 11:33:54,421 - __main__ - WARNING - Could not create index: current transaction is aborted, commands ignored until end of transaction block

2026-01-30 11:33:54,421 - __main__ - WARNING - Could not create index: current transaction is aborted, commands ignored until end of transaction block

2026-01-30 11:33:54,421 - __main__ - WARNING - Could not create index: current transaction is aborted, commands ignored until end of transaction block

2026-01-30 11:33:54,422 - __main__ - WARNING - Could not create index: current transaction is aborted, commands ignored until end of transaction block

2026-01-30 11:33:54,422 - __main__ - WARNING - Could not create index: current transaction is aborted, commands ignored until end of transaction block

2026-01-30 11:33:54,422 - __main__ - WARNING - Could not create index: current transaction is aborted, commands ignored until end of transaction block

2026-01-30 11:33:54,423 - __main__ - WARNING - Could not create index: current transaction is aborted, commands ignored until end of transaction block

2026-01-30 11:33:54,423 - __main__ - WARNING - Could not create index: current transaction is aborted, commands ignored until end of transaction block

2026-01-30 11:33:54,424 - __main__ - WARNING - Could not create index: current transaction is aborted, commands ignored until end of transaction block

2026-01-30 11:33:54,424 - __main__ - WARNING - Could not create index: current transaction is aborted, commands ignored until end of transaction block

2026-01-30 11:33:54,424 - __main__ - WARNING - Could not create index: current transaction is aborted, commands ignored until end of transaction block

2026-01-30 11:33:54,425 - __main__ - WARNING - Could not create index: current transaction is aborted, commands ignored until end of transaction block

2026-01-30 11:33:54,425 - __main__ - WARNING - Could not create index: current transaction is aborted, commands ignored until end of transaction block

2026-01-30 11:33:54,425 - __main__ - WARNING - Could not create index: current transaction is aborted, commands ignored until end of transaction block

2026-01-30 11:33:54,426 - __main__ - WARNING - Could not create index: current transaction is aborted, commands ignored until end of transaction block

2026-01-30 11:33:54,426 - __main__ - WARNING - Could not create index: current transaction is aborted, commands ignored until end of transaction block

2026-01-30 11:33:54,427 - __main__ - WARNING - Could not create index: current transaction is aborted, commands ignored until end of transaction block

2026-01-30 11:33:54,427 - __main__ - WARNING - Could not create index: current transaction is aborted, commands ignored until end of transaction block

2026-01-30 11:33:54,427 - __main__ - WARNING - Could not create index: current transaction is aborted, commands ignored until end of transaction block

2026-01-30 11:33:54,428 - __main__ - WARNING - Could not create index: current transaction is aborted, commands ignored until end of transaction block

2026-01-30 11:33:54,428 - __main__ - WARNING - Could not create index: current transaction is aborted, commands ignored until end of transaction block

2026-01-30 11:33:54,429 - __main__ - WARNING - Could not create index: current transaction is aborted, commands ignored until end of transaction block

2026-01-30 11:33:54,429 - __main__ - WARNING - Could not create index: current transaction is aborted, commands ignored until end of transaction block

2026-01-30 11:33:54,429 - __main__ - INFO - Setting up permanent admins...
2026-01-30 11:33:54,430 - __main__ - WARNING - Could not set up admin 464793425: current transaction is aborted, commands ignored until end of transaction block

2026-01-30 11:33:54,430 - __main__ - WARNING - Could not set up admin 1398275867: current transaction is aborted, commands ignored until end of transaction block

2026-01-30 11:33:54,430 - __main__ - INFO - ✅ Database initialization completed successfully - all tables created with indexes
2026-01-30 11:33:54,434 - __main__ - INFO - ✅ Database initialization completed
2026-01-30 11:33:54,435 - __main__ - INFO - 🔧 Ensuring database columns...
2026-01-30 11:33:54,436 - __main__ - INFO - ✅ Ensured column email exists in label table
2026-01-30 11:33:54,436 - __main__ - INFO - ✅ Ensured column fio exists in label table
2026-01-30 11:33:54,437 - __main__ - INFO - ✅ Ensured column phone exists in label table
2026-01-30 11:33:54,437 - __main__ - INFO - ✅ Ensured column steezy exists in label table
2026-01-30 11:33:54,438 - __main__ - INFO - ✅ Ensured column bibi exists in label table
2026-01-30 11:33:54,438 - __main__ - INFO - ✅ Ensured column shvepz exists in label table
2026-01-30 11:33:54,438 - __main__ - INFO - ✅ Ensured column referral_code exists in label table
2026-01-30 11:33:54,439 - __main__ - INFO - ✅ Ensured column referral_count exists in label table
2026-01-30 11:33:54,439 - __main__ - INFO - ✅ Ensured column referral_earnings exists in label table
2026-01-30 11:33:54,441 - __main__ - INFO - ✅ All required label columns verified
2026-01-30 11:33:54,441 - __main__ - INFO - ✅ Database columns ensured
2026-01-30 11:33:54,443 - __main__ - INFO - 🔧 Adding platform links column...
2026-01-30 11:33:54,445 - __main__ - INFO - Adding platform_links column to releases table...
2026-01-30 11:33:54,468 - __main__ - INFO - ✅ Added platform_links column to releases table
2026-01-30 11:33:54,468 - __main__ - INFO - ✅ Platform links column added
2026-01-30 11:33:54,469 - __main__ - INFO - 🔧 Creating referrals table...
2026-01-30 11:33:54,481 - __main__ - INFO - Creating referrals table...
2026-01-30 11:33:54,491 - __main__ - INFO - ✅ referrals table created successfully
2026-01-30 11:33:54,492 - __main__ - INFO - ✅ Referrals table created
2026-01-30 11:33:54,492 - __main__ - INFO - 🔧 Testing bot token and checking for conflicts...
2026-01-30 11:33:54,657 - __main__ - INFO - ✅ Bot connected: @twaslabel_bot
2026-01-30 11:33:54,703 - __main__ - INFO - ✅ Bot instance check passed: @twaslabel_bot
2026-01-30 11:33:54,704 - __main__ - INFO - 🚀 Starting bot with enhanced error handling...
2026-01-30 11:33:54,704 - __main__ - INFO - 🔧 Testing channel access...
2026-01-30 11:33:54,827 - __main__ - INFO - ✅ Channel access test successful: talk with a star // label
2026-01-30 11:33:54,926 - __main__ - INFO - ✅ Bot member status: administrator
2026-01-30 11:33:54,926 - __main__ - INFO - ✅ Bot has admin rights in channel
2026-01-30 11:33:54,927 - __main__ - INFO - ✅ Channel access test passed, starting bot...
2026-01-30 11:33:54,927 - __main__ - INFO - ✅ Таймауты API настроены: READ=30s, CONNECT=10s
2026-01-30 11:33:54,927 - __main__ - INFO - 🤖 Starting Telegram bot...
2026-01-30 11:33:56,448 - __main__ - INFO - Checking subscription for user 1398275867: status = member
2026-01-30 11:33:56,449 - __main__ - INFO - User 1398275867 is subscribed to channel
2026-01-30 11:34:01,260 - __main__ - INFO - Checking subscription for user 1398275867: status = member
2026-01-30 11:34:01,261 - __main__ - INFO - User 1398275867 is subscribed to channel
2026-01-30 11:34:10,409 - __main__ - INFO - Checking subscription for user 1398275867: status = member
2026-01-30 11:34:10,410 - __main__ - INFO - User 1398275867 is subscribed to channel
2026-01-30 11:34:17,464 - __main__ - INFO - Checking subscription for user 1398275867: status = member
2026-01-30 11:34:17,464 - __main__ - INFO - User 1398275867 is subscribed to channel
2026-01-30 11:34:24,048 - __main__ - INFO - Checking subscription for user 1398275867: status = member
2026-01-30 11:34:24,048 - __main__ - INFO - User 1398275867 is subscribed to channel
2026-01-30 11:43:21,699 - __main__ - INFO - Checking subscription for user 1398275867: status = member
2026-01-30 11:43:21,699 - __main__ - INFO - User 1398275867 is subscribed to channel
2026-01-30 13:26:42,426 - __main__ - INFO - Checking subscription for user 1398275867: status = member
2026-01-30 13:26:42,427 - __main__ - INFO - User 1398275867 is subscribed to channel
2026-01-30 13:27:05,363 - __main__ - INFO - Checking subscription for user 1398275867: status = member
2026-01-30 13:27:05,363 - __main__ - INFO - User 1398275867 is subscribed to channel
2026-01-30 13:27:20,121 - __main__ - INFO - Checking subscription for user 8354834357: status = left
2026-01-30 13:27:20,122 - __main__ - INFO - User 8354834357 is not subscribed to channel (status: left)
2026-01-30 13:27:58,436 - __main__ - INFO - Checking subscription for user 8354834357: status = member
2026-01-30 13:27:58,437 - __main__ - INFO - User 8354834357 is subscribed to channel
2026-01-30 13:27:59,379 - __main__ - ERROR - ❌ Unexpected error: name 'details' is not defined
2026-01-30 13:28:04,379 - __main__ - ERROR - 🔄 Retrying in 5 seconds...
2026-01-30 13:28:09,381 - __main__ - INFO - ✅ Database connection OK
2026-01-30 13:28:09,381 - __main__ - INFO - 🤖 Starting Telegram bot...
2026-01-30 13:28:11,077 - __main__ - INFO - Checking subscription for user 8354834357: status = member
2026-01-30 13:28:11,077 - __main__ - INFO - User 8354834357 is subscribed to channel
2026-01-30 13:28:12,006 - __main__ - ERROR - ❌ Unexpected error: name 'details' is not defined
2026-01-30 13:28:12,133 - __main__ - INFO - Checking subscription for user 8354834357: status = member
2026-01-30 13:28:12,133 - __main__ - INFO - User 8354834357 is subscribed to channel
2026-01-30 13:28:12,133 - __main__ - WARNING - Pool error on attempt 1/3: connection pool exhausted
2026-01-30 13:28:12,633 - __main__ - WARNING - Pool error on attempt 2/3: connection pool exhausted
2026-01-30 13:28:13,634 - __main__ - WARNING - Pool error on attempt 3/3: connection pool exhausted
2026-01-30 13:28:13,634 - __main__ - ERROR - ❌ Pool error after 3 attempts: connection pool exhausted
2026-01-30 13:28:13,634 - __main__ - INFO - Trying direct connection as fallback...
2026-01-30 13:28:13,654 - __main__ - INFO - ✅ Fallback direct connection established
2026-01-30 13:28:14,261 - __main__ - INFO - New user registered: 8354834357 (username: zina_Ochka) with ID 28
2026-01-30 13:28:17,007 - __main__ - ERROR - 🔄 Retrying in 5 seconds...
2026-01-30 13:28:22,007 - __main__ - WARNING - Pool error on attempt 1/3: connection pool exhausted
2026-01-30 13:28:22,508 - __main__ - WARNING - Pool error on attempt 2/3: connection pool exhausted
2026-01-30 13:28:23,508 - __main__ - WARNING - Pool error on attempt 3/3: connection pool exhausted
2026-01-30 13:28:23,508 - __main__ - ERROR - ❌ Pool error after 3 attempts: connection pool exhausted
2026-01-30 13:28:23,508 - __main__ - INFO - Trying direct connection as fallback...
2026-01-30 13:28:23,517 - __main__ - INFO - ✅ Fallback direct connection established
2026-01-30 13:28:23,517 - __main__ - INFO - ✅ Database connection OK
2026-01-30 13:28:23,517 - __main__ - INFO - 🤖 Starting Telegram bot...
2026-01-30 13:28:24,792 - __main__ - INFO - Checking subscription for user 8354834357: status = member
2026-01-30 13:28:24,793 - __main__ - INFO - User 8354834357 is subscribed to channel
2026-01-30 13:28:24,793 - __main__ - WARNING - Pool error on attempt 1/3: connection pool exhausted
2026-01-30 13:28:25,293 - __main__ - WARNING - Pool error on attempt 2/3: connection pool exhausted
2026-01-30 13:28:26,293 - __main__ - WARNING - Pool error on attempt 3/3: connection pool exhausted
2026-01-30 13:28:26,294 - __main__ - ERROR - ❌ Pool error after 3 attempts: connection pool exhausted
2026-01-30 13:28:26,294 - __main__ - INFO - Trying direct connection as fallback...
2026-01-30 13:28:26,305 - __main__ - INFO - ✅ Fallback direct connection established
2026-01-30 13:53:32,347 - __main__ - ERROR - ⏱️ Timeout in exception: HTTPSConnectionPool(host='api.telegram.org', port=443): Read timed out. (read timeout=30)
2026-01-30 13:53:32,941 - connection - ERROR - Timeout exception: HTTPSConnectionPool(host='api.telegram.org', port=443): Read timed out. (read timeout=30)
2026-01-30 13:53:35,964 - __main__ - ERROR - 🔄 Retrying in 5 seconds...
2026-01-30 13:53:41,044 - __main__ - WARNING - Pool error on attempt 1/3: connection pool exhausted
2026-01-30 13:53:41,686 - __main__ - WARNING - Pool error on attempt 2/3: connection pool exhausted
2026-01-30 13:53:42,687 - __main__ - WARNING - Pool error on attempt 3/3: connection pool exhausted
2026-01-30 13:53:42,687 - __main__ - ERROR - ❌ Pool error after 3 attempts: connection pool exhausted
2026-01-30 13:53:42,702 - __main__ - INFO - Trying direct connection as fallback...
2026-01-30 13:53:44,281 - __main__ - INFO - ✅ Fallback direct connection established
2026-01-30 13:53:44,284 - __main__ - INFO - ✅ Database connection OK
2026-01-30 13:53:44,284 - __main__ - INFO - 🤖 Starting Telegram bot...
2026-01-30 14:02:25,986 - __main__ - INFO - Checking subscription for user 1398275867: status = member
2026-01-30 14:02:25,986 - __main__ - INFO - User 1398275867 is subscribed to channel
2026-01-30 14:02:26,014 - __main__ - WARNING - Pool error on attempt 1/3: connection pool exhausted
2026-01-30 14:02:26,515 - __main__ - WARNING - Pool error on attempt 2/3: connection pool exhausted
2026-01-30 14:02:27,515 - __main__ - WARNING - Pool error on attempt 3/3: connection pool exhausted
2026-01-30 14:02:27,517 - __main__ - ERROR - ❌ Pool error after 3 attempts: connection pool exhausted
2026-01-30 14:02:27,517 - __main__ - INFO - Trying direct connection as fallback...
2026-01-30 14:02:27,838 - __main__ - INFO - ✅ Fallback direct connection established
2026-01-30 14:02:28,494 - __main__ - ERROR - Error returning connection to pool: trying to put unkeyed connection
2026-01-30 14:02:31,069 - __main__ - INFO - Checking subscription for user 1398275867: status = member
2026-01-30 14:02:31,069 - __main__ - INFO - User 1398275867 is subscribed to channel
2026-01-30 14:02:31,069 - __main__ - WARNING - Pool error on attempt 1/3: connection pool exhausted
2026-01-30 14:02:31,569 - __main__ - WARNING - Pool error on attempt 2/3: connection pool exhausted
2026-01-30 14:02:32,570 - __main__ - WARNING - Pool error on attempt 3/3: connection pool exhausted
2026-01-30 14:02:32,571 - __main__ - ERROR - ❌ Pool error after 3 attempts: connection pool exhausted
2026-01-30 14:02:32,571 - __main__ - INFO - Trying direct connection as fallback...
2026-01-30 14:02:32,595 - __main__ - INFO - ✅ Fallback direct connection established
2026-01-30 14:02:32,865 - __main__ - ERROR - Error returning connection to pool: trying to put unkeyed connection
2026-01-30 14:02:34,840 - __main__ - INFO - Checking subscription for user 1398275867: status = member
2026-01-30 14:02:34,840 - __main__ - INFO - User 1398275867 is subscribed to channel
2026-01-30 14:02:34,872 - __main__ - WARNING - Pool error on attempt 1/3: connection pool exhausted
2026-01-30 14:02:35,372 - __main__ - WARNING - Pool error on attempt 2/3: connection pool exhausted
2026-01-30 14:02:36,372 - __main__ - WARNING - Pool error on attempt 3/3: connection pool exhausted
2026-01-30 14:02:36,373 - __main__ - ERROR - ❌ Pool error after 3 attempts: connection pool exhausted
2026-01-30 14:02:36,373 - __main__ - INFO - Trying direct connection as fallback...
2026-01-30 14:02:36,389 - __main__ - INFO - ✅ Fallback direct connection established
2026-01-30 14:02:36,481 - __main__ - ERROR - Error returning connection to pool: trying to put unkeyed connection
2026-01-30 14:02:47,243 - __main__ - INFO - Checking subscription for user 1398275867: status = member
2026-01-30 14:02:47,243 - __main__ - INFO - User 1398275867 is subscribed to channel
2026-01-30 14:02:47,244 - __main__ - WARNING - Pool error on attempt 1/3: connection pool exhausted
2026-01-30 14:02:47,744 - __main__ - WARNING - Pool error on attempt 2/3: connection pool exhausted
2026-01-30 14:02:48,744 - __main__ - WARNING - Pool error on attempt 3/3: connection pool exhausted
2026-01-30 14:02:48,745 - __main__ - ERROR - ❌ Pool error after 3 attempts: connection pool exhausted
2026-01-30 14:02:48,745 - __main__ - INFO - Trying direct connection as fallback...
2026-01-30 14:02:48,761 - __main__ - INFO - ✅ Fallback direct connection established
2026-01-30 14:02:48,862 - __main__ - ERROR - Error returning connection to pool: trying to put unkeyed connection
2026-01-30 14:02:51,243 - __main__ - INFO - Checking subscription for user 1398275867: status = member
2026-01-30 14:02:51,243 - __main__ - INFO - User 1398275867 is subscribed to channel
2026-01-30 14:02:53,175 - __main__ - INFO - Checking subscription for user 1398275867: status = member
2026-01-30 14:02:53,176 - __main__ - INFO - User 1398275867 is subscribed to channel
2026-01-30 14:02:53,176 - __main__ - WARNING - Pool error on attempt 1/3: connection pool exhausted
2026-01-30 14:02:53,676 - __main__ - WARNING - Pool error on attempt 2/3: connection pool exhausted
2026-01-30 14:02:54,676 - __main__ - WARNING - Pool error on attempt 3/3: connection pool exhausted
2026-01-30 14:02:54,676 - __main__ - ERROR - ❌ Pool error after 3 attempts: connection pool exhausted
2026-01-30 14:02:54,677 - __main__ - INFO - Trying direct connection as fallback...
2026-01-30 14:02:54,763 - __main__ - INFO - ✅ Fallback direct connection established
2026-01-30 14:02:54,940 - __main__ - ERROR - Error returning connection to pool: trying to put unkeyed connection
2026-01-30 14:14:44,639 - __main__ - INFO - Checking subscription for user 1398275867: status = member
2026-01-30 14:14:44,639 - __main__ - INFO - User 1398275867 is subscribed to channel
2026-01-30 14:14:44,639 - __main__ - WARNING - Pool error on attempt 1/3: connection pool exhausted
2026-01-30 14:14:45,140 - __main__ - WARNING - Pool error on attempt 2/3: connection pool exhausted
2026-01-30 14:14:46,140 - __main__ - WARNING - Pool error on attempt 3/3: connection pool exhausted
2026-01-30 14:14:46,140 - __main__ - ERROR - ❌ Pool error after 3 attempts: connection pool exhausted
2026-01-30 14:14:46,140 - __main__ - INFO - Trying direct connection as fallback...
2026-01-30 14:14:46,164 - __main__ - INFO - ✅ Fallback direct connection established
2026-01-30 14:14:46,257 - __main__ - ERROR - Error returning connection to pool: trying to put unkeyed connection
2026-01-30 14:14:49,180 - __main__ - INFO - Checking subscription for user 1398275867: status = member
2026-01-30 14:14:49,180 - __main__ - INFO - User 1398275867 is subscribed to channel
2026-01-30 14:14:49,180 - __main__ - WARNING - Pool error on attempt 1/3: connection pool exhausted
2026-01-30 14:14:49,680 - __main__ - WARNING - Pool error on attempt 2/3: connection pool exhausted
2026-01-30 14:14:50,681 - __main__ - WARNING - Pool error on attempt 3/3: connection pool exhausted
2026-01-30 14:14:50,681 - __main__ - ERROR - ❌ Pool error after 3 attempts: connection pool exhausted
2026-01-30 14:14:50,681 - __main__ - INFO - Trying direct connection as fallback...
2026-01-30 14:14:50,705 - __main__ - INFO - ✅ Fallback direct connection established
2026-01-30 14:14:50,788 - __main__ - ERROR - Error returning connection to pool: trying to put unkeyed connection
2026-01-30 14:20:05,594 - __main__ - INFO - Checking subscription for user 1398275867: status = member
2026-01-30 14:20:05,594 - __main__ - INFO - User 1398275867 is subscribed to channel
2026-01-30 14:20:05,595 - __main__ - WARNING - Pool error on attempt 1/3: connection pool exhausted
2026-01-30 14:20:06,095 - __main__ - WARNING - Pool error on attempt 2/3: connection pool exhausted
2026-01-30 14:20:07,095 - __main__ - WARNING - Pool error on attempt 3/3: connection pool exhausted
2026-01-30 14:20:07,095 - __main__ - ERROR - ❌ Pool error after 3 attempts: connection pool exhausted
2026-01-30 14:20:07,096 - __main__ - INFO - Trying direct connection as fallback...
2026-01-30 14:20:07,118 - __main__ - INFO - ✅ Fallback direct connection established
2026-01-30 14:20:07,207 - __main__ - ERROR - Error returning connection to pool: trying to put unkeyed connection
2026-01-30 14:20:31,325 - __main__ - INFO - Checking subscription for user 1398275867: status = member
2026-01-30 14:20:31,325 - __main__ - INFO - User 1398275867 is subscribed to channel
2026-01-30 14:20:31,326 - __main__ - WARNING - Pool error on attempt 1/3: connection pool exhausted
2026-01-30 14:20:31,826 - __main__ - WARNING - Pool error on attempt 2/3: connection pool exhausted
2026-01-30 14:20:32,826 - __main__ - WARNING - Pool error on attempt 3/3: connection pool exhausted
2026-01-30 14:20:32,826 - __main__ - ERROR - ❌ Pool error after 3 attempts: connection pool exhausted
2026-01-30 14:20:32,827 - __main__ - INFO - Trying direct connection as fallback...
2026-01-30 14:20:32,843 - __main__ - INFO - ✅ Fallback direct connection established
2026-01-30 14:20:32,935 - __main__ - ERROR - Error returning connection to pool: trying to put unkeyed connection
2026-01-30 14:20:35,411 - __main__ - INFO - Checking subscription for user 1398275867: status = member
2026-01-30 14:20:35,411 - __main__ - INFO - User 1398275867 is subscribed to channel
2026-01-30 14:20:35,412 - __main__ - WARNING - Pool error on attempt 1/3: connection pool exhausted
2026-01-30 14:20:35,912 - __main__ - WARNING - Pool error on attempt 2/3: connection pool exhausted
2026-01-30 14:20:36,912 - __main__ - WARNING - Pool error on attempt 3/3: connection pool exhausted
2026-01-30 14:20:36,912 - __main__ - ERROR - ❌ Pool error after 3 attempts: connection pool exhausted
2026-01-30 14:20:36,912 - __main__ - INFO - Trying direct connection as fallback...
2026-01-30 14:20:37,123 - __main__ - INFO - ✅ Fallback direct connection established
2026-01-30 14:20:37,237 - __main__ - ERROR - Error returning connection to pool: trying to put unkeyed connection
2026-01-30 14:22:33,074 - label - INFO - YooKassa configured with account_id: 1215507
2026-01-30 14:22:33,538 - label - INFO - ✅ YooKassa configuration test successful with new credentials
2026-01-30 14:22:33,623 - label - WARNING - openpyxl module not available. Excel report generation will be disabled.
2026-01-30 14:22:33,628 - label - INFO - ✅ Таймауты API настроены: READ=30s, CONNECT=10s
2026-01-30 14:22:33,628 - label - INFO - 🤖 Starting Telegram bot...
2026-01-30 14:22:37,664 - label - INFO - Initializing DB connection pool to localhost:5432/postgres
2026-01-30 14:22:37,707 - label - INFO - ✅ PostgreSQL connection pool initialized
2026-01-30 14:41:04,629 - label - INFO - YooKassa configured with account_id: 1215507
2026-01-30 14:41:04,929 - label - INFO - ✅ YooKassa configuration test successful with new credentials
2026-01-30 14:41:05,026 - label - WARNING - openpyxl module not available. Excel report generation will be disabled.
2026-01-30 14:41:05,030 - label - INFO - ✅ Таймауты API настроены: READ=30s, CONNECT=10s
2026-01-30 14:41:05,030 - label - INFO - 🤖 Starting Telegram bot...
2026-01-30 14:42:42,774 - label - INFO - Initializing DB connection pool to localhost:5432/postgres
2026-01-30 14:42:43,091 - label - INFO - ✅ PostgreSQL connection pool initialized
2026-01-30 14:45:22,660 - __main__ - INFO - YooKassa configured with account_id: 1215507
2026-01-30 14:45:23,118 - __main__ - INFO - ✅ YooKassa configuration test successful with new credentials
2026-01-30 14:45:23,232 - __main__ - WARNING - openpyxl module not available. Excel report generation will be disabled.
2026-01-30 14:45:23,236 - __main__ - INFO - 🔧 Initializing database...
2026-01-30 14:45:23,237 - __main__ - INFO - Initializing DB connection pool to localhost:5432/postgres
2026-01-30 14:45:23,464 - __main__ - INFO - ✅ PostgreSQL connection pool initialized
2026-01-30 14:45:23,464 - __main__ - INFO - Starting database initialization...
2026-01-30 14:45:23,464 - __main__ - INFO - Creating label table...
2026-01-30 14:45:23,486 - __main__ - INFO - Creating reviews table...
2026-01-30 14:45:23,486 - __main__ - INFO - Creating releases table...
2026-01-30 14:45:23,502 - __main__ - INFO - Creating files table...
2026-01-30 14:45:23,503 - __main__ - INFO - Creating distribution_agreements table...
2026-01-30 14:45:23,503 - __main__ - INFO - Creating payments table...
2026-01-30 14:45:23,504 - __main__ - INFO - Creating user_sessions table...
2026-01-30 14:45:23,504 - __main__ - INFO - Creating admin_logs table...
2026-01-30 14:45:23,504 - __main__ - INFO - Creating orders table...
2026-01-30 14:45:23,505 - __main__ - INFO - Creating promo codes table...
2026-01-30 14:45:23,505 - __main__ - INFO - Creating report requests table...
2026-01-30 14:45:23,506 - __main__ - INFO - Creating contracts table...
2026-01-30 14:45:23,556 - __main__ - INFO - Adding missing columns to existing tables...
2026-01-30 14:45:23,626 - __main__ - INFO - ✅ Added column to label table: ALTER TABLE label ADD COLUMN IF NOT EXISTS created_date TIMESTAMP DEFAULT CURRENT_TIMESTAMP
2026-01-30 14:45:23,627 - __main__ - INFO - ✅ Added column to label table: ALTER TABLE label ADD COLUMN IF NOT EXISTS balance NUMERIC(10, 2) DEFAULT 0
2026-01-30 14:45:23,627 - __main__ - INFO - ✅ Added column to label table: ALTER TABLE label ADD COLUMN IF NOT EXISTS email TEXT
2026-01-30 14:45:23,628 - __main__ - INFO - ✅ Added column to label table: ALTER TABLE label ADD COLUMN IF NOT EXISTS fio TEXT
2026-01-30 14:45:23,628 - __main__ - INFO - ✅ Added column to label table: ALTER TABLE label ADD COLUMN IF NOT EXISTS phone VARCHAR(50)
2026-01-30 14:45:23,629 - __main__ - INFO - ✅ Added column to label table: ALTER TABLE label ADD COLUMN IF NOT EXISTS owner INTEGER DEFAULT 0
2026-01-30 14:45:23,629 - __main__ - INFO - ✅ Added column to label table: ALTER TABLE label ADD COLUMN IF NOT EXISTS steezy INTEGER DEFAULT 0
2026-01-30 14:45:23,629 - __main__ - INFO - ✅ Added column to label table: ALTER TABLE label ADD COLUMN IF NOT EXISTS bibi INTEGER DEFAULT 0
2026-01-30 14:45:23,630 - __main__ - INFO - ✅ Added column to label table: ALTER TABLE label ADD COLUMN IF NOT EXISTS shvepz INTEGER DEFAULT 0
2026-01-30 14:45:23,630 - __main__ - INFO - ✅ Added column to label table: ALTER TABLE label ADD COLUMN IF NOT EXISTS creator INTEGER DEFAULT 0
2026-01-30 14:45:23,855 - __main__ - INFO - ✅ Added column to report_requests table: ALTER TABLE report_requests ADD COLUMN IF NOT EXISTS updated_at TIMESTAMP
2026-01-30 14:45:23,855 - __main__ - INFO - ✅ Added column to report_requests table: ALTER TABLE report_requests ADD COLUMN IF NOT EXISTS rejection_reason TEXT
2026-01-30 14:45:23,861 - __main__ - INFO - ✅ Modified column in report_requests table: ALTER TABLE report_requests ALTER COLUMN release_type DROP NOT NULL
2026-01-30 14:45:24,987 - __main__ - WARNING - Could not verify role columns: column "owner" is of type boolean but expression is of type integer
LINE 1: UPDATE label SET owner = 0 WHERE owner IS NULL
                                 ^
HINT:  You will need to rewrite or cast the expression.

2026-01-30 14:45:24,987 - __main__ - WARNING - Could not add column to releases table: current transaction is aborted, commands ignored until end of transaction block

2026-01-30 14:45:24,987 - __main__ - WARNING - Could not add column to releases table: current transaction is aborted, commands ignored until end of transaction block

2026-01-30 14:45:24,988 - __main__ - WARNING - Could not add column to releases table: current transaction is aborted, commands ignored until end of transaction block

2026-01-30 14:45:24,988 - __main__ - WARNING - Could not add column to releases table: current transaction is aborted, commands ignored until end of transaction block

2026-01-30 14:45:24,989 - __main__ - WARNING - Could not add column to releases table: current transaction is aborted, commands ignored until end of transaction block

2026-01-30 14:45:24,989 - __main__ - WARNING - Could not add column to files table: current transaction is aborted, commands ignored until end of transaction block

2026-01-30 14:45:24,990 - __main__ - WARNING - Could not add column to files table: current transaction is aborted, commands ignored until end of transaction block

2026-01-30 14:45:24,990 - __main__ - WARNING - Could not add column to files table: current transaction is aborted, commands ignored until end of transaction block

2026-01-30 14:45:24,991 - __main__ - WARNING - Could not add column to orders table: current transaction is aborted, commands ignored until end of transaction block

2026-01-30 14:45:24,991 - __main__ - WARNING - Could not add column to orders table: current transaction is aborted, commands ignored until end of transaction block

2026-01-30 14:45:24,992 - __main__ - WARNING - Could not add column to orders table: current transaction is aborted, commands ignored until end of transaction block

2026-01-30 14:45:24,992 - __main__ - WARNING - Could not handle promo_codes table structure: current transaction is aborted, commands ignored until end of transaction block

2026-01-30 14:45:24,993 - __main__ - ERROR - Failed to recreate promo_codes table: current transaction is aborted, commands ignored until end of transaction block

2026-01-30 14:45:24,993 - __main__ - INFO - Creating indexes...
2026-01-30 14:45:24,993 - __main__ - WARNING - Could not create index: current transaction is aborted, commands ignored until end of transaction block

2026-01-30 14:45:24,994 - __main__ - WARNING - Could not create index: current transaction is aborted, commands ignored until end of transaction block

2026-01-30 14:45:24,994 - __main__ - WARNING - Could not create index: current transaction is aborted, commands ignored until end of transaction block

2026-01-30 14:45:24,995 - __main__ - WARNING - Could not create index: current transaction is aborted, commands ignored until end of transaction block

2026-01-30 14:45:24,996 - __main__ - WARNING - Could not create index: current transaction is aborted, commands ignored until end of transaction block

2026-01-30 14:45:24,996 - __main__ - WARNING - Could not create index: current transaction is aborted, commands ignored until end of transaction block

2026-01-30 14:45:24,996 - __main__ - WARNING - Could not create index: current transaction is aborted, commands ignored until end of transaction block

2026-01-30 14:45:24,997 - __main__ - WARNING - Could not create index: current transaction is aborted, commands ignored until end of transaction block

2026-01-30 14:45:24,997 - __main__ - WARNING - Could not create index: current transaction is aborted, commands ignored until end of transaction block

2026-01-30 14:45:24,998 - __main__ - WARNING - Could not create index: current transaction is aborted, commands ignored until end of transaction block

2026-01-30 14:45:24,998 - __main__ - WARNING - Could not create index: current transaction is aborted, commands ignored until end of transaction block

2026-01-30 14:45:24,998 - __main__ - WARNING - Could not create index: current transaction is aborted, commands ignored until end of transaction block

2026-01-30 14:45:24,999 - __main__ - WARNING - Could not create index: current transaction is aborted, commands ignored until end of transaction block

2026-01-30 14:45:24,999 - __main__ - WARNING - Could not create index: current transaction is aborted, commands ignored until end of transaction block

2026-01-30 14:45:25,000 - __main__ - WARNING - Could not create index: current transaction is aborted, commands ignored until end of transaction block

2026-01-30 14:45:25,000 - __main__ - WARNING - Could not create index: current transaction is aborted, commands ignored until end of transaction block

2026-01-30 14:45:25,000 - __main__ - WARNING - Could not create index: current transaction is aborted, commands ignored until end of transaction block

2026-01-30 14:45:25,001 - __main__ - WARNING - Could not create index: current transaction is aborted, commands ignored until end of transaction block

2026-01-30 14:45:25,001 - __main__ - WARNING - Could not create index: current transaction is aborted, commands ignored until end of transaction block

2026-01-30 14:45:25,001 - __main__ - WARNING - Could not create index: current transaction is aborted, commands ignored until end of transaction block

2026-01-30 14:45:25,002 - __main__ - WARNING - Could not create index: current transaction is aborted, commands ignored until end of transaction block

2026-01-30 14:45:25,002 - __main__ - WARNING - Could not create index: current transaction is aborted, commands ignored until end of transaction block

2026-01-30 14:45:25,003 - __main__ - WARNING - Could not create index: current transaction is aborted, commands ignored until end of transaction block

2026-01-30 14:45:25,003 - __main__ - WARNING - Could not create index: current transaction is aborted, commands ignored until end of transaction block

2026-01-30 14:45:25,004 - __main__ - INFO - Setting up permanent admins...
2026-01-30 14:45:25,004 - __main__ - WARNING - Could not set up admin 464793425: current transaction is aborted, commands ignored until end of transaction block

2026-01-30 14:45:25,005 - __main__ - WARNING - Could not set up admin 1398275867: current transaction is aborted, commands ignored until end of transaction block

2026-01-30 14:45:25,005 - __main__ - INFO - ✅ Database initialization completed successfully - all tables created with indexes
2026-01-30 14:45:25,005 - __main__ - INFO - ✅ Database initialization completed
2026-01-30 14:45:25,006 - __main__ - INFO - 🔧 Ensuring database columns...
2026-01-30 14:45:25,007 - __main__ - INFO - ✅ Ensured column email exists in label table
2026-01-30 14:45:25,007 - __main__ - INFO - ✅ Ensured column fio exists in label table
2026-01-30 14:45:25,007 - __main__ - INFO - ✅ Ensured column phone exists in label table
2026-01-30 14:45:25,008 - __main__ - INFO - ✅ Ensured column steezy exists in label table
2026-01-30 14:45:25,008 - __main__ - INFO - ✅ Ensured column bibi exists in label table
2026-01-30 14:45:25,009 - __main__ - INFO - ✅ Ensured column shvepz exists in label table
2026-01-30 14:45:25,009 - __main__ - INFO - ✅ Ensured column referral_code exists in label table
2026-01-30 14:45:25,009 - __main__ - INFO - ✅ Ensured column referral_count exists in label table
2026-01-30 14:45:25,010 - __main__ - INFO - ✅ Ensured column referral_earnings exists in label table
2026-01-30 14:45:25,012 - __main__ - INFO - ✅ All required label columns verified
2026-01-30 14:45:25,012 - __main__ - INFO - ✅ Database columns ensured
2026-01-30 14:45:25,012 - __main__ - INFO - 🔧 Adding platform links column...
2026-01-30 14:45:25,012 - __main__ - INFO - Adding platform_links column to releases table...
2026-01-30 14:45:25,015 - __main__ - INFO - ✅ Added platform_links column to releases table
2026-01-30 14:45:25,015 - __main__ - INFO - ✅ Platform links column added
2026-01-30 14:45:25,015 - __main__ - INFO - 🔧 Creating referrals table...
2026-01-30 14:45:25,016 - __main__ - INFO - Creating referrals table...
2026-01-30 14:45:25,022 - __main__ - INFO - ✅ referrals table created successfully
2026-01-30 14:45:25,023 - __main__ - INFO - ✅ Referrals table created
2026-01-30 14:45:25,023 - __main__ - INFO - 🔧 Testing bot token and checking for conflicts...
2026-01-30 14:45:25,215 - __main__ - INFO - ✅ Bot connected: @twaslabel_bot
2026-01-30 14:45:25,268 - __main__ - INFO - ✅ Bot instance check passed: @twaslabel_bot
2026-01-30 14:45:25,268 - __main__ - INFO - 🚀 Starting bot with enhanced error handling...
2026-01-30 14:45:25,268 - __main__ - INFO - 🔧 Testing channel access...
2026-01-30 14:45:25,382 - __main__ - INFO - ✅ Channel access test successful: talk with a star // label
2026-01-30 14:45:25,492 - __main__ - INFO - ✅ Bot member status: administrator
2026-01-30 14:45:25,492 - __main__ - INFO - ✅ Bot has admin rights in channel
2026-01-30 14:45:25,493 - __main__ - INFO - ✅ Channel access test passed, starting bot...
2026-01-30 14:45:25,493 - __main__ - INFO - ✅ Таймауты API настроены: READ=30s, CONNECT=10s
2026-01-30 14:45:25,493 - __main__ - INFO - 🤖 Starting Telegram bot...
2026-01-30 14:58:16,852 - __main__ - INFO - YooKassa configured with account_id: 1215507
2026-01-30 14:58:17,118 - __main__ - INFO - ✅ YooKassa configuration test successful with new credentials
2026-01-30 14:58:17,206 - __main__ - WARNING - openpyxl module not available. Excel report generation will be disabled.
2026-01-30 14:58:17,211 - __main__ - INFO - 🔧 Initializing database...
2026-01-30 14:58:17,211 - __main__ - INFO - Initializing DB connection pool to localhost:5432/postgres
2026-01-30 14:58:17,231 - __main__ - INFO - ✅ PostgreSQL connection pool initialized
2026-01-30 14:58:17,231 - __main__ - INFO - Starting database initialization...
2026-01-30 14:58:17,232 - __main__ - INFO - Creating label table...
2026-01-30 14:58:17,232 - __main__ - INFO - Creating reviews table...
2026-01-30 14:58:17,233 - __main__ - INFO - Creating releases table...
2026-01-30 14:58:17,233 - __main__ - INFO - Creating files table...
2026-01-30 14:58:17,234 - __main__ - INFO - Creating distribution_agreements table...
2026-01-30 14:58:17,234 - __main__ - INFO - Creating payments table...
2026-01-30 14:58:17,235 - __main__ - INFO - Creating user_sessions table...
2026-01-30 14:58:17,235 - __main__ - INFO - Creating admin_logs table...
2026-01-30 14:58:17,235 - __main__ - INFO - Creating orders table...
2026-01-30 14:58:17,236 - __main__ - INFO - Creating promo codes table...
2026-01-30 14:58:17,236 - __main__ - INFO - Creating report requests table...
2026-01-30 14:58:17,237 - __main__ - INFO - Creating contracts table...
2026-01-30 14:58:17,239 - __main__ - INFO - Adding missing columns to existing tables...
2026-01-30 14:58:17,239 - __main__ - INFO - ✅ Added column to label table: ALTER TABLE label ADD COLUMN IF NOT EXISTS created_date TIMESTAMP DEFAULT CURRENT_TIMESTAMP
2026-01-30 14:58:17,240 - __main__ - INFO - ✅ Added column to label table: ALTER TABLE label ADD COLUMN IF NOT EXISTS balance NUMERIC(10, 2) DEFAULT 0
2026-01-30 14:58:17,240 - __main__ - INFO - ✅ Added column to label table: ALTER TABLE label ADD COLUMN IF NOT EXISTS email TEXT
2026-01-30 14:58:17,240 - __main__ - INFO - ✅ Added column to label table: ALTER TABLE label ADD COLUMN IF NOT EXISTS fio TEXT
2026-01-30 14:58:17,241 - __main__ - INFO - ✅ Added column to label table: ALTER TABLE label ADD COLUMN IF NOT EXISTS phone VARCHAR(50)
2026-01-30 14:58:17,241 - __main__ - INFO - ✅ Added column to label table: ALTER TABLE label ADD COLUMN IF NOT EXISTS owner INTEGER DEFAULT 0
2026-01-30 14:58:17,242 - __main__ - INFO - ✅ Added column to label table: ALTER TABLE label ADD COLUMN IF NOT EXISTS steezy INTEGER DEFAULT 0
2026-01-30 14:58:17,242 - __main__ - INFO - ✅ Added column to label table: ALTER TABLE label ADD COLUMN IF NOT EXISTS bibi INTEGER DEFAULT 0
2026-01-30 14:58:17,242 - __main__ - INFO - ✅ Added column to label table: ALTER TABLE label ADD COLUMN IF NOT EXISTS shvepz INTEGER DEFAULT 0
2026-01-30 14:58:17,243 - __main__ - INFO - ✅ Added column to label table: ALTER TABLE label ADD COLUMN IF NOT EXISTS creator INTEGER DEFAULT 0
2026-01-30 14:58:17,370 - __main__ - INFO - ✅ Added column to report_requests table: ALTER TABLE report_requests ADD COLUMN IF NOT EXISTS updated_at TIMESTAMP
2026-01-30 14:58:17,371 - __main__ - INFO - ✅ Added column to report_requests table: ALTER TABLE report_requests ADD COLUMN IF NOT EXISTS rejection_reason TEXT
2026-01-30 14:58:17,371 - __main__ - INFO - ✅ Modified column in report_requests table: ALTER TABLE report_requests ALTER COLUMN release_type DROP NOT NULL
2026-01-30 14:58:17,380 - __main__ - WARNING - Could not verify role columns: column "owner" is of type boolean but expression is of type integer
LINE 1: UPDATE label SET owner = 0 WHERE owner IS NULL
                                 ^
HINT:  You will need to rewrite or cast the expression.

2026-01-30 14:58:17,380 - __main__ - WARNING - Could not add column to releases table: current transaction is aborted, commands ignored until end of transaction block

2026-01-30 14:58:17,381 - __main__ - WARNING - Could not add column to releases table: current transaction is aborted, commands ignored until end of transaction block

2026-01-30 14:58:17,381 - __main__ - WARNING - Could not add column to releases table: current transaction is aborted, commands ignored until end of transaction block

2026-01-30 14:58:17,382 - __main__ - WARNING - Could not add column to releases table: current transaction is aborted, commands ignored until end of transaction block

2026-01-30 14:58:17,382 - __main__ - WARNING - Could not add column to releases table: current transaction is aborted, commands ignored until end of transaction block

2026-01-30 14:58:17,382 - __main__ - WARNING - Could not add column to files table: current transaction is aborted, commands ignored until end of transaction block

2026-01-30 14:58:17,383 - __main__ - WARNING - Could not add column to files table: current transaction is aborted, commands ignored until end of transaction block

2026-01-30 14:58:17,383 - __main__ - WARNING - Could not add column to files table: current transaction is aborted, commands ignored until end of transaction block

2026-01-30 14:58:17,384 - __main__ - WARNING - Could not add column to orders table: current transaction is aborted, commands ignored until end of transaction block

2026-01-30 14:58:17,384 - __main__ - WARNING - Could not add column to orders table: current transaction is aborted, commands ignored until end of transaction block

2026-01-30 14:58:17,384 - __main__ - WARNING - Could not add column to orders table: current transaction is aborted, commands ignored until end of transaction block

2026-01-30 14:58:17,385 - __main__ - WARNING - Could not handle promo_codes table structure: current transaction is aborted, commands ignored until end of transaction block

2026-01-30 14:58:17,385 - __main__ - ERROR - Failed to recreate promo_codes table: current transaction is aborted, commands ignored until end of transaction block

2026-01-30 14:58:17,385 - __main__ - INFO - Creating indexes...
2026-01-30 14:58:17,386 - __main__ - WARNING - Could not create index: current transaction is aborted, commands ignored until end of transaction block

2026-01-30 14:58:17,386 - __main__ - WARNING - Could not create index: current transaction is aborted, commands ignored until end of transaction block

2026-01-30 14:58:17,387 - __main__ - WARNING - Could not create index: current transaction is aborted, commands ignored until end of transaction block

2026-01-30 14:58:17,387 - __main__ - WARNING - Could not create index: current transaction is aborted, commands ignored until end of transaction block

2026-01-30 14:58:17,387 - __main__ - WARNING - Could not create index: current transaction is aborted, commands ignored until end of transaction block

2026-01-30 14:58:17,388 - __main__ - WARNING - Could not create index: current transaction is aborted, commands ignored until end of transaction block

2026-01-30 14:58:17,388 - __main__ - WARNING - Could not create index: current transaction is aborted, commands ignored until end of transaction block

2026-01-30 14:58:17,388 - __main__ - WARNING - Could not create index: current transaction is aborted, commands ignored until end of transaction block

2026-01-30 14:58:17,389 - __main__ - WARNING - Could not create index: current transaction is aborted, commands ignored until end of transaction block

2026-01-30 14:58:17,389 - __main__ - WARNING - Could not create index: current transaction is aborted, commands ignored until end of transaction block

2026-01-30 14:58:17,390 - __main__ - WARNING - Could not create index: current transaction is aborted, commands ignored until end of transaction block

2026-01-30 14:58:17,390 - __main__ - WARNING - Could not create index: current transaction is aborted, commands ignored until end of transaction block

2026-01-30 14:58:17,390 - __main__ - WARNING - Could not create index: current transaction is aborted, commands ignored until end of transaction block

2026-01-30 14:58:17,391 - __main__ - WARNING - Could not create index: current transaction is aborted, commands ignored until end of transaction block

2026-01-30 14:58:17,391 - __main__ - WARNING - Could not create index: current transaction is aborted, commands ignored until end of transaction block

2026-01-30 14:58:17,391 - __main__ - WARNING - Could not create index: current transaction is aborted, commands ignored until end of transaction block

2026-01-30 14:58:17,392 - __main__ - WARNING - Could not create index: current transaction is aborted, commands ignored until end of transaction block

2026-01-30 14:58:17,392 - __main__ - WARNING - Could not create index: current transaction is aborted, commands ignored until end of transaction block

2026-01-30 14:58:17,392 - __main__ - WARNING - Could not create index: current transaction is aborted, commands ignored until end of transaction block

2026-01-30 14:58:17,393 - __main__ - WARNING - Could not create index: current transaction is aborted, commands ignored until end of transaction block

2026-01-30 14:58:17,393 - __main__ - WARNING - Could not create index: current transaction is aborted, commands ignored until end of transaction block

2026-01-30 14:58:17,394 - __main__ - WARNING - Could not create index: current transaction is aborted, commands ignored until end of transaction block

2026-01-30 14:58:17,394 - __main__ - WARNING - Could not create index: current transaction is aborted, commands ignored until end of transaction block

2026-01-30 14:58:17,394 - __main__ - WARNING - Could not create index: current transaction is aborted, commands ignored until end of transaction block

2026-01-30 14:58:17,395 - __main__ - INFO - Setting up permanent admins...
2026-01-30 14:58:17,395 - __main__ - WARNING - Could not set up admin 464793425: current transaction is aborted, commands ignored until end of transaction block

2026-01-30 14:58:17,395 - __main__ - WARNING - Could not set up admin 1398275867: current transaction is aborted, commands ignored until end of transaction block

2026-01-30 14:58:17,396 - __main__ - INFO - ✅ Database initialization completed successfully - all tables created with indexes
2026-01-30 14:58:17,396 - __main__ - INFO - ✅ Database initialization completed
2026-01-30 14:58:17,396 - __main__ - INFO - 🔧 Ensuring database columns...
2026-01-30 14:58:17,397 - __main__ - INFO - ✅ Ensured column email exists in label table
2026-01-30 14:58:17,397 - __main__ - INFO - ✅ Ensured column fio exists in label table
2026-01-30 14:58:17,397 - __main__ - INFO - ✅ Ensured column phone exists in label table
2026-01-30 14:58:17,398 - __main__ - INFO - ✅ Ensured column steezy exists in label table
2026-01-30 14:58:17,398 - __main__ - INFO - ✅ Ensured column bibi exists in label table
2026-01-30 14:58:17,399 - __main__ - INFO - ✅ Ensured column shvepz exists in label table
2026-01-30 14:58:17,399 - __main__ - INFO - ✅ Ensured column referral_code exists in label table
2026-01-30 14:58:17,399 - __main__ - INFO - ✅ Ensured column referral_count exists in label table
2026-01-30 14:58:17,400 - __main__ - INFO - ✅ Ensured column referral_earnings exists in label table
2026-01-30 14:58:17,402 - __main__ - INFO - ✅ All required label columns verified
2026-01-30 14:58:17,402 - __main__ - INFO - ✅ Database columns ensured
2026-01-30 14:58:17,403 - __main__ - INFO - 🔧 Adding platform links column...
2026-01-30 14:58:17,403 - __main__ - INFO - Adding platform_links column to releases table...
2026-01-30 14:58:17,406 - __main__ - INFO - ✅ Added platform_links column to releases table
2026-01-30 14:58:17,406 - __main__ - INFO - ✅ Platform links column added
2026-01-30 14:58:17,407 - __main__ - INFO - 🔧 Creating referrals table...
2026-01-30 14:58:17,407 - __main__ - INFO - Creating referrals table...
2026-01-30 14:58:17,408 - __main__ - INFO - ✅ referrals table created successfully
2026-01-30 14:58:17,409 - __main__ - INFO - ✅ Referrals table created
2026-01-30 14:58:17,409 - __main__ - INFO - 🔧 Testing bot token and checking for conflicts...
2026-01-30 14:58:17,574 - __main__ - INFO - ✅ Bot connected: @twaslabel_bot
2026-01-30 14:58:17,619 - __main__ - INFO - ✅ Bot instance check passed: @twaslabel_bot
2026-01-30 14:58:17,619 - __main__ - INFO - 🚀 Starting bot with enhanced error handling...
2026-01-30 14:58:17,620 - __main__ - INFO - 🔧 Testing channel access...
2026-01-30 14:58:17,708 - __main__ - INFO - ✅ Channel access test successful: talk with a star // label
2026-01-30 14:58:17,834 - __main__ - INFO - ✅ Bot member status: administrator
2026-01-30 14:58:17,834 - __main__ - INFO - ✅ Bot has admin rights in channel
2026-01-30 14:58:17,834 - __main__ - INFO - ✅ Channel access test passed, starting bot...
2026-01-30 14:58:17,835 - __main__ - INFO - ✅ Таймауты API настроены: READ=30s, CONNECT=10s
2026-01-30 14:58:17,835 - __main__ - INFO - 🤖 Starting Telegram bot...
2026-01-30 15:03:13,213 - __main__ - INFO - User 1398275867 (dolepp) is a permanent admin
2026-01-30 15:03:28,962 - __main__ - INFO - admin_panel_handler called with data: admin_orders
2026-01-30 15:03:28,964 - __main__ - INFO - Starting access level check for user_id: 1398275867
2026-01-30 15:03:28,964 - __main__ - INFO - User 1398275867 is a permanent admin
2026-01-30 15:03:28,964 - __main__ - INFO - Calling handler for action: orders
2026-01-30 15:03:28,964 - __main__ - INFO - Starting access level check for user_id: 1398275867
2026-01-30 15:03:28,964 - __main__ - INFO - User 1398275867 is a permanent admin
2026-01-30 15:03:30,338 - __main__ - INFO - admin_back called by user 1398275867
2026-01-30 15:03:30,338 - __main__ - INFO - User 1398275867 has admin access, showing admin panel
2026-01-30 15:03:30,452 - __main__ - INFO - Admin panel successfully displayed
2026-01-30 15:03:31,590 - __main__ - INFO - admin_panel_handler called with data: admin_users
2026-01-30 15:03:31,590 - __main__ - INFO - Starting access level check for user_id: 1398275867
2026-01-30 15:03:31,590 - __main__ - INFO - User 1398275867 is a permanent admin
2026-01-30 15:03:31,590 - __main__ - INFO - Calling handler for action: users
2026-01-30 15:06:47,226 - label - INFO - YooKassa configured with account_id: 1215507
2026-01-30 15:06:47,453 - label - INFO - ✅ YooKassa configuration test successful with new credentials
2026-01-30 15:06:47,540 - label - WARNING - openpyxl module not available. Excel report generation will be disabled.
2026-01-30 15:06:47,544 - label - INFO - ✅ Таймауты API настроены: READ=30s, CONNECT=10s
2026-01-30 15:06:47,544 - label - INFO - 🤖 Starting Telegram bot...
2026-01-30 15:06:48,120 - label - INFO - Initializing DB connection pool to localhost:5432/postgres
2026-01-30 15:06:48,138 - label - INFO - ✅ PostgreSQL connection pool initialized
2026-01-30 15:09:10,401 - __main__ - INFO - YooKassa configured with account_id: 1215507
2026-01-30 15:09:10,572 - __main__ - INFO - ✅ YooKassa configuration test successful with new credentials
2026-01-30 15:09:10,646 - __main__ - WARNING - openpyxl module not available. Excel report generation will be disabled.
2026-01-30 15:09:10,650 - __main__ - INFO - 🔧 Initializing database...
2026-01-30 15:09:10,651 - __main__ - INFO - Initializing DB connection pool to localhost:5432/postgres
2026-01-30 15:09:10,723 - __main__ - INFO - ✅ PostgreSQL connection pool initialized
2026-01-30 15:09:10,723 - __main__ - INFO - Starting database initialization...
2026-01-30 15:09:10,723 - __main__ - INFO - Creating label table...
2026-01-30 15:09:10,724 - __main__ - INFO - Creating reviews table...
2026-01-30 15:09:10,724 - __main__ - INFO - Creating releases table...
2026-01-30 15:09:10,725 - __main__ - INFO - Creating files table...
2026-01-30 15:09:10,725 - __main__ - INFO - Creating distribution_agreements table...
2026-01-30 15:09:10,725 - __main__ - INFO - Creating payments table...
2026-01-30 15:09:10,726 - __main__ - INFO - Creating user_sessions table...
2026-01-30 15:09:10,726 - __main__ - INFO - Creating admin_logs table...
2026-01-30 15:09:10,727 - __main__ - INFO - Creating orders table...
2026-01-30 15:09:10,727 - __main__ - INFO - Creating promo codes table...
2026-01-30 15:09:10,728 - __main__ - INFO - Creating report requests table...
2026-01-30 15:09:10,728 - __main__ - INFO - Creating contracts table...
2026-01-30 15:09:11,286 - __main__ - INFO - Adding missing columns to existing tables...
2026-01-30 15:09:11,287 - __main__ - INFO - ✅ Added column to label table: ALTER TABLE label ADD COLUMN IF NOT EXISTS created_date TIMESTAMP DEFAULT CURRENT_TIMESTAMP
2026-01-30 15:09:11,287 - __main__ - INFO - ✅ Added column to label table: ALTER TABLE label ADD COLUMN IF NOT EXISTS balance NUMERIC(10, 2) DEFAULT 0
2026-01-30 15:09:11,287 - __main__ - INFO - ✅ Added column to label table: ALTER TABLE label ADD COLUMN IF NOT EXISTS email TEXT
2026-01-30 15:09:11,288 - __main__ - INFO - ✅ Added column to label table: ALTER TABLE label ADD COLUMN IF NOT EXISTS fio TEXT
2026-01-30 15:09:11,288 - __main__ - INFO - ✅ Added column to label table: ALTER TABLE label ADD COLUMN IF NOT EXISTS phone VARCHAR(50)
2026-01-30 15:09:11,289 - __main__ - INFO - ✅ Added column to label table: ALTER TABLE label ADD COLUMN IF NOT EXISTS owner INTEGER DEFAULT 0
2026-01-30 15:09:11,289 - __main__ - INFO - ✅ Added column to label table: ALTER TABLE label ADD COLUMN IF NOT EXISTS steezy INTEGER DEFAULT 0
2026-01-30 15:09:11,290 - __main__ - INFO - ✅ Added column to label table: ALTER TABLE label ADD COLUMN IF NOT EXISTS bibi INTEGER DEFAULT 0
2026-01-30 15:09:11,290 - __main__ - INFO - ✅ Added column to label table: ALTER TABLE label ADD COLUMN IF NOT EXISTS shvepz INTEGER DEFAULT 0
2026-01-30 15:09:11,290 - __main__ - INFO - ✅ Added column to label table: ALTER TABLE label ADD COLUMN IF NOT EXISTS creator INTEGER DEFAULT 0
2026-01-30 15:09:11,302 - __main__ - INFO - ✅ Added column to report_requests table: ALTER TABLE report_requests ADD COLUMN IF NOT EXISTS updated_at TIMESTAMP
2026-01-30 15:09:11,302 - __main__ - INFO - ✅ Added column to report_requests table: ALTER TABLE report_requests ADD COLUMN IF NOT EXISTS rejection_reason TEXT
2026-01-30 15:09:11,303 - __main__ - INFO - ✅ Modified column in report_requests table: ALTER TABLE report_requests ALTER COLUMN release_type DROP NOT NULL
2026-01-30 15:09:11,312 - __main__ - WARNING - Could not verify role columns: column "owner" is of type boolean but expression is of type integer
LINE 1: UPDATE label SET owner = 0 WHERE owner IS NULL
                                 ^
HINT:  You will need to rewrite or cast the expression.

2026-01-30 15:09:11,312 - __main__ - WARNING - Could not add column to releases table: current transaction is aborted, commands ignored until end of transaction block

2026-01-30 15:09:11,312 - __main__ - WARNING - Could not add column to releases table: current transaction is aborted, commands ignored until end of transaction block

2026-01-30 15:09:11,313 - __main__ - WARNING - Could not add column to releases table: current transaction is aborted, commands ignored until end of transaction block

2026-01-30 15:09:11,313 - __main__ - WARNING - Could not add column to releases table: current transaction is aborted, commands ignored until end of transaction block

2026-01-30 15:09:11,313 - __main__ - WARNING - Could not add column to releases table: current transaction is aborted, commands ignored until end of transaction block

2026-01-30 15:09:11,314 - __main__ - WARNING - Could not add column to files table: current transaction is aborted, commands ignored until end of transaction block

2026-01-30 15:09:11,315 - __main__ - WARNING - Could not add column to files table: current transaction is aborted, commands ignored until end of transaction block

2026-01-30 15:09:11,315 - __main__ - WARNING - Could not add column to files table: current transaction is aborted, commands ignored until end of transaction block

2026-01-30 15:09:11,315 - __main__ - WARNING - Could not add column to orders table: current transaction is aborted, commands ignored until end of transaction block

2026-01-30 15:09:11,316 - __main__ - WARNING - Could not add column to orders table: current transaction is aborted, commands ignored until end of transaction block

2026-01-30 15:09:11,316 - __main__ - WARNING - Could not add column to orders table: current transaction is aborted, commands ignored until end of transaction block

2026-01-30 15:09:11,317 - __main__ - WARNING - Could not handle promo_codes table structure: current transaction is aborted, commands ignored until end of transaction block

2026-01-30 15:09:11,317 - __main__ - ERROR - Failed to recreate promo_codes table: current transaction is aborted, commands ignored until end of transaction block

2026-01-30 15:09:11,317 - __main__ - INFO - Creating indexes...
2026-01-30 15:09:11,318 - __main__ - WARNING - Could not create index: current transaction is aborted, commands ignored until end of transaction block

2026-01-30 15:09:11,318 - __main__ - WARNING - Could not create index: current transaction is aborted, commands ignored until end of transaction block

2026-01-30 15:09:11,318 - __main__ - WARNING - Could not create index: current transaction is aborted, commands ignored until end of transaction block

2026-01-30 15:09:11,319 - __main__ - WARNING - Could not create index: current transaction is aborted, commands ignored until end of transaction block

2026-01-30 15:09:11,319 - __main__ - WARNING - Could not create index: current transaction is aborted, commands ignored until end of transaction block

2026-01-30 15:09:11,320 - __main__ - WARNING - Could not create index: current transaction is aborted, commands ignored until end of transaction block

2026-01-30 15:09:11,320 - __main__ - WARNING - Could not create index: current transaction is aborted, commands ignored until end of transaction block

2026-01-30 15:09:11,320 - __main__ - WARNING - Could not create index: current transaction is aborted, commands ignored until end of transaction block

2026-01-30 15:09:11,321 - __main__ - WARNING - Could not create index: current transaction is aborted, commands ignored until end of transaction block

2026-01-30 15:09:11,321 - __main__ - WARNING - Could not create index: current transaction is aborted, commands ignored until end of transaction block

2026-01-30 15:09:11,322 - __main__ - WARNING - Could not create index: current transaction is aborted, commands ignored until end of transaction block

2026-01-30 15:09:11,322 - __main__ - WARNING - Could not create index: current transaction is aborted, commands ignored until end of transaction block

2026-01-30 15:09:11,322 - __main__ - WARNING - Could not create index: current transaction is aborted, commands ignored until end of transaction block

2026-01-30 15:09:11,323 - __main__ - WARNING - Could not create index: current transaction is aborted, commands ignored until end of transaction block

2026-01-30 15:09:11,323 - __main__ - WARNING - Could not create index: current transaction is aborted, commands ignored until end of transaction block

2026-01-30 15:09:11,323 - __main__ - WARNING - Could not create index: current transaction is aborted, commands ignored until end of transaction block

2026-01-30 15:09:11,324 - __main__ - WARNING - Could not create index: current transaction is aborted, commands ignored until end of transaction block

2026-01-30 15:09:11,324 - __main__ - WARNING - Could not create index: current transaction is aborted, commands ignored until end of transaction block

2026-01-30 15:09:11,325 - __main__ - WARNING - Could not create index: current transaction is aborted, commands ignored until end of transaction block

2026-01-30 15:09:11,325 - __main__ - WARNING - Could not create index: current transaction is aborted, commands ignored until end of transaction block

2026-01-30 15:09:11,325 - __main__ - WARNING - Could not create index: current transaction is aborted, commands ignored until end of transaction block

2026-01-30 15:09:11,326 - __main__ - WARNING - Could not create index: current transaction is aborted, commands ignored until end of transaction block

2026-01-30 15:09:11,326 - __main__ - WARNING - Could not create index: current transaction is aborted, commands ignored until end of transaction block

2026-01-30 15:09:11,326 - __main__ - WARNING - Could not create index: current transaction is aborted, commands ignored until end of transaction block

2026-01-30 15:09:11,327 - __main__ - INFO - Setting up permanent admins...
2026-01-30 15:09:11,327 - __main__ - WARNING - Could not set up admin 464793425: current transaction is aborted, commands ignored until end of transaction block

2026-01-30 15:09:11,327 - __main__ - WARNING - Could not set up admin 1398275867: current transaction is aborted, commands ignored until end of transaction block

2026-01-30 15:09:11,328 - __main__ - INFO - ✅ Database initialization completed successfully - all tables created with indexes
2026-01-30 15:09:11,328 - __main__ - INFO - ✅ Database initialization completed
2026-01-30 15:09:11,329 - __main__ - INFO - 🔧 Ensuring database columns...
2026-01-30 15:09:11,329 - __main__ - INFO - ✅ Ensured column email exists in label table
2026-01-30 15:09:11,330 - __main__ - INFO - ✅ Ensured column fio exists in label table
2026-01-30 15:09:11,330 - __main__ - INFO - ✅ Ensured column phone exists in label table
2026-01-30 15:09:11,330 - __main__ - INFO - ✅ Ensured column steezy exists in label table
2026-01-30 15:09:11,331 - __main__ - INFO - ✅ Ensured column bibi exists in label table
2026-01-30 15:09:11,331 - __main__ - INFO - ✅ Ensured column shvepz exists in label table
2026-01-30 15:09:11,331 - __main__ - INFO - ✅ Ensured column referral_code exists in label table
2026-01-30 15:09:11,332 - __main__ - INFO - ✅ Ensured column referral_count exists in label table
2026-01-30 15:09:11,332 - __main__ - INFO - ✅ Ensured column referral_earnings exists in label table
2026-01-30 15:09:11,334 - __main__ - INFO - ✅ All required label columns verified
2026-01-30 15:09:11,335 - __main__ - INFO - ✅ Database columns ensured
2026-01-30 15:09:11,336 - __main__ - INFO - 🔧 Adding platform links column...
2026-01-30 15:09:11,336 - __main__ - INFO - Adding platform_links column to releases table...
2026-01-30 15:09:11,340 - __main__ - INFO - ✅ Added platform_links column to releases table
2026-01-30 15:09:11,340 - __main__ - INFO - ✅ Platform links column added
2026-01-30 15:09:11,340 - __main__ - INFO - 🔧 Creating referrals table...
2026-01-30 15:09:11,341 - __main__ - INFO - Creating referrals table...
2026-01-30 15:09:11,342 - __main__ - INFO - ✅ referrals table created successfully
2026-01-30 15:09:11,343 - __main__ - INFO - ✅ Referrals table created
2026-01-30 15:09:11,343 - __main__ - INFO - 🔧 Testing bot token and checking for conflicts...
2026-01-30 15:09:11,500 - __main__ - INFO - ✅ Bot connected: @twaslabel_bot
2026-01-30 15:09:11,548 - __main__ - INFO - ✅ Bot instance check passed: @twaslabel_bot
2026-01-30 15:09:11,549 - __main__ - INFO - 🚀 Starting bot with enhanced error handling...
2026-01-30 15:09:11,549 - __main__ - INFO - 🔧 Testing channel access...
2026-01-30 15:09:11,637 - __main__ - INFO - ✅ Channel access test successful: talk with a star // label
2026-01-30 15:09:11,721 - __main__ - INFO - ✅ Bot member status: administrator
2026-01-30 15:09:11,721 - __main__ - INFO - ✅ Bot has admin rights in channel
2026-01-30 15:09:11,722 - __main__ - INFO - ✅ Channel access test passed, starting bot...
2026-01-30 15:09:11,722 - __main__ - INFO - ✅ Таймауты API настроены: READ=30s, CONNECT=10s
2026-01-30 15:09:11,722 - __main__ - INFO - 🤖 Starting Telegram bot...
2026-01-30 15:13:16,207 - __main__ - INFO - YooKassa configured with account_id: 1215507
2026-01-30 15:13:16,735 - __main__ - INFO - ✅ YooKassa configuration test successful with new credentials
2026-01-30 15:13:16,807 - __main__ - WARNING - openpyxl module not available. Excel report generation will be disabled.
2026-01-30 15:13:16,811 - __main__ - INFO - 🔧 Initializing database...
2026-01-30 15:13:16,812 - __main__ - INFO - Initializing DB connection pool to localhost:5432/postgres
2026-01-30 15:13:17,258 - __main__ - INFO - ✅ PostgreSQL connection pool initialized
2026-01-30 15:13:17,259 - __main__ - INFO - Starting database initialization...
2026-01-30 15:13:17,259 - __main__ - INFO - Creating label table...
2026-01-30 15:13:17,260 - __main__ - INFO - Creating reviews table...
2026-01-30 15:13:17,260 - __main__ - INFO - Creating releases table...
2026-01-30 15:13:17,260 - __main__ - INFO - Creating files table...
2026-01-30 15:13:17,261 - __main__ - INFO - Creating distribution_agreements table...
2026-01-30 15:13:17,261 - __main__ - INFO - Creating payments table...
2026-01-30 15:13:17,262 - __main__ - INFO - Creating user_sessions table...
2026-01-30 15:13:17,262 - __main__ - INFO - Creating admin_logs table...
2026-01-30 15:13:17,262 - __main__ - INFO - Creating orders table...
2026-01-30 15:13:17,263 - __main__ - INFO - Creating promo codes table...
2026-01-30 15:13:17,263 - __main__ - INFO - Creating report requests table...
2026-01-30 15:13:17,264 - __main__ - INFO - Creating contracts table...
2026-01-30 15:13:17,266 - __main__ - INFO - Adding missing columns to existing tables...
2026-01-30 15:13:17,266 - __main__ - INFO - ✅ Added column to label table: ALTER TABLE label ADD COLUMN IF NOT EXISTS created_date TIMESTAMP DEFAULT CURRENT_TIMESTAMP
2026-01-30 15:13:17,267 - __main__ - INFO - ✅ Added column to label table: ALTER TABLE label ADD COLUMN IF NOT EXISTS balance NUMERIC(10, 2) DEFAULT 0
2026-01-30 15:13:17,267 - __main__ - INFO - ✅ Added column to label table: ALTER TABLE label ADD COLUMN IF NOT EXISTS email TEXT
2026-01-30 15:13:17,267 - __main__ - INFO - ✅ Added column to label table: ALTER TABLE label ADD COLUMN IF NOT EXISTS fio TEXT
2026-01-30 15:13:17,268 - __main__ - INFO - ✅ Added column to label table: ALTER TABLE label ADD COLUMN IF NOT EXISTS phone VARCHAR(50)
2026-01-30 15:13:17,268 - __main__ - INFO - ✅ Added column to label table: ALTER TABLE label ADD COLUMN IF NOT EXISTS owner INTEGER DEFAULT 0
2026-01-30 15:13:17,269 - __main__ - INFO - ✅ Added column to label table: ALTER TABLE label ADD COLUMN IF NOT EXISTS steezy INTEGER DEFAULT 0
2026-01-30 15:13:17,269 - __main__ - INFO - ✅ Added column to label table: ALTER TABLE label ADD COLUMN IF NOT EXISTS bibi INTEGER DEFAULT 0
2026-01-30 15:13:17,270 - __main__ - INFO - ✅ Added column to label table: ALTER TABLE label ADD COLUMN IF NOT EXISTS shvepz INTEGER DEFAULT 0
2026-01-30 15:13:17,270 - __main__ - INFO - ✅ Added column to label table: ALTER TABLE label ADD COLUMN IF NOT EXISTS creator INTEGER DEFAULT 0
2026-01-30 15:13:17,305 - __main__ - INFO - ✅ Added column to report_requests table: ALTER TABLE report_requests ADD COLUMN IF NOT EXISTS updated_at TIMESTAMP
2026-01-30 15:13:17,306 - __main__ - INFO - ✅ Added column to report_requests table: ALTER TABLE report_requests ADD COLUMN IF NOT EXISTS rejection_reason TEXT
2026-01-30 15:13:17,307 - __main__ - INFO - ✅ Modified column in report_requests table: ALTER TABLE report_requests ALTER COLUMN release_type DROP NOT NULL
2026-01-30 15:13:17,316 - __main__ - WARNING - Could not verify role columns: column "owner" is of type boolean but expression is of type integer
LINE 1: UPDATE label SET owner = 0 WHERE owner IS NULL
                                 ^
HINT:  You will need to rewrite or cast the expression.

2026-01-30 15:13:17,316 - __main__ - WARNING - Could not add column to releases table: current transaction is aborted, commands ignored until end of transaction block

2026-01-30 15:13:17,317 - __main__ - WARNING - Could not add column to releases table: current transaction is aborted, commands ignored until end of transaction block

2026-01-30 15:13:17,317 - __main__ - WARNING - Could not add column to releases table: current transaction is aborted, commands ignored until end of transaction block

2026-01-30 15:13:17,317 - __main__ - WARNING - Could not add column to releases table: current transaction is aborted, commands ignored until end of transaction block

2026-01-30 15:13:17,318 - __main__ - WARNING - Could not add column to releases table: current transaction is aborted, commands ignored until end of transaction block

2026-01-30 15:13:17,318 - __main__ - WARNING - Could not add column to files table: current transaction is aborted, commands ignored until end of transaction block

2026-01-30 15:13:17,318 - __main__ - WARNING - Could not add column to files table: current transaction is aborted, commands ignored until end of transaction block

2026-01-30 15:13:17,319 - __main__ - WARNING - Could not add column to files table: current transaction is aborted, commands ignored until end of transaction block

2026-01-30 15:13:17,319 - __main__ - WARNING - Could not add column to orders table: current transaction is aborted, commands ignored until end of transaction block

2026-01-30 15:13:17,320 - __main__ - WARNING - Could not add column to orders table: current transaction is aborted, commands ignored until end of transaction block

2026-01-30 15:13:17,320 - __main__ - WARNING - Could not add column to orders table: current transaction is aborted, commands ignored until end of transaction block

2026-01-30 15:13:17,320 - __main__ - WARNING - Could not handle promo_codes table structure: current transaction is aborted, commands ignored until end of transaction block

2026-01-30 15:13:17,321 - __main__ - ERROR - Failed to recreate promo_codes table: current transaction is aborted, commands ignored until end of transaction block

2026-01-30 15:13:17,321 - __main__ - INFO - Creating indexes...
2026-01-30 15:13:17,321 - __main__ - WARNING - Could not create index: current transaction is aborted, commands ignored until end of transaction block

2026-01-30 15:13:17,322 - __main__ - WARNING - Could not create index: current transaction is aborted, commands ignored until end of transaction block

2026-01-30 15:13:17,322 - __main__ - WARNING - Could not create index: current transaction is aborted, commands ignored until end of transaction block

2026-01-30 15:13:17,323 - __main__ - WARNING - Could not create index: current transaction is aborted, commands ignored until end of transaction block

2026-01-30 15:13:17,323 - __main__ - WARNING - Could not create index: current transaction is aborted, commands ignored until end of transaction block

2026-01-30 15:13:17,323 - __main__ - WARNING - Could not create index: current transaction is aborted, commands ignored until end of transaction block

2026-01-30 15:13:17,324 - __main__ - WARNING - Could not create index: current transaction is aborted, commands ignored until end of transaction block

2026-01-30 15:13:17,324 - __main__ - WARNING - Could not create index: current transaction is aborted, commands ignored until end of transaction block

2026-01-30 15:13:17,324 - __main__ - WARNING - Could not create index: current transaction is aborted, commands ignored until end of transaction block

2026-01-30 15:13:17,325 - __main__ - WARNING - Could not create index: current transaction is aborted, commands ignored until end of transaction block

2026-01-30 15:13:17,325 - __main__ - WARNING - Could not create index: current transaction is aborted, commands ignored until end of transaction block

2026-01-30 15:13:17,326 - __main__ - WARNING - Could not create index: current transaction is aborted, commands ignored until end of transaction block

2026-01-30 15:13:17,326 - __main__ - WARNING - Could not create index: current transaction is aborted, commands ignored until end of transaction block

2026-01-30 15:13:17,326 - __main__ - WARNING - Could not create index: current transaction is aborted, commands ignored until end of transaction block

2026-01-30 15:13:17,327 - __main__ - WARNING - Could not create index: current transaction is aborted, commands ignored until end of transaction block

2026-01-30 15:13:17,327 - __main__ - WARNING - Could not create index: current transaction is aborted, commands ignored until end of transaction block

2026-01-30 15:13:17,327 - __main__ - WARNING - Could not create index: current transaction is aborted, commands ignored until end of transaction block

2026-01-30 15:13:17,328 - __main__ - WARNING - Could not create index: current transaction is aborted, commands ignored until end of transaction block

2026-01-30 15:13:17,328 - __main__ - WARNING - Could not create index: current transaction is aborted, commands ignored until end of transaction block

2026-01-30 15:13:17,329 - __main__ - WARNING - Could not create index: current transaction is aborted, commands ignored until end of transaction block

2026-01-30 15:13:17,329 - __main__ - WARNING - Could not create index: current transaction is aborted, commands ignored until end of transaction block

2026-01-30 15:13:17,329 - __main__ - WARNING - Could not create index: current transaction is aborted, commands ignored until end of transaction block

2026-01-30 15:13:17,330 - __main__ - WARNING - Could not create index: current transaction is aborted, commands ignored until end of transaction block

2026-01-30 15:13:17,330 - __main__ - WARNING - Could not create index: current transaction is aborted, commands ignored until end of transaction block

2026-01-30 15:13:17,330 - __main__ - INFO - Setting up permanent admins...
2026-01-30 15:13:17,331 - __main__ - WARNING - Could not set up admin 464793425: current transaction is aborted, commands ignored until end of transaction block

2026-01-30 15:13:17,331 - __main__ - WARNING - Could not set up admin 1398275867: current transaction is aborted, commands ignored until end of transaction block

2026-01-30 15:13:17,331 - __main__ - INFO - ✅ Database initialization completed successfully - all tables created with indexes
2026-01-30 15:13:17,332 - __main__ - INFO - ✅ Database initialization completed
2026-01-30 15:13:17,332 - __main__ - INFO - 🔧 Ensuring database columns...
2026-01-30 15:13:17,332 - __main__ - INFO - ✅ Ensured column email exists in label table
2026-01-30 15:13:17,333 - __main__ - INFO - ✅ Ensured column fio exists in label table
2026-01-30 15:13:17,333 - __main__ - INFO - ✅ Ensured column phone exists in label table
2026-01-30 15:13:17,333 - __main__ - INFO - ✅ Ensured column steezy exists in label table
2026-01-30 15:13:17,334 - __main__ - INFO - ✅ Ensured column bibi exists in label table
2026-01-30 15:13:17,334 - __main__ - INFO - ✅ Ensured column shvepz exists in label table
2026-01-30 15:13:17,335 - __main__ - INFO - ✅ Ensured column referral_code exists in label table
2026-01-30 15:13:17,335 - __main__ - INFO - ✅ Ensured column referral_count exists in label table
2026-01-30 15:13:17,335 - __main__ - INFO - ✅ Ensured column referral_earnings exists in label table
2026-01-30 15:13:17,337 - __main__ - INFO - ✅ All required label columns verified
2026-01-30 15:13:17,337 - __main__ - INFO - ✅ Database columns ensured
2026-01-30 15:13:17,337 - __main__ - INFO - 🔧 Adding platform links column...
2026-01-30 15:13:17,337 - __main__ - INFO - Adding platform_links column to releases table...
2026-01-30 15:13:17,340 - __main__ - INFO - ✅ Added platform_links column to releases table
2026-01-30 15:13:17,340 - __main__ - INFO - ✅ Platform links column added
2026-01-30 15:13:17,340 - __main__ - INFO - 🔧 Creating referrals table...
2026-01-30 15:13:17,340 - __main__ - INFO - Creating referrals table...
2026-01-30 15:13:17,342 - __main__ - INFO - ✅ referrals table created successfully
2026-01-30 15:13:17,342 - __main__ - INFO - ✅ Referrals table created
2026-01-30 15:13:17,342 - __main__ - INFO - 🔧 Testing bot token and checking for conflicts...
2026-01-30 15:13:17,515 - __main__ - INFO - ✅ Bot connected: @twaslabel_bot
2026-01-30 15:13:17,568 - __main__ - INFO - ✅ Bot instance check passed: @twaslabel_bot
2026-01-30 15:13:17,568 - __main__ - INFO - 🚀 Starting bot with enhanced error handling...
2026-01-30 15:13:17,568 - __main__ - INFO - 🔧 Testing channel access...
2026-01-30 15:13:17,662 - __main__ - INFO - ✅ Channel access test successful: talk with a star // label
2026-01-30 15:13:17,765 - __main__ - INFO - ✅ Bot member status: administrator
2026-01-30 15:13:17,766 - __main__ - INFO - ✅ Bot has admin rights in channel
2026-01-30 15:13:17,766 - __main__ - INFO - ✅ Channel access test passed, starting bot...
2026-01-30 15:13:17,766 - __main__ - INFO - ✅ Таймауты API настроены: READ=30s, CONNECT=10s
2026-01-30 15:13:17,766 - __main__ - INFO - 🤖 Starting Telegram bot...
2026-01-30 15:21:42,892 - __main__ - INFO - YooKassa configured with account_id: 1215507
2026-01-30 15:21:43,104 - __main__ - INFO - ✅ YooKassa configuration test successful with new credentials
2026-01-30 15:21:43,220 - __main__ - WARNING - openpyxl module not available. Excel report generation will be disabled.
2026-01-30 15:21:43,224 - __main__ - INFO - 🔧 Initializing database...
2026-01-30 15:21:43,224 - __main__ - INFO - Initializing DB connection pool to localhost:5432/postgres
2026-01-30 15:21:43,327 - __main__ - INFO - ✅ PostgreSQL connection pool initialized
2026-01-30 15:21:43,328 - __main__ - INFO - Starting database initialization...
2026-01-30 15:21:43,328 - __main__ - INFO - Creating label table...
2026-01-30 15:21:43,339 - __main__ - INFO - Creating reviews table...
2026-01-30 15:21:43,339 - __main__ - INFO - Creating releases table...
2026-01-30 15:21:43,340 - __main__ - INFO - Creating files table...
2026-01-30 15:21:43,340 - __main__ - INFO - Creating distribution_agreements table...
2026-01-30 15:21:43,341 - __main__ - INFO - Creating payments table...
2026-01-30 15:21:43,341 - __main__ - INFO - Creating user_sessions table...
2026-01-30 15:21:43,341 - __main__ - INFO - Creating admin_logs table...
2026-01-30 15:21:43,342 - __main__ - INFO - Creating orders table...
2026-01-30 15:21:43,342 - __main__ - INFO - Creating promo codes table...
2026-01-30 15:21:43,343 - __main__ - INFO - Creating report requests table...
2026-01-30 15:21:43,343 - __main__ - INFO - Creating contracts table...
2026-01-30 15:21:43,357 - __main__ - INFO - Adding missing columns to existing tables...
2026-01-30 15:21:43,357 - __main__ - INFO - ✅ Added column to label table: ALTER TABLE label ADD COLUMN IF NOT EXISTS created_date TIMESTAMP DEFAULT CURRENT_TIMESTAMP
2026-01-30 15:21:43,358 - __main__ - INFO - ✅ Added column to label table: ALTER TABLE label ADD COLUMN IF NOT EXISTS balance NUMERIC(10, 2) DEFAULT 0
2026-01-30 15:21:43,358 - __main__ - INFO - ✅ Added column to label table: ALTER TABLE label ADD COLUMN IF NOT EXISTS email TEXT
2026-01-30 15:21:43,358 - __main__ - INFO - ✅ Added column to label table: ALTER TABLE label ADD COLUMN IF NOT EXISTS fio TEXT
2026-01-30 15:21:43,359 - __main__ - INFO - ✅ Added column to label table: ALTER TABLE label ADD COLUMN IF NOT EXISTS phone VARCHAR(50)
2026-01-30 15:21:43,359 - __main__ - INFO - ✅ Added column to label table: ALTER TABLE label ADD COLUMN IF NOT EXISTS owner INTEGER DEFAULT 0
2026-01-30 15:21:43,360 - __main__ - INFO - ✅ Added column to label table: ALTER TABLE label ADD COLUMN IF NOT EXISTS steezy INTEGER DEFAULT 0
2026-01-30 15:21:43,360 - __main__ - INFO - ✅ Added column to label table: ALTER TABLE label ADD COLUMN IF NOT EXISTS bibi INTEGER DEFAULT 0
2026-01-30 15:21:43,360 - __main__ - INFO - ✅ Added column to label table: ALTER TABLE label ADD COLUMN IF NOT EXISTS shvepz INTEGER DEFAULT 0
2026-01-30 15:21:43,361 - __main__ - INFO - ✅ Added column to label table: ALTER TABLE label ADD COLUMN IF NOT EXISTS creator INTEGER DEFAULT 0
2026-01-30 15:21:43,379 - __main__ - INFO - ✅ Added column to report_requests table: ALTER TABLE report_requests ADD COLUMN IF NOT EXISTS updated_at TIMESTAMP
2026-01-30 15:21:43,380 - __main__ - INFO - ✅ Added column to report_requests table: ALTER TABLE report_requests ADD COLUMN IF NOT EXISTS rejection_reason TEXT
2026-01-30 15:21:43,381 - __main__ - INFO - ✅ Modified column in report_requests table: ALTER TABLE report_requests ALTER COLUMN release_type DROP NOT NULL
2026-01-30 15:21:43,389 - __main__ - WARNING - Could not verify role columns: column "owner" is of type boolean but expression is of type integer
LINE 1: UPDATE label SET owner = 0 WHERE owner IS NULL
                                 ^
HINT:  You will need to rewrite or cast the expression.

2026-01-30 15:21:43,390 - __main__ - WARNING - Could not add column to releases table: current transaction is aborted, commands ignored until end of transaction block

2026-01-30 15:21:43,390 - __main__ - WARNING - Could not add column to releases table: current transaction is aborted, commands ignored until end of transaction block

2026-01-30 15:21:43,391 - __main__ - WARNING - Could not add column to releases table: current transaction is aborted, commands ignored until end of transaction block

2026-01-30 15:21:43,391 - __main__ - WARNING - Could not add column to releases table: current transaction is aborted, commands ignored until end of transaction block

2026-01-30 15:21:43,392 - __main__ - WARNING - Could not add column to releases table: current transaction is aborted, commands ignored until end of transaction block

2026-01-30 15:21:43,392 - __main__ - WARNING - Could not add column to files table: current transaction is aborted, commands ignored until end of transaction block

2026-01-30 15:21:43,392 - __main__ - WARNING - Could not add column to files table: current transaction is aborted, commands ignored until end of transaction block

2026-01-30 15:21:43,393 - __main__ - WARNING - Could not add column to files table: current transaction is aborted, commands ignored until end of transaction block

2026-01-30 15:21:43,393 - __main__ - WARNING - Could not add column to orders table: current transaction is aborted, commands ignored until end of transaction block

2026-01-30 15:21:43,393 - __main__ - WARNING - Could not add column to orders table: current transaction is aborted, commands ignored until end of transaction block

2026-01-30 15:21:43,394 - __main__ - WARNING - Could not add column to orders table: current transaction is aborted, commands ignored until end of transaction block

2026-01-30 15:21:43,394 - __main__ - WARNING - Could not handle promo_codes table structure: current transaction is aborted, commands ignored until end of transaction block

2026-01-30 15:21:43,395 - __main__ - ERROR - Failed to recreate promo_codes table: current transaction is aborted, commands ignored until end of transaction block

2026-01-30 15:21:43,395 - __main__ - INFO - Creating indexes...
2026-01-30 15:21:43,395 - __main__ - WARNING - Could not create index: current transaction is aborted, commands ignored until end of transaction block

2026-01-30 15:21:43,396 - __main__ - WARNING - Could not create index: current transaction is aborted, commands ignored until end of transaction block

2026-01-30 15:21:43,396 - __main__ - WARNING - Could not create index: current transaction is aborted, commands ignored until end of transaction block

2026-01-30 15:21:43,396 - __main__ - WARNING - Could not create index: current transaction is aborted, commands ignored until end of transaction block

2026-01-30 15:21:43,397 - __main__ - WARNING - Could not create index: current transaction is aborted, commands ignored until end of transaction block

2026-01-30 15:21:43,397 - __main__ - WARNING - Could not create index: current transaction is aborted, commands ignored until end of transaction block

2026-01-30 15:21:43,397 - __main__ - WARNING - Could not create index: current transaction is aborted, commands ignored until end of transaction block

2026-01-30 15:21:43,398 - __main__ - WARNING - Could not create index: current transaction is aborted, commands ignored until end of transaction block

2026-01-30 15:21:43,398 - __main__ - WARNING - Could not create index: current transaction is aborted, commands ignored until end of transaction block

2026-01-30 15:21:43,399 - __main__ - WARNING - Could not create index: current transaction is aborted, commands ignored until end of transaction block

2026-01-30 15:21:43,399 - __main__ - WARNING - Could not create index: current transaction is aborted, commands ignored until end of transaction block

2026-01-30 15:21:43,399 - __main__ - WARNING - Could not create index: current transaction is aborted, commands ignored until end of transaction block

2026-01-30 15:21:43,400 - __main__ - WARNING - Could not create index: current transaction is aborted, commands ignored until end of transaction block

2026-01-30 15:21:43,400 - __main__ - WARNING - Could not create index: current transaction is aborted, commands ignored until end of transaction block

2026-01-30 15:21:43,400 - __main__ - WARNING - Could not create index: current transaction is aborted, commands ignored until end of transaction block

2026-01-30 15:21:43,401 - __main__ - WARNING - Could not create index: current transaction is aborted, commands ignored until end of transaction block

2026-01-30 15:21:43,401 - __main__ - WARNING - Could not create index: current transaction is aborted, commands ignored until end of transaction block

2026-01-30 15:21:43,402 - __main__ - WARNING - Could not create index: current transaction is aborted, commands ignored until end of transaction block

2026-01-30 15:21:43,402 - __main__ - WARNING - Could not create index: current transaction is aborted, commands ignored until end of transaction block

2026-01-30 15:21:43,402 - __main__ - WARNING - Could not create index: current transaction is aborted, commands ignored until end of transaction block

2026-01-30 15:21:43,403 - __main__ - WARNING - Could not create index: current transaction is aborted, commands ignored until end of transaction block

2026-01-30 15:21:43,403 - __main__ - WARNING - Could not create index: current transaction is aborted, commands ignored until end of transaction block

2026-01-30 15:21:43,403 - __main__ - WARNING - Could not create index: current transaction is aborted, commands ignored until end of transaction block

2026-01-30 15:21:43,404 - __main__ - WARNING - Could not create index: current transaction is aborted, commands ignored until end of transaction block

2026-01-30 15:21:43,404 - __main__ - INFO - Setting up permanent admins...
2026-01-30 15:21:43,404 - __main__ - WARNING - Could not set up admin 464793425: current transaction is aborted, commands ignored until end of transaction block

2026-01-30 15:21:43,405 - __main__ - WARNING - Could not set up admin 1398275867: current transaction is aborted, commands ignored until end of transaction block

2026-01-30 15:21:43,405 - __main__ - INFO - ✅ Database initialization completed successfully - all tables created with indexes
2026-01-30 15:21:43,405 - __main__ - INFO - ✅ Database initialization completed
2026-01-30 15:21:43,406 - __main__ - INFO - 🔧 Ensuring database columns...
2026-01-30 15:21:43,406 - __main__ - INFO - ✅ Ensured column email exists in label table
2026-01-30 15:21:43,407 - __main__ - INFO - ✅ Ensured column fio exists in label table
2026-01-30 15:21:43,407 - __main__ - INFO - ✅ Ensured column phone exists in label table
2026-01-30 15:21:43,407 - __main__ - INFO - ✅ Ensured column steezy exists in label table
2026-01-30 15:21:43,408 - __main__ - INFO - ✅ Ensured column bibi exists in label table
2026-01-30 15:21:43,408 - __main__ - INFO - ✅ Ensured column shvepz exists in label table
2026-01-30 15:21:43,408 - __main__ - INFO - ✅ Ensured column referral_code exists in label table
2026-01-30 15:21:43,409 - __main__ - INFO - ✅ Ensured column referral_count exists in label table
2026-01-30 15:21:43,409 - __main__ - INFO - ✅ Ensured column referral_earnings exists in label table
2026-01-30 15:21:43,411 - __main__ - INFO - ✅ All required label columns verified
2026-01-30 15:21:43,411 - __main__ - INFO - ✅ Database columns ensured
2026-01-30 15:21:43,411 - __main__ - INFO - 🔧 Adding platform links column...
2026-01-30 15:21:43,412 - __main__ - INFO - Adding platform_links column to releases table...
2026-01-30 15:21:43,437 - __main__ - INFO - ✅ Added platform_links column to releases table
2026-01-30 15:21:43,437 - __main__ - INFO - ✅ Platform links column added
2026-01-30 15:21:43,437 - __main__ - INFO - 🔧 Creating referrals table...
2026-01-30 15:21:43,438 - __main__ - INFO - Creating referrals table...
2026-01-30 15:21:43,439 - __main__ - INFO - ✅ referrals table created successfully
2026-01-30 15:21:43,439 - __main__ - INFO - ✅ Referrals table created
2026-01-30 15:21:43,440 - __main__ - INFO - 🔧 Testing bot token and checking for conflicts...
2026-01-30 15:21:43,617 - __main__ - INFO - ✅ Bot connected: @twaslabel_bot
2026-01-30 15:21:43,669 - __main__ - INFO - ✅ Bot instance check passed: @twaslabel_bot
2026-01-30 15:21:43,669 - __main__ - INFO - 🚀 Starting bot with enhanced error handling...
2026-01-30 15:21:43,670 - __main__ - INFO - 🔧 Testing channel access...
2026-01-30 15:21:43,764 - __main__ - INFO - ✅ Channel access test successful: talk with a star // label
2026-01-30 15:21:43,869 - __main__ - INFO - ✅ Bot member status: administrator
2026-01-30 15:21:43,869 - __main__ - INFO - ✅ Bot has admin rights in channel
2026-01-30 15:21:43,869 - __main__ - INFO - ✅ Channel access test passed, starting bot...
2026-01-30 15:21:43,870 - __main__ - INFO - ✅ Таймауты API настроены: READ=30s, CONNECT=10s
2026-01-30 15:21:43,870 - __main__ - INFO - 🤖 Starting Telegram bot...
2026-01-30 15:30:51,444 - __main__ - INFO - YooKassa configured with account_id: 1215507
2026-01-30 15:30:51,796 - __main__ - INFO - ✅ YooKassa configuration test successful with new credentials
2026-01-30 15:30:51,892 - __main__ - WARNING - openpyxl module not available. Excel report generation will be disabled.
2026-01-30 15:30:51,897 - __main__ - INFO - 🔧 Initializing database...
2026-01-30 15:30:51,897 - __main__ - INFO - Initializing DB connection pool to localhost:5432/postgres
2026-01-30 15:30:51,916 - __main__ - INFO - ✅ PostgreSQL connection pool initialized
2026-01-30 15:30:51,916 - __main__ - INFO - Starting database initialization...
2026-01-30 15:30:51,917 - __main__ - INFO - Creating label table...
2026-01-30 15:30:51,917 - __main__ - INFO - Creating reviews table...
2026-01-30 15:30:51,918 - __main__ - INFO - Creating releases table...
2026-01-30 15:30:51,918 - __main__ - INFO - Creating files table...
2026-01-30 15:30:51,919 - __main__ - INFO - Creating distribution_agreements table...
2026-01-30 15:30:51,919 - __main__ - INFO - Creating payments table...
2026-01-30 15:30:51,919 - __main__ - INFO - Creating user_sessions table...
2026-01-30 15:30:51,920 - __main__ - INFO - Creating admin_logs table...
2026-01-30 15:30:51,920 - __main__ - INFO - Creating orders table...
2026-01-30 15:30:51,920 - __main__ - INFO - Creating promo codes table...
2026-01-30 15:30:51,921 - __main__ - INFO - Creating report requests table...
2026-01-30 15:30:51,921 - __main__ - INFO - Creating contracts table...
2026-01-30 15:30:51,934 - __main__ - INFO - Adding missing columns to existing tables...
2026-01-30 15:30:51,935 - __main__ - INFO - ✅ Added column to label table: ALTER TABLE label ADD COLUMN IF NOT EXISTS created_date TIMESTAMP DEFAULT CURRENT_TIMESTAMP
2026-01-30 15:30:51,935 - __main__ - INFO - ✅ Added column to label table: ALTER TABLE label ADD COLUMN IF NOT EXISTS balance NUMERIC(10, 2) DEFAULT 0
2026-01-30 15:30:51,936 - __main__ - INFO - ✅ Added column to label table: ALTER TABLE label ADD COLUMN IF NOT EXISTS email TEXT
2026-01-30 15:30:51,936 - __main__ - INFO - ✅ Added column to label table: ALTER TABLE label ADD COLUMN IF NOT EXISTS fio TEXT
2026-01-30 15:30:51,936 - __main__ - INFO - ✅ Added column to label table: ALTER TABLE label ADD COLUMN IF NOT EXISTS phone VARCHAR(50)
2026-01-30 15:30:51,937 - __main__ - INFO - ✅ Added column to label table: ALTER TABLE label ADD COLUMN IF NOT EXISTS owner INTEGER DEFAULT 0
2026-01-30 15:30:51,937 - __main__ - INFO - ✅ Added column to label table: ALTER TABLE label ADD COLUMN IF NOT EXISTS steezy INTEGER DEFAULT 0
2026-01-30 15:30:51,937 - __main__ - INFO - ✅ Added column to label table: ALTER TABLE label ADD COLUMN IF NOT EXISTS bibi INTEGER DEFAULT 0
2026-01-30 15:30:51,938 - __main__ - INFO - ✅ Added column to label table: ALTER TABLE label ADD COLUMN IF NOT EXISTS shvepz INTEGER DEFAULT 0
2026-01-30 15:30:51,938 - __main__ - INFO - ✅ Added column to label table: ALTER TABLE label ADD COLUMN IF NOT EXISTS creator INTEGER DEFAULT 0
2026-01-30 15:30:51,941 - __main__ - INFO - ✅ Added column to report_requests table: ALTER TABLE report_requests ADD COLUMN IF NOT EXISTS updated_at TIMESTAMP
2026-01-30 15:30:51,942 - __main__ - INFO - ✅ Added column to report_requests table: ALTER TABLE report_requests ADD COLUMN IF NOT EXISTS rejection_reason TEXT
2026-01-30 15:30:51,942 - __main__ - INFO - ✅ Modified column in report_requests table: ALTER TABLE report_requests ALTER COLUMN release_type DROP NOT NULL
2026-01-30 15:30:51,952 - __main__ - WARNING - Could not verify role columns: column "owner" is of type boolean but expression is of type integer
LINE 1: UPDATE label SET owner = 0 WHERE owner IS NULL
                                 ^
HINT:  You will need to rewrite or cast the expression.

2026-01-30 15:30:51,953 - __main__ - WARNING - Could not add column to releases table: current transaction is aborted, commands ignored until end of transaction block

2026-01-30 15:30:51,953 - __main__ - WARNING - Could not add column to releases table: current transaction is aborted, commands ignored until end of transaction block

2026-01-30 15:30:51,953 - __main__ - WARNING - Could not add column to releases table: current transaction is aborted, commands ignored until end of transaction block

2026-01-30 15:30:51,954 - __main__ - WARNING - Could not add column to releases table: current transaction is aborted, commands ignored until end of transaction block

2026-01-30 15:30:51,954 - __main__ - WARNING - Could not add column to releases table: current transaction is aborted, commands ignored until end of transaction block

2026-01-30 15:30:51,954 - __main__ - WARNING - Could not add column to files table: current transaction is aborted, commands ignored until end of transaction block

2026-01-30 15:30:51,955 - __main__ - WARNING - Could not add column to files table: current transaction is aborted, commands ignored until end of transaction block

2026-01-30 15:30:51,955 - __main__ - WARNING - Could not add column to files table: current transaction is aborted, commands ignored until end of transaction block

2026-01-30 15:30:51,956 - __main__ - WARNING - Could not add column to orders table: current transaction is aborted, commands ignored until end of transaction block

2026-01-30 15:30:51,956 - __main__ - WARNING - Could not add column to orders table: current transaction is aborted, commands ignored until end of transaction block

2026-01-30 15:30:51,956 - __main__ - WARNING - Could not add column to orders table: current transaction is aborted, commands ignored until end of transaction block

2026-01-30 15:30:51,957 - __main__ - WARNING - Could not handle promo_codes table structure: current transaction is aborted, commands ignored until end of transaction block

2026-01-30 15:30:51,957 - __main__ - ERROR - Failed to recreate promo_codes table: current transaction is aborted, commands ignored until end of transaction block

2026-01-30 15:30:51,957 - __main__ - INFO - Creating indexes...
2026-01-30 15:30:51,958 - __main__ - WARNING - Could not create index: current transaction is aborted, commands ignored until end of transaction block

2026-01-30 15:30:51,958 - __main__ - WARNING - Could not create index: current transaction is aborted, commands ignored until end of transaction block

2026-01-30 15:30:51,959 - __main__ - WARNING - Could not create index: current transaction is aborted, commands ignored until end of transaction block

2026-01-30 15:30:51,959 - __main__ - WARNING - Could not create index: current transaction is aborted, commands ignored until end of transaction block

2026-01-30 15:30:51,959 - __main__ - WARNING - Could not create index: current transaction is aborted, commands ignored until end of transaction block

2026-01-30 15:30:51,960 - __main__ - WARNING - Could not create index: current transaction is aborted, commands ignored until end of transaction block

2026-01-30 15:30:51,960 - __main__ - WARNING - Could not create index: current transaction is aborted, commands ignored until end of transaction block

2026-01-30 15:30:51,961 - __main__ - WARNING - Could not create index: current transaction is aborted, commands ignored until end of transaction block

2026-01-30 15:30:51,961 - __main__ - WARNING - Could not create index: current transaction is aborted, commands ignored until end of transaction block

2026-01-30 15:30:51,961 - __main__ - WARNING - Could not create index: current transaction is aborted, commands ignored until end of transaction block

2026-01-30 15:30:51,962 - __main__ - WARNING - Could not create index: current transaction is aborted, commands ignored until end of transaction block

2026-01-30 15:30:51,962 - __main__ - WARNING - Could not create index: current transaction is aborted, commands ignored until end of transaction block

2026-01-30 15:30:51,963 - __main__ - WARNING - Could not create index: current transaction is aborted, commands ignored until end of transaction block

2026-01-30 15:30:51,963 - __main__ - WARNING - Could not create index: current transaction is aborted, commands ignored until end of transaction block

2026-01-30 15:30:51,963 - __main__ - WARNING - Could not create index: current transaction is aborted, commands ignored until end of transaction block

2026-01-30 15:30:51,964 - __main__ - WARNING - Could not create index: current transaction is aborted, commands ignored until end of transaction block

2026-01-30 15:30:51,964 - __main__ - WARNING - Could not create index: current transaction is aborted, commands ignored until end of transaction block

2026-01-30 15:30:51,964 - __main__ - WARNING - Could not create index: current transaction is aborted, commands ignored until end of transaction block

2026-01-30 15:30:51,965 - __main__ - WARNING - Could not create index: current transaction is aborted, commands ignored until end of transaction block

2026-01-30 15:30:51,965 - __main__ - WARNING - Could not create index: current transaction is aborted, commands ignored until end of transaction block

2026-01-30 15:30:51,966 - __main__ - WARNING - Could not create index: current transaction is aborted, commands ignored until end of transaction block

2026-01-30 15:30:51,966 - __main__ - WARNING - Could not create index: current transaction is aborted, commands ignored until end of transaction block

2026-01-30 15:30:51,966 - __main__ - WARNING - Could not create index: current transaction is aborted, commands ignored until end of transaction block

2026-01-30 15:30:51,967 - __main__ - WARNING - Could not create index: current transaction is aborted, commands ignored until end of transaction block

2026-01-30 15:30:51,967 - __main__ - INFO - Setting up permanent admins...
2026-01-30 15:30:51,967 - __main__ - WARNING - Could not set up admin 464793425: current transaction is aborted, commands ignored until end of transaction block

2026-01-30 15:30:51,968 - __main__ - WARNING - Could not set up admin 1398275867: current transaction is aborted, commands ignored until end of transaction block

2026-01-30 15:30:51,968 - __main__ - INFO - ✅ Database initialization completed successfully - all tables created with indexes
2026-01-30 15:30:51,968 - __main__ - INFO - ✅ Database initialization completed
2026-01-30 15:30:51,968 - __main__ - INFO - 🔧 Ensuring database columns...
2026-01-30 15:30:51,969 - __main__ - INFO - ✅ Ensured column email exists in label table
2026-01-30 15:30:51,969 - __main__ - INFO - ✅ Ensured column fio exists in label table
2026-01-30 15:30:51,970 - __main__ - INFO - ✅ Ensured column phone exists in label table
2026-01-30 15:30:51,970 - __main__ - INFO - ✅ Ensured column steezy exists in label table
2026-01-30 15:30:51,970 - __main__ - INFO - ✅ Ensured column bibi exists in label table
2026-01-30 15:30:51,971 - __main__ - INFO - ✅ Ensured column shvepz exists in label table
2026-01-30 15:30:51,971 - __main__ - INFO - ✅ Ensured column referral_code exists in label table
2026-01-30 15:30:51,972 - __main__ - INFO - ✅ Ensured column referral_count exists in label table
2026-01-30 15:30:51,972 - __main__ - INFO - ✅ Ensured column referral_earnings exists in label table
2026-01-30 15:30:51,974 - __main__ - INFO - ✅ All required label columns verified
2026-01-30 15:30:51,974 - __main__ - INFO - ✅ Database columns ensured
2026-01-30 15:30:51,974 - __main__ - INFO - 🔧 Adding platform links column...
2026-01-30 15:30:51,975 - __main__ - INFO - Adding platform_links column to releases table...
2026-01-30 15:30:51,977 - __main__ - INFO - ✅ Added platform_links column to releases table
2026-01-30 15:30:51,978 - __main__ - INFO - ✅ Platform links column added
2026-01-30 15:30:51,978 - __main__ - INFO - 🔧 Creating referrals table...
2026-01-30 15:30:51,978 - __main__ - INFO - Creating referrals table...
2026-01-30 15:30:51,980 - __main__ - INFO - ✅ referrals table created successfully
2026-01-30 15:30:51,980 - __main__ - INFO - ✅ Referrals table created
2026-01-30 15:30:51,980 - __main__ - INFO - 🔧 Testing bot token and checking for conflicts...
2026-01-30 15:30:52,154 - __main__ - INFO - ✅ Bot connected: @twaslabel_bot
2026-01-30 15:30:52,202 - __main__ - INFO - ✅ Bot instance check passed: @twaslabel_bot
2026-01-30 15:30:52,202 - __main__ - INFO - 🚀 Starting bot with enhanced error handling...
2026-01-30 15:30:52,202 - __main__ - INFO - 🔧 Testing channel access...
2026-01-30 15:30:52,394 - __main__ - INFO - ✅ Channel access test successful: talk with a star // label
2026-01-30 15:30:52,484 - __main__ - INFO - ✅ Bot member status: administrator
2026-01-30 15:30:52,486 - __main__ - INFO - ✅ Bot has admin rights in channel
2026-01-30 15:30:52,486 - __main__ - INFO - ✅ Channel access test passed, starting bot...
2026-01-30 15:30:52,486 - __main__ - INFO - ✅ Таймауты API настроены: READ=30s, CONNECT=10s
2026-01-30 15:30:52,487 - __main__ - INFO - 🤖 Starting Telegram bot...
2026-01-30 15:44:43,099 - __main__ - INFO - YooKassa configured with account_id: 1215507
2026-01-30 15:44:43,362 - __main__ - INFO - ✅ YooKassa configuration test successful with new credentials
2026-01-30 15:44:43,495 - __main__ - WARNING - openpyxl module not available. Excel report generation will be disabled.
2026-01-30 15:44:43,499 - __main__ - INFO - 🔧 Initializing database...
2026-01-30 15:44:43,499 - __main__ - INFO - Initializing DB connection pool to localhost:5432/postgres
2026-01-30 15:44:43,518 - __main__ - INFO - ✅ PostgreSQL connection pool initialized
2026-01-30 15:44:43,519 - __main__ - INFO - Starting database initialization...
2026-01-30 15:44:43,519 - __main__ - INFO - Creating label table...
2026-01-30 15:44:43,520 - __main__ - INFO - Creating reviews table...
2026-01-30 15:44:43,520 - __main__ - INFO - Creating releases table...
2026-01-30 15:44:43,520 - __main__ - INFO - Creating files table...
2026-01-30 15:44:43,521 - __main__ - INFO - Creating distribution_agreements table...
2026-01-30 15:44:43,521 - __main__ - INFO - Creating payments table...
2026-01-30 15:44:43,522 - __main__ - INFO - Creating user_sessions table...
2026-01-30 15:44:43,522 - __main__ - INFO - Creating admin_logs table...
2026-01-30 15:44:43,522 - __main__ - INFO - Creating orders table...
2026-01-30 15:44:43,523 - __main__ - INFO - Creating promo codes table...
2026-01-30 15:44:43,523 - __main__ - INFO - Creating report requests table...
2026-01-30 15:44:43,523 - __main__ - INFO - Creating contracts table...
2026-01-30 15:44:43,526 - __main__ - INFO - Adding missing columns to existing tables...
2026-01-30 15:44:43,526 - __main__ - INFO - ✅ Added column to label table: ALTER TABLE label ADD COLUMN IF NOT EXISTS created_date TIMESTAMP DEFAULT CURRENT_TIMESTAMP
2026-01-30 15:44:43,527 - __main__ - INFO - ✅ Added column to label table: ALTER TABLE label ADD COLUMN IF NOT EXISTS balance NUMERIC(10, 2) DEFAULT 0
2026-01-30 15:44:43,527 - __main__ - INFO - ✅ Added column to label table: ALTER TABLE label ADD COLUMN IF NOT EXISTS email TEXT
2026-01-30 15:44:43,527 - __main__ - INFO - ✅ Added column to label table: ALTER TABLE label ADD COLUMN IF NOT EXISTS fio TEXT
2026-01-30 15:44:43,528 - __main__ - INFO - ✅ Added column to label table: ALTER TABLE label ADD COLUMN IF NOT EXISTS phone VARCHAR(50)
2026-01-30 15:44:43,528 - __main__ - INFO - ✅ Added column to label table: ALTER TABLE label ADD COLUMN IF NOT EXISTS owner INTEGER DEFAULT 0
2026-01-30 15:44:43,529 - __main__ - INFO - ✅ Added column to label table: ALTER TABLE label ADD COLUMN IF NOT EXISTS steezy INTEGER DEFAULT 0
2026-01-30 15:44:43,529 - __main__ - INFO - ✅ Added column to label table: ALTER TABLE label ADD COLUMN IF NOT EXISTS bibi INTEGER DEFAULT 0
2026-01-30 15:44:43,529 - __main__ - INFO - ✅ Added column to label table: ALTER TABLE label ADD COLUMN IF NOT EXISTS shvepz INTEGER DEFAULT 0
2026-01-30 15:44:43,530 - __main__ - INFO - ✅ Added column to label table: ALTER TABLE label ADD COLUMN IF NOT EXISTS creator INTEGER DEFAULT 0
2026-01-30 15:44:43,664 - __main__ - INFO - ✅ Added column to report_requests table: ALTER TABLE report_requests ADD COLUMN IF NOT EXISTS updated_at TIMESTAMP
2026-01-30 15:44:43,664 - __main__ - INFO - ✅ Added column to report_requests table: ALTER TABLE report_requests ADD COLUMN IF NOT EXISTS rejection_reason TEXT
2026-01-30 15:44:43,665 - __main__ - INFO - ✅ Modified column in report_requests table: ALTER TABLE report_requests ALTER COLUMN release_type DROP NOT NULL
2026-01-30 15:44:43,674 - __main__ - WARNING - Could not verify role columns: column "owner" is of type boolean but expression is of type integer
LINE 1: UPDATE label SET owner = 0 WHERE owner IS NULL
                                 ^
HINT:  You will need to rewrite or cast the expression.

2026-01-30 15:44:43,674 - __main__ - WARNING - Could not add column to releases table: current transaction is aborted, commands ignored until end of transaction block

2026-01-30 15:44:43,674 - __main__ - WARNING - Could not add column to releases table: current transaction is aborted, commands ignored until end of transaction block

2026-01-30 15:44:43,675 - __main__ - WARNING - Could not add column to releases table: current transaction is aborted, commands ignored until end of transaction block

2026-01-30 15:44:43,675 - __main__ - WARNING - Could not add column to releases table: current transaction is aborted, commands ignored until end of transaction block

2026-01-30 15:44:43,675 - __main__ - WARNING - Could not add column to releases table: current transaction is aborted, commands ignored until end of transaction block

2026-01-30 15:44:43,676 - __main__ - WARNING - Could not add column to files table: current transaction is aborted, commands ignored until end of transaction block

2026-01-30 15:44:43,676 - __main__ - WARNING - Could not add column to files table: current transaction is aborted, commands ignored until end of transaction block

2026-01-30 15:44:43,677 - __main__ - WARNING - Could not add column to files table: current transaction is aborted, commands ignored until end of transaction block

2026-01-30 15:44:43,677 - __main__ - WARNING - Could not add column to orders table: current transaction is aborted, commands ignored until end of transaction block

2026-01-30 15:44:43,677 - __main__ - WARNING - Could not add column to orders table: current transaction is aborted, commands ignored until end of transaction block

2026-01-30 15:44:43,678 - __main__ - WARNING - Could not add column to orders table: current transaction is aborted, commands ignored until end of transaction block

2026-01-30 15:44:43,678 - __main__ - WARNING - Could not handle promo_codes table structure: current transaction is aborted, commands ignored until end of transaction block

2026-01-30 15:44:43,679 - __main__ - ERROR - Failed to recreate promo_codes table: current transaction is aborted, commands ignored until end of transaction block

2026-01-30 15:44:43,679 - __main__ - INFO - Creating indexes...
2026-01-30 15:44:43,679 - __main__ - WARNING - Could not create index: current transaction is aborted, commands ignored until end of transaction block

2026-01-30 15:44:43,680 - __main__ - WARNING - Could not create index: current transaction is aborted, commands ignored until end of transaction block

2026-01-30 15:44:43,680 - __main__ - WARNING - Could not create index: current transaction is aborted, commands ignored until end of transaction block

2026-01-30 15:44:43,680 - __main__ - WARNING - Could not create index: current transaction is aborted, commands ignored until end of transaction block

2026-01-30 15:44:43,681 - __main__ - WARNING - Could not create index: current transaction is aborted, commands ignored until end of transaction block

2026-01-30 15:44:43,681 - __main__ - WARNING - Could not create index: current transaction is aborted, commands ignored until end of transaction block

2026-01-30 15:44:43,681 - __main__ - WARNING - Could not create index: current transaction is aborted, commands ignored until end of transaction block

2026-01-30 15:44:43,682 - __main__ - WARNING - Could not create index: current transaction is aborted, commands ignored until end of transaction block

2026-01-30 15:44:43,682 - __main__ - WARNING - Could not create index: current transaction is aborted, commands ignored until end of transaction block

2026-01-30 15:44:43,683 - __main__ - WARNING - Could not create index: current transaction is aborted, commands ignored until end of transaction block

2026-01-30 15:44:43,683 - __main__ - WARNING - Could not create index: current transaction is aborted, commands ignored until end of transaction block

2026-01-30 15:44:43,683 - __main__ - WARNING - Could not create index: current transaction is aborted, commands ignored until end of transaction block

2026-01-30 15:44:43,684 - __main__ - WARNING - Could not create index: current transaction is aborted, commands ignored until end of transaction block

2026-01-30 15:44:43,684 - __main__ - WARNING - Could not create index: current transaction is aborted, commands ignored until end of transaction block

2026-01-30 15:44:43,685 - __main__ - WARNING - Could not create index: current transaction is aborted, commands ignored until end of transaction block

2026-01-30 15:44:43,685 - __main__ - WARNING - Could not create index: current transaction is aborted, commands ignored until end of transaction block

2026-01-30 15:44:43,685 - __main__ - WARNING - Could not create index: current transaction is aborted, commands ignored until end of transaction block

2026-01-30 15:44:43,686 - __main__ - WARNING - Could not create index: current transaction is aborted, commands ignored until end of transaction block

2026-01-30 15:44:43,686 - __main__ - WARNING - Could not create index: current transaction is aborted, commands ignored until end of transaction block

2026-01-30 15:44:43,687 - __main__ - WARNING - Could not create index: current transaction is aborted, commands ignored until end of transaction block

2026-01-30 15:44:43,687 - __main__ - WARNING - Could not create index: current transaction is aborted, commands ignored until end of transaction block

2026-01-30 15:44:43,687 - __main__ - WARNING - Could not create index: current transaction is aborted, commands ignored until end of transaction block

2026-01-30 15:44:43,688 - __main__ - WARNING - Could not create index: current transaction is aborted, commands ignored until end of transaction block

2026-01-30 15:44:43,688 - __main__ - WARNING - Could not create index: current transaction is aborted, commands ignored until end of transaction block

2026-01-30 15:44:43,688 - __main__ - INFO - Setting up permanent admins...
2026-01-30 15:44:43,689 - __main__ - WARNING - Could not set up admin 464793425: current transaction is aborted, commands ignored until end of transaction block

2026-01-30 15:44:43,689 - __main__ - WARNING - Could not set up admin 1398275867: current transaction is aborted, commands ignored until end of transaction block

2026-01-30 15:44:43,689 - __main__ - INFO - ✅ Database initialization completed successfully - all tables created with indexes
2026-01-30 15:44:43,690 - __main__ - INFO - ✅ Database initialization completed
2026-01-30 15:44:43,690 - __main__ - INFO - 🔧 Ensuring database columns...
2026-01-30 15:44:43,690 - __main__ - INFO - ✅ Ensured column email exists in label table
2026-01-30 15:44:43,691 - __main__ - INFO - ✅ Ensured column fio exists in label table
2026-01-30 15:44:43,691 - __main__ - INFO - ✅ Ensured column phone exists in label table
2026-01-30 15:44:43,692 - __main__ - INFO - ✅ Ensured column steezy exists in label table
2026-01-30 15:44:43,692 - __main__ - INFO - ✅ Ensured column bibi exists in label table
2026-01-30 15:44:43,692 - __main__ - INFO - ✅ Ensured column shvepz exists in label table
2026-01-30 15:44:43,693 - __main__ - INFO - ✅ Ensured column referral_code exists in label table
2026-01-30 15:44:43,693 - __main__ - INFO - ✅ Ensured column referral_count exists in label table
2026-01-30 15:44:43,693 - __main__ - INFO - ✅ Ensured column referral_earnings exists in label table
2026-01-30 15:44:43,695 - __main__ - INFO - ✅ All required label columns verified
2026-01-30 15:44:43,696 - __main__ - INFO - ✅ Database columns ensured
2026-01-30 15:44:43,696 - __main__ - INFO - 🔧 Adding platform links column...
2026-01-30 15:44:43,696 - __main__ - INFO - Adding platform_links column to releases table...
2026-01-30 15:44:43,699 - __main__ - INFO - ✅ Added platform_links column to releases table
2026-01-30 15:44:43,699 - __main__ - INFO - ✅ Platform links column added
2026-01-30 15:44:43,700 - __main__ - INFO - 🔧 Creating referrals table...
2026-01-30 15:44:43,700 - __main__ - INFO - Creating referrals table...
2026-01-30 15:44:43,701 - __main__ - INFO - ✅ referrals table created successfully
2026-01-30 15:44:43,702 - __main__ - INFO - ✅ Referrals table created
2026-01-30 15:44:43,702 - __main__ - INFO - 🔧 Testing bot token and checking for conflicts...
2026-01-30 15:44:43,863 - __main__ - INFO - ✅ Bot connected: @twaslabel_bot
2026-01-30 15:44:43,907 - __main__ - INFO - ✅ Bot instance check passed: @twaslabel_bot
2026-01-30 15:44:43,908 - __main__ - INFO - 🚀 Starting bot with enhanced error handling...
2026-01-30 15:44:43,908 - __main__ - INFO - 🔧 Testing channel access...
2026-01-30 15:44:44,147 - __main__ - INFO - ✅ Channel access test successful: talk with a star // label
2026-01-30 15:44:44,239 - __main__ - INFO - ✅ Bot member status: administrator
2026-01-30 15:44:44,239 - __main__ - INFO - ✅ Bot has admin rights in channel
2026-01-30 15:44:44,240 - __main__ - INFO - ✅ Channel access test passed, starting bot...
2026-01-30 15:44:44,240 - __main__ - INFO - ✅ Таймауты API настроены: READ=30s, CONNECT=10s
2026-01-30 15:44:44,240 - __main__ - INFO - 🤖 Starting Telegram bot...
2026-01-31 01:10:44,419 - TeleBot - ERROR - Threaded polling exception: A request to the Telegram API was unsuccessful. Error code: 502. Description: Bad Gateway
2026-01-31 01:10:45,354 - TeleBot - ERROR - Exception traceback:
Traceback (most recent call last):
  File "/home/goida/.local/lib/python3.11/site-packages/telebot/__init__.py", line 1073, in __threaded_polling
    polling_thread.raise_exceptions()
  File "/home/goida/.local/lib/python3.11/site-packages/telebot/util.py", line 108, in raise_exceptions
    raise self.exception_info
  File "/home/goida/.local/lib/python3.11/site-packages/telebot/util.py", line 90, in run
    task(*args, **kwargs)
  File "/home/goida/.local/lib/python3.11/site-packages/telebot/__init__.py", line 649, in __retrieve_updates
    updates = self.get_updates(offset=(self.last_update_id + 1),
             ^^^^^^^^^^^^^^^^^^^^^^^^^^^^^^^^^^^^^^^^^^^^^^^^^^
  File "/home/goida/.local/lib/python3.11/site-packages/telebot/__init__.py", line 623, in get_updates
    json_updates = apihelper.get_updates(self.token, offset, limit, timeout, allowed_updates, long_polling_timeout)
                   ^^^^^^^^^^^^^^^^^^^^^^^^^^^^^^^^^^^^^^^^^^^^^^^^^^^^^^^^^^^^^^^^^^^^^^^^^^^^^^^^^^^^^^^^^^^^^^^^
  File "/home/goida/.local/lib/python3.11/site-packages/telebot/apihelper.py", line 321, in get_updates
    return _make_request(token, method_url, params=payload)
           ^^^^^^^^^^^^^^^^^^^^^^^^^^^^^^^^^^^^^^^^^^^^^^^^
  File "/home/goida/.local/lib/python3.11/site-packages/telebot/apihelper.py", line 162, in _make_request
    json_result = _check_result(method_name, result)
                  ^^^^^^^^^^^^^^^^^^^^^^^^^^^^^^^^^^
  File "/home/goida/.local/lib/python3.11/site-packages/telebot/apihelper.py", line 189, in _check_result
    raise ApiTelegramException(method_name, result, result_json)
telebot.apihelper.ApiTelegramException: A request to the Telegram API was unsuccessful. Error code: 502. Description: Bad Gateway

2026-01-31 01:11:16,619 - __main__ - ERROR - ⏱️ Timeout in exception: HTTPSConnectionPool(host='api.telegram.org', port=443): Read timed out. (read timeout=30)
2026-01-31 01:11:16,620 - connection - ERROR - Timeout exception: HTTPSConnectionPool(host='api.telegram.org', port=443): Read timed out. (read timeout=30)
2026-01-31 01:11:19,690 - __main__ - ERROR - 🔄 Retrying in 5 seconds...
2026-01-31 01:11:24,706 - __main__ - INFO - ✅ Database connection OK
2026-01-31 01:11:24,713 - __main__ - INFO - 🤖 Starting Telegram bot...
2026-01-31 08:07:46,497 - label - INFO - YooKassa configured with account_id: 1215507
2026-01-31 08:07:46,860 - label - INFO - ✅ YooKassa configuration test successful with new credentials
2026-01-31 08:07:46,944 - label - WARNING - openpyxl module not available. Excel report generation will be disabled.
2026-01-31 08:07:46,949 - label - INFO - ✅ Таймауты API настроены: READ=30s, CONNECT=10s
2026-01-31 08:07:46,949 - label - INFO - 🤖 Starting Telegram bot...
2026-01-31 08:12:40,449 - label - INFO - Initializing DB connection pool to localhost:5432/postgres
2026-01-31 08:12:40,992 - label - INFO - ✅ PostgreSQL connection pool initialized
2026-01-31 08:12:59,833 - label - INFO - Заявка поддержки сохранена в БД с ID: 8
2026-01-31 08:24:05,449 - __main__ - INFO - YooKassa configured with account_id: 1215507
2026-01-31 08:24:05,829 - __main__ - INFO - ✅ YooKassa configuration test successful with new credentials
2026-01-31 08:24:05,927 - __main__ - WARNING - openpyxl module not available. Excel report generation will be disabled.
2026-01-31 08:24:06,567 - __main__ - INFO - 🔧 Initializing database...
2026-01-31 08:24:06,568 - __main__ - INFO - Initializing DB connection pool to localhost:5432/postgres
2026-01-31 08:24:06,687 - __main__ - INFO - ✅ PostgreSQL connection pool initialized
2026-01-31 08:24:06,687 - __main__ - INFO - Starting database initialization...
2026-01-31 08:24:06,687 - __main__ - INFO - Creating label table...
2026-01-31 08:24:06,696 - __main__ - INFO - Creating reviews table...
2026-01-31 08:24:06,697 - __main__ - INFO - Creating releases table...
2026-01-31 08:24:06,697 - __main__ - INFO - Creating files table...
2026-01-31 08:24:06,698 - __main__ - INFO - Creating distribution_agreements table...
2026-01-31 08:24:06,698 - __main__ - INFO - Creating payments table...
2026-01-31 08:24:06,698 - __main__ - INFO - Creating user_sessions table...
2026-01-31 08:24:06,699 - __main__ - INFO - Creating admin_logs table...
2026-01-31 08:24:06,699 - __main__ - INFO - Creating orders table...
2026-01-31 08:24:06,699 - __main__ - INFO - Creating promo codes table...
2026-01-31 08:24:06,700 - __main__ - INFO - Creating report requests table...
2026-01-31 08:24:06,700 - __main__ - INFO - Creating contracts table...
2026-01-31 08:24:06,772 - __main__ - INFO - Adding missing columns to existing tables...
2026-01-31 08:24:06,791 - __main__ - INFO - ✅ Added column to label table: ALTER TABLE label ADD COLUMN IF NOT EXISTS created_date TIMESTAMP DEFAULT CURRENT_TIMESTAMP
2026-01-31 08:24:06,792 - __main__ - INFO - ✅ Added column to label table: ALTER TABLE label ADD COLUMN IF NOT EXISTS balance NUMERIC(10, 2) DEFAULT 0
2026-01-31 08:24:06,792 - __main__ - INFO - ✅ Added column to label table: ALTER TABLE label ADD COLUMN IF NOT EXISTS email TEXT
2026-01-31 08:24:06,793 - __main__ - INFO - ✅ Added column to label table: ALTER TABLE label ADD COLUMN IF NOT EXISTS fio TEXT
2026-01-31 08:24:06,793 - __main__ - INFO - ✅ Added column to label table: ALTER TABLE label ADD COLUMN IF NOT EXISTS phone VARCHAR(50)
2026-01-31 08:24:06,793 - __main__ - INFO - ✅ Added column to label table: ALTER TABLE label ADD COLUMN IF NOT EXISTS owner INTEGER DEFAULT 0
2026-01-31 08:24:06,794 - __main__ - INFO - ✅ Added column to label table: ALTER TABLE label ADD COLUMN IF NOT EXISTS steezy INTEGER DEFAULT 0
2026-01-31 08:24:06,794 - __main__ - INFO - ✅ Added column to label table: ALTER TABLE label ADD COLUMN IF NOT EXISTS bibi INTEGER DEFAULT 0
2026-01-31 08:24:06,794 - __main__ - INFO - ✅ Added column to label table: ALTER TABLE label ADD COLUMN IF NOT EXISTS shvepz INTEGER DEFAULT 0
2026-01-31 08:24:06,795 - __main__ - INFO - ✅ Added column to label table: ALTER TABLE label ADD COLUMN IF NOT EXISTS creator INTEGER DEFAULT 0
2026-01-31 08:24:07,007 - __main__ - INFO - ✅ Added column to report_requests table: ALTER TABLE report_requests ADD COLUMN IF NOT EXISTS updated_at TIMESTAMP
2026-01-31 08:24:07,008 - __main__ - INFO - ✅ Added column to report_requests table: ALTER TABLE report_requests ADD COLUMN IF NOT EXISTS rejection_reason TEXT
2026-01-31 08:24:07,035 - __main__ - INFO - ✅ Modified column in report_requests table: ALTER TABLE report_requests ALTER COLUMN release_type DROP NOT NULL
2026-01-31 08:24:07,460 - __main__ - WARNING - Could not verify role columns: column "owner" is of type boolean but expression is of type integer
LINE 1: UPDATE label SET owner = 0 WHERE owner IS NULL
                                 ^
HINT:  You will need to rewrite or cast the expression.

2026-01-31 08:24:07,461 - __main__ - WARNING - Could not add column to releases table: current transaction is aborted, commands ignored until end of transaction block

2026-01-31 08:24:07,461 - __main__ - WARNING - Could not add column to releases table: current transaction is aborted, commands ignored until end of transaction block

2026-01-31 08:24:07,461 - __main__ - WARNING - Could not add column to releases table: current transaction is aborted, commands ignored until end of transaction block

2026-01-31 08:24:07,462 - __main__ - WARNING - Could not add column to releases table: current transaction is aborted, commands ignored until end of transaction block

2026-01-31 08:24:07,462 - __main__ - WARNING - Could not add column to releases table: current transaction is aborted, commands ignored until end of transaction block

2026-01-31 08:24:07,462 - __main__ - WARNING - Could not add column to files table: current transaction is aborted, commands ignored until end of transaction block

2026-01-31 08:24:07,463 - __main__ - WARNING - Could not add column to files table: current transaction is aborted, commands ignored until end of transaction block

2026-01-31 08:24:07,463 - __main__ - WARNING - Could not add column to files table: current transaction is aborted, commands ignored until end of transaction block

2026-01-31 08:24:07,463 - __main__ - WARNING - Could not add column to orders table: current transaction is aborted, commands ignored until end of transaction block

2026-01-31 08:24:07,464 - __main__ - WARNING - Could not add column to orders table: current transaction is aborted, commands ignored until end of transaction block

2026-01-31 08:24:07,464 - __main__ - WARNING - Could not add column to orders table: current transaction is aborted, commands ignored until end of transaction block

2026-01-31 08:24:07,464 - __main__ - WARNING - Could not handle promo_codes table structure: current transaction is aborted, commands ignored until end of transaction block

2026-01-31 08:24:07,464 - __main__ - ERROR - Failed to recreate promo_codes table: current transaction is aborted, commands ignored until end of transaction block

2026-01-31 08:24:07,464 - __main__ - INFO - Creating indexes...
2026-01-31 08:24:07,465 - __main__ - WARNING - Could not create index: current transaction is aborted, commands ignored until end of transaction block

2026-01-31 08:24:07,465 - __main__ - WARNING - Could not create index: current transaction is aborted, commands ignored until end of transaction block

2026-01-31 08:24:07,465 - __main__ - WARNING - Could not create index: current transaction is aborted, commands ignored until end of transaction block

2026-01-31 08:24:07,466 - __main__ - WARNING - Could not create index: current transaction is aborted, commands ignored until end of transaction block

2026-01-31 08:24:07,466 - __main__ - WARNING - Could not create index: current transaction is aborted, commands ignored until end of transaction block

2026-01-31 08:24:07,466 - __main__ - WARNING - Could not create index: current transaction is aborted, commands ignored until end of transaction block

2026-01-31 08:24:07,467 - __main__ - WARNING - Could not create index: current transaction is aborted, commands ignored until end of transaction block

2026-01-31 08:24:07,467 - __main__ - WARNING - Could not create index: current transaction is aborted, commands ignored until end of transaction block

2026-01-31 08:24:07,467 - __main__ - WARNING - Could not create index: current transaction is aborted, commands ignored until end of transaction block

2026-01-31 08:24:07,467 - __main__ - WARNING - Could not create index: current transaction is aborted, commands ignored until end of transaction block

2026-01-31 08:24:07,468 - __main__ - WARNING - Could not create index: current transaction is aborted, commands ignored until end of transaction block

2026-01-31 08:24:07,468 - __main__ - WARNING - Could not create index: current transaction is aborted, commands ignored until end of transaction block

2026-01-31 08:24:07,468 - __main__ - WARNING - Could not create index: current transaction is aborted, commands ignored until end of transaction block

2026-01-31 08:24:07,468 - __main__ - WARNING - Could not create index: current transaction is aborted, commands ignored until end of transaction block

2026-01-31 08:24:07,469 - __main__ - WARNING - Could not create index: current transaction is aborted, commands ignored until end of transaction block

2026-01-31 08:24:07,469 - __main__ - WARNING - Could not create index: current transaction is aborted, commands ignored until end of transaction block

2026-01-31 08:24:07,469 - __main__ - WARNING - Could not create index: current transaction is aborted, commands ignored until end of transaction block

2026-01-31 08:24:07,470 - __main__ - WARNING - Could not create index: current transaction is aborted, commands ignored until end of transaction block

2026-01-31 08:24:07,470 - __main__ - WARNING - Could not create index: current transaction is aborted, commands ignored until end of transaction block

2026-01-31 08:24:07,470 - __main__ - WARNING - Could not create index: current transaction is aborted, commands ignored until end of transaction block

2026-01-31 08:24:07,471 - __main__ - WARNING - Could not create index: current transaction is aborted, commands ignored until end of transaction block

2026-01-31 08:24:07,471 - __main__ - WARNING - Could not create index: current transaction is aborted, commands ignored until end of transaction block

2026-01-31 08:24:07,471 - __main__ - WARNING - Could not create index: current transaction is aborted, commands ignored until end of transaction block

2026-01-31 08:24:07,472 - __main__ - WARNING - Could not create index: current transaction is aborted, commands ignored until end of transaction block

2026-01-31 08:24:07,472 - __main__ - INFO - Setting up permanent admins...
2026-01-31 08:24:07,472 - __main__ - WARNING - Could not set up admin 464793425: current transaction is aborted, commands ignored until end of transaction block

2026-01-31 08:24:07,473 - __main__ - WARNING - Could not set up admin 1398275867: current transaction is aborted, commands ignored until end of transaction block

2026-01-31 08:24:07,473 - __main__ - INFO - ✅ Database initialization completed successfully - all tables created with indexes
2026-01-31 08:24:07,473 - __main__ - INFO - ✅ Database initialization completed
2026-01-31 08:24:07,473 - __main__ - INFO - 🔧 Ensuring database columns...
2026-01-31 08:24:07,474 - __main__ - INFO - ✅ Ensured column email exists in label table
2026-01-31 08:24:07,474 - __main__ - INFO - ✅ Ensured column fio exists in label table
2026-01-31 08:24:07,474 - __main__ - INFO - ✅ Ensured column phone exists in label table
2026-01-31 08:24:07,475 - __main__ - INFO - ✅ Ensured column steezy exists in label table
2026-01-31 08:24:07,475 - __main__ - INFO - ✅ Ensured column bibi exists in label table
2026-01-31 08:24:07,475 - __main__ - INFO - ✅ Ensured column shvepz exists in label table
2026-01-31 08:24:07,476 - __main__ - INFO - ✅ Ensured column referral_code exists in label table
2026-01-31 08:24:07,476 - __main__ - INFO - ✅ Ensured column referral_count exists in label table
2026-01-31 08:24:07,476 - __main__ - INFO - ✅ Ensured column referral_earnings exists in label table
2026-01-31 08:24:07,487 - __main__ - INFO - ✅ All required label columns verified
2026-01-31 08:24:07,487 - __main__ - INFO - ✅ Database columns ensured
2026-01-31 08:24:07,487 - __main__ - INFO - 🔧 Adding platform links column...
2026-01-31 08:24:07,488 - __main__ - INFO - Adding platform_links column to releases table...
2026-01-31 08:24:07,490 - __main__ - INFO - ✅ Added platform_links column to releases table
2026-01-31 08:24:07,490 - __main__ - INFO - ✅ Platform links column added
2026-01-31 08:24:07,490 - __main__ - INFO - 🔧 Creating referrals table...
2026-01-31 08:24:07,490 - __main__ - INFO - Creating referrals table...
2026-01-31 08:24:07,498 - __main__ - INFO - ✅ referrals table created successfully
2026-01-31 08:24:07,498 - __main__ - INFO - ✅ Referrals table created
2026-01-31 08:24:07,498 - __main__ - INFO - 🔧 Testing bot token and checking for conflicts...
2026-01-31 08:24:07,670 - __main__ - INFO - ✅ Bot connected: @twaslabel_bot
2026-01-31 08:24:07,720 - __main__ - INFO - ✅ Bot instance check passed: @twaslabel_bot
2026-01-31 08:24:07,720 - __main__ - INFO - 🚀 Starting bot with enhanced error handling...
2026-01-31 08:24:07,721 - __main__ - INFO - 🔧 Testing channel access...
2026-01-31 08:24:07,856 - __main__ - INFO - ✅ Channel access test successful: talk with a star // label
2026-01-31 08:24:07,962 - __main__ - INFO - ✅ Bot member status: administrator
2026-01-31 08:24:07,963 - __main__ - INFO - ✅ Bot has admin rights in channel
2026-01-31 08:24:07,963 - __main__ - INFO - ✅ Channel access test passed, starting bot...
2026-01-31 08:24:07,963 - __main__ - INFO - ✅ Таймауты API настроены: READ=30s, CONNECT=10s
2026-01-31 08:24:07,963 - __main__ - INFO - 🤖 Starting Telegram bot...
2026-01-31 08:24:08,236 - TeleBot - ERROR - Threaded polling exception: A request to the Telegram API was unsuccessful. Error code: 409. Description: Conflict: terminated by other getUpdates request; make sure that only one bot instance is running
2026-01-31 08:24:08,237 - TeleBot - ERROR - Exception traceback:
Traceback (most recent call last):
  File "/home/goida/.local/lib/python3.11/site-packages/telebot/__init__.py", line 1073, in __threaded_polling
    polling_thread.raise_exceptions()
  File "/home/goida/.local/lib/python3.11/site-packages/telebot/util.py", line 108, in raise_exceptions
    raise self.exception_info
  File "/home/goida/.local/lib/python3.11/site-packages/telebot/util.py", line 90, in run
    task(*args, **kwargs)
  File "/home/goida/.local/lib/python3.11/site-packages/telebot/__init__.py", line 649, in __retrieve_updates
    updates = self.get_updates(offset=(self.last_update_id + 1),
             ^^^^^^^^^^^^^^^^^^^^^^^^^^^^^^^^^^^^^^^^^^^^^^^^^^
  File "/home/goida/.local/lib/python3.11/site-packages/telebot/__init__.py", line 623, in get_updates
    json_updates = apihelper.get_updates(self.token, offset, limit, timeout, allowed_updates, long_polling_timeout)
                   ^^^^^^^^^^^^^^^^^^^^^^^^^^^^^^^^^^^^^^^^^^^^^^^^^^^^^^^^^^^^^^^^^^^^^^^^^^^^^^^^^^^^^^^^^^^^^^^^
  File "/home/goida/.local/lib/python3.11/site-packages/telebot/apihelper.py", line 321, in get_updates
    return _make_request(token, method_url, params=payload)
           ^^^^^^^^^^^^^^^^^^^^^^^^^^^^^^^^^^^^^^^^^^^^^^^^
  File "/home/goida/.local/lib/python3.11/site-packages/telebot/apihelper.py", line 162, in _make_request
    json_result = _check_result(method_name, result)
                  ^^^^^^^^^^^^^^^^^^^^^^^^^^^^^^^^^^
  File "/home/goida/.local/lib/python3.11/site-packages/telebot/apihelper.py", line 189, in _check_result
    raise ApiTelegramException(method_name, result, result_json)
telebot.apihelper.ApiTelegramException: A request to the Telegram API was unsuccessful. Error code: 409. Description: Conflict: terminated by other getUpdates request; make sure that only one bot instance is running

2026-01-31 08:24:11,537 - __main__ - ERROR - ❌ Telegram API error: A request to the Telegram API was unsuccessful. Error code: 409. Description: Conflict: terminated by other getUpdates request; make sure that only one bot instance is running
2026-01-31 08:24:11,537 - connection - ERROR - API Error: A request to the Telegram API was unsuccessful. Error code: 409. Description: Conflict: terminated by other getUpdates request; make sure that only one bot instance is running
2026-01-31 08:24:11,537 - __main__ - ERROR - 🚨 CRITICAL: Multiple bot instances detected!
2026-01-31 08:24:11,538 - __main__ - ERROR - 🛑 Another bot instance is already running with the same token
2026-01-31 08:24:11,538 - __main__ - ERROR - 💡 Please stop all other bot instances before starting this one
2026-01-31 08:24:11,538 - connection - ERROR - Multiple bot instances conflict
2026-01-31 08:24:21,538 - __main__ - ERROR - 🔄 Retrying in 5 seconds...
2026-01-31 08:24:26,538 - __main__ - INFO - ✅ Database connection OK
2026-01-31 08:24:26,539 - __main__ - INFO - 🤖 Starting Telegram bot...
2026-01-31 08:24:26,586 - TeleBot - ERROR - Threaded polling exception: A request to the Telegram API was unsuccessful. Error code: 409. Description: Conflict: terminated by other getUpdates request; make sure that only one bot instance is running
2026-01-31 08:24:26,586 - TeleBot - ERROR - Exception traceback:
Traceback (most recent call last):
  File "/home/goida/.local/lib/python3.11/site-packages/telebot/__init__.py", line 1073, in __threaded_polling
    polling_thread.raise_exceptions()
  File "/home/goida/.local/lib/python3.11/site-packages/telebot/util.py", line 108, in raise_exceptions
    raise self.exception_info
  File "/home/goida/.local/lib/python3.11/site-packages/telebot/util.py", line 90, in run
    task(*args, **kwargs)
  File "/home/goida/.local/lib/python3.11/site-packages/telebot/__init__.py", line 649, in __retrieve_updates
    updates = self.get_updates(offset=(self.last_update_id + 1),
             ^^^^^^^^^^^^^^^^^^^^^^^^^^^^^^^^^^^^^^^^^^^^^^^^^^
  File "/home/goida/.local/lib/python3.11/site-packages/telebot/__init__.py", line 623, in get_updates
    json_updates = apihelper.get_updates(self.token, offset, limit, timeout, allowed_updates, long_polling_timeout)
                   ^^^^^^^^^^^^^^^^^^^^^^^^^^^^^^^^^^^^^^^^^^^^^^^^^^^^^^^^^^^^^^^^^^^^^^^^^^^^^^^^^^^^^^^^^^^^^^^^
  File "/home/goida/.local/lib/python3.11/site-packages/telebot/apihelper.py", line 321, in get_updates
    return _make_request(token, method_url, params=payload)
           ^^^^^^^^^^^^^^^^^^^^^^^^^^^^^^^^^^^^^^^^^^^^^^^^
  File "/home/goida/.local/lib/python3.11/site-packages/telebot/apihelper.py", line 162, in _make_request
    json_result = _check_result(method_name, result)
                  ^^^^^^^^^^^^^^^^^^^^^^^^^^^^^^^^^^
  File "/home/goida/.local/lib/python3.11/site-packages/telebot/apihelper.py", line 189, in _check_result
    raise ApiTelegramException(method_name, result, result_json)
telebot.apihelper.ApiTelegramException: A request to the Telegram API was unsuccessful. Error code: 409. Description: Conflict: terminated by other getUpdates request; make sure that only one bot instance is running

2026-01-31 08:24:30,134 - __main__ - ERROR - ❌ Telegram API error: A request to the Telegram API was unsuccessful. Error code: 409. Description: Conflict: terminated by other getUpdates request; make sure that only one bot instance is running
2026-01-31 08:24:30,134 - connection - ERROR - API Error: A request to the Telegram API was unsuccessful. Error code: 409. Description: Conflict: terminated by other getUpdates request; make sure that only one bot instance is running
2026-01-31 08:24:30,134 - __main__ - ERROR - 🚨 CRITICAL: Multiple bot instances detected!
2026-01-31 08:24:30,134 - __main__ - ERROR - 🛑 Another bot instance is already running with the same token
2026-01-31 08:24:30,134 - __main__ - ERROR - 💡 Please stop all other bot instances before starting this one
2026-01-31 08:24:30,134 - connection - ERROR - Multiple bot instances conflict
2026-01-31 08:24:40,134 - __main__ - ERROR - 🔄 Retrying in 5 seconds...
2026-01-31 08:24:45,135 - __main__ - INFO - ✅ Database connection OK
2026-01-31 08:24:45,135 - __main__ - INFO - 🤖 Starting Telegram bot...
2026-01-31 08:24:45,183 - TeleBot - ERROR - Threaded polling exception: A request to the Telegram API was unsuccessful. Error code: 409. Description: Conflict: terminated by other getUpdates request; make sure that only one bot instance is running
2026-01-31 08:24:45,184 - TeleBot - ERROR - Exception traceback:
Traceback (most recent call last):
  File "/home/goida/.local/lib/python3.11/site-packages/telebot/__init__.py", line 1073, in __threaded_polling
    polling_thread.raise_exceptions()
  File "/home/goida/.local/lib/python3.11/site-packages/telebot/util.py", line 108, in raise_exceptions
    raise self.exception_info
  File "/home/goida/.local/lib/python3.11/site-packages/telebot/util.py", line 90, in run
    task(*args, **kwargs)
  File "/home/goida/.local/lib/python3.11/site-packages/telebot/__init__.py", line 649, in __retrieve_updates
    updates = self.get_updates(offset=(self.last_update_id + 1),
             ^^^^^^^^^^^^^^^^^^^^^^^^^^^^^^^^^^^^^^^^^^^^^^^^^^
  File "/home/goida/.local/lib/python3.11/site-packages/telebot/__init__.py", line 623, in get_updates
    json_updates = apihelper.get_updates(self.token, offset, limit, timeout, allowed_updates, long_polling_timeout)
                   ^^^^^^^^^^^^^^^^^^^^^^^^^^^^^^^^^^^^^^^^^^^^^^^^^^^^^^^^^^^^^^^^^^^^^^^^^^^^^^^^^^^^^^^^^^^^^^^^
  File "/home/goida/.local/lib/python3.11/site-packages/telebot/apihelper.py", line 321, in get_updates
    return _make_request(token, method_url, params=payload)
           ^^^^^^^^^^^^^^^^^^^^^^^^^^^^^^^^^^^^^^^^^^^^^^^^
  File "/home/goida/.local/lib/python3.11/site-packages/telebot/apihelper.py", line 162, in _make_request
    json_result = _check_result(method_name, result)
                  ^^^^^^^^^^^^^^^^^^^^^^^^^^^^^^^^^^
  File "/home/goida/.local/lib/python3.11/site-packages/telebot/apihelper.py", line 189, in _check_result
    raise ApiTelegramException(method_name, result, result_json)
telebot.apihelper.ApiTelegramException: A request to the Telegram API was unsuccessful. Error code: 409. Description: Conflict: terminated by other getUpdates request; make sure that only one bot instance is running

2026-01-31 08:24:49,231 - __main__ - ERROR - ❌ Telegram API error: A request to the Telegram API was unsuccessful. Error code: 409. Description: Conflict: terminated by other getUpdates request; make sure that only one bot instance is running
2026-01-31 08:24:49,231 - connection - ERROR - API Error: A request to the Telegram API was unsuccessful. Error code: 409. Description: Conflict: terminated by other getUpdates request; make sure that only one bot instance is running
2026-01-31 08:24:49,232 - __main__ - ERROR - 🚨 CRITICAL: Multiple bot instances detected!
2026-01-31 08:24:49,232 - __main__ - ERROR - 🛑 Another bot instance is already running with the same token
2026-01-31 08:24:49,232 - __main__ - ERROR - 💡 Please stop all other bot instances before starting this one
2026-01-31 08:24:49,232 - connection - ERROR - Multiple bot instances conflict
2026-01-31 08:24:59,232 - __main__ - ERROR - 🔄 Retrying in 5 seconds...
2026-01-31 08:25:04,232 - __main__ - INFO - ✅ Database connection OK
2026-01-31 08:25:04,233 - __main__ - INFO - 🤖 Starting Telegram bot...
2026-01-31 08:25:04,279 - TeleBot - ERROR - Threaded polling exception: A request to the Telegram API was unsuccessful. Error code: 409. Description: Conflict: terminated by other getUpdates request; make sure that only one bot instance is running
2026-01-31 08:25:04,280 - TeleBot - ERROR - Exception traceback:
Traceback (most recent call last):
  File "/home/goida/.local/lib/python3.11/site-packages/telebot/__init__.py", line 1073, in __threaded_polling
    polling_thread.raise_exceptions()
  File "/home/goida/.local/lib/python3.11/site-packages/telebot/util.py", line 108, in raise_exceptions
    raise self.exception_info
  File "/home/goida/.local/lib/python3.11/site-packages/telebot/util.py", line 90, in run
    task(*args, **kwargs)
  File "/home/goida/.local/lib/python3.11/site-packages/telebot/__init__.py", line 649, in __retrieve_updates
    updates = self.get_updates(offset=(self.last_update_id + 1),
             ^^^^^^^^^^^^^^^^^^^^^^^^^^^^^^^^^^^^^^^^^^^^^^^^^^
  File "/home/goida/.local/lib/python3.11/site-packages/telebot/__init__.py", line 623, in get_updates
    json_updates = apihelper.get_updates(self.token, offset, limit, timeout, allowed_updates, long_polling_timeout)
                   ^^^^^^^^^^^^^^^^^^^^^^^^^^^^^^^^^^^^^^^^^^^^^^^^^^^^^^^^^^^^^^^^^^^^^^^^^^^^^^^^^^^^^^^^^^^^^^^^
  File "/home/goida/.local/lib/python3.11/site-packages/telebot/apihelper.py", line 321, in get_updates
    return _make_request(token, method_url, params=payload)
           ^^^^^^^^^^^^^^^^^^^^^^^^^^^^^^^^^^^^^^^^^^^^^^^^
  File "/home/goida/.local/lib/python3.11/site-packages/telebot/apihelper.py", line 162, in _make_request
    json_result = _check_result(method_name, result)
                  ^^^^^^^^^^^^^^^^^^^^^^^^^^^^^^^^^^
  File "/home/goida/.local/lib/python3.11/site-packages/telebot/apihelper.py", line 189, in _check_result
    raise ApiTelegramException(method_name, result, result_json)
telebot.apihelper.ApiTelegramException: A request to the Telegram API was unsuccessful. Error code: 409. Description: Conflict: terminated by other getUpdates request; make sure that only one bot instance is running

2026-01-31 08:25:09,328 - __main__ - ERROR - ❌ Telegram API error: A request to the Telegram API was unsuccessful. Error code: 409. Description: Conflict: terminated by other getUpdates request; make sure that only one bot instance is running
2026-01-31 08:25:09,329 - connection - ERROR - API Error: A request to the Telegram API was unsuccessful. Error code: 409. Description: Conflict: terminated by other getUpdates request; make sure that only one bot instance is running
2026-01-31 08:25:09,329 - __main__ - ERROR - 🚨 CRITICAL: Multiple bot instances detected!
2026-01-31 08:25:09,329 - __main__ - ERROR - 🛑 Another bot instance is already running with the same token
2026-01-31 08:25:09,329 - __main__ - ERROR - 💡 Please stop all other bot instances before starting this one
2026-01-31 08:25:09,329 - connection - ERROR - Multiple bot instances conflict
2026-01-31 08:25:19,329 - __main__ - ERROR - 🔄 Retrying in 5 seconds...
2026-01-31 08:25:24,330 - __main__ - INFO - ✅ Database connection OK
2026-01-31 08:25:24,330 - __main__ - INFO - 🤖 Starting Telegram bot...
2026-01-31 08:25:24,375 - TeleBot - ERROR - Threaded polling exception: A request to the Telegram API was unsuccessful. Error code: 409. Description: Conflict: terminated by other getUpdates request; make sure that only one bot instance is running
2026-01-31 08:25:24,376 - TeleBot - ERROR - Exception traceback:
Traceback (most recent call last):
  File "/home/goida/.local/lib/python3.11/site-packages/telebot/__init__.py", line 1073, in __threaded_polling
    polling_thread.raise_exceptions()
  File "/home/goida/.local/lib/python3.11/site-packages/telebot/util.py", line 108, in raise_exceptions
    raise self.exception_info
  File "/home/goida/.local/lib/python3.11/site-packages/telebot/util.py", line 90, in run
    task(*args, **kwargs)
  File "/home/goida/.local/lib/python3.11/site-packages/telebot/__init__.py", line 649, in __retrieve_updates
    updates = self.get_updates(offset=(self.last_update_id + 1),
             ^^^^^^^^^^^^^^^^^^^^^^^^^^^^^^^^^^^^^^^^^^^^^^^^^^
  File "/home/goida/.local/lib/python3.11/site-packages/telebot/__init__.py", line 623, in get_updates
    json_updates = apihelper.get_updates(self.token, offset, limit, timeout, allowed_updates, long_polling_timeout)
                   ^^^^^^^^^^^^^^^^^^^^^^^^^^^^^^^^^^^^^^^^^^^^^^^^^^^^^^^^^^^^^^^^^^^^^^^^^^^^^^^^^^^^^^^^^^^^^^^^
  File "/home/goida/.local/lib/python3.11/site-packages/telebot/apihelper.py", line 321, in get_updates
    return _make_request(token, method_url, params=payload)
           ^^^^^^^^^^^^^^^^^^^^^^^^^^^^^^^^^^^^^^^^^^^^^^^^
  File "/home/goida/.local/lib/python3.11/site-packages/telebot/apihelper.py", line 162, in _make_request
    json_result = _check_result(method_name, result)
                  ^^^^^^^^^^^^^^^^^^^^^^^^^^^^^^^^^^
  File "/home/goida/.local/lib/python3.11/site-packages/telebot/apihelper.py", line 189, in _check_result
    raise ApiTelegramException(method_name, result, result_json)
telebot.apihelper.ApiTelegramException: A request to the Telegram API was unsuccessful. Error code: 409. Description: Conflict: terminated by other getUpdates request; make sure that only one bot instance is running

2026-01-31 08:25:28,422 - __main__ - ERROR - ❌ Telegram API error: A request to the Telegram API was unsuccessful. Error code: 409. Description: Conflict: terminated by other getUpdates request; make sure that only one bot instance is running
2026-01-31 08:25:28,422 - connection - ERROR - API Error: A request to the Telegram API was unsuccessful. Error code: 409. Description: Conflict: terminated by other getUpdates request; make sure that only one bot instance is running
2026-01-31 08:25:28,422 - __main__ - ERROR - 🚨 CRITICAL: Multiple bot instances detected!
2026-01-31 08:25:28,423 - __main__ - ERROR - 🛑 Another bot instance is already running with the same token
2026-01-31 08:25:28,423 - __main__ - ERROR - 💡 Please stop all other bot instances before starting this one
2026-01-31 08:25:28,423 - connection - ERROR - Multiple bot instances conflict
2026-01-31 08:25:38,423 - __main__ - ERROR - 🔄 Retrying in 5 seconds...
2026-01-31 08:25:43,423 - __main__ - INFO - ✅ Database connection OK
2026-01-31 08:25:43,424 - __main__ - INFO - 🤖 Starting Telegram bot...
2026-01-31 08:25:43,472 - TeleBot - ERROR - Threaded polling exception: A request to the Telegram API was unsuccessful. Error code: 409. Description: Conflict: terminated by other getUpdates request; make sure that only one bot instance is running
2026-01-31 08:25:43,473 - TeleBot - ERROR - Exception traceback:
Traceback (most recent call last):
  File "/home/goida/.local/lib/python3.11/site-packages/telebot/__init__.py", line 1073, in __threaded_polling
    polling_thread.raise_exceptions()
  File "/home/goida/.local/lib/python3.11/site-packages/telebot/util.py", line 108, in raise_exceptions
    raise self.exception_info
  File "/home/goida/.local/lib/python3.11/site-packages/telebot/util.py", line 90, in run
    task(*args, **kwargs)
  File "/home/goida/.local/lib/python3.11/site-packages/telebot/__init__.py", line 649, in __retrieve_updates
    updates = self.get_updates(offset=(self.last_update_id + 1),
             ^^^^^^^^^^^^^^^^^^^^^^^^^^^^^^^^^^^^^^^^^^^^^^^^^^
  File "/home/goida/.local/lib/python3.11/site-packages/telebot/__init__.py", line 623, in get_updates
    json_updates = apihelper.get_updates(self.token, offset, limit, timeout, allowed_updates, long_polling_timeout)
                   ^^^^^^^^^^^^^^^^^^^^^^^^^^^^^^^^^^^^^^^^^^^^^^^^^^^^^^^^^^^^^^^^^^^^^^^^^^^^^^^^^^^^^^^^^^^^^^^^
  File "/home/goida/.local/lib/python3.11/site-packages/telebot/apihelper.py", line 321, in get_updates
    return _make_request(token, method_url, params=payload)
           ^^^^^^^^^^^^^^^^^^^^^^^^^^^^^^^^^^^^^^^^^^^^^^^^
  File "/home/goida/.local/lib/python3.11/site-packages/telebot/apihelper.py", line 162, in _make_request
    json_result = _check_result(method_name, result)
                  ^^^^^^^^^^^^^^^^^^^^^^^^^^^^^^^^^^
  File "/home/goida/.local/lib/python3.11/site-packages/telebot/apihelper.py", line 189, in _check_result
    raise ApiTelegramException(method_name, result, result_json)
telebot.apihelper.ApiTelegramException: A request to the Telegram API was unsuccessful. Error code: 409. Description: Conflict: terminated by other getUpdates request; make sure that only one bot instance is running

2026-01-31 08:25:51,771 - __main__ - ERROR - ❌ Telegram API error: A request to the Telegram API was unsuccessful. Error code: 409. Description: Conflict: terminated by other getUpdates request; make sure that only one bot instance is running
2026-01-31 08:25:51,771 - connection - ERROR - API Error: A request to the Telegram API was unsuccessful. Error code: 409. Description: Conflict: terminated by other getUpdates request; make sure that only one bot instance is running
2026-01-31 08:25:51,771 - __main__ - ERROR - 🚨 CRITICAL: Multiple bot instances detected!
2026-01-31 08:25:51,771 - __main__ - ERROR - 🛑 Another bot instance is already running with the same token
2026-01-31 08:25:51,771 - __main__ - ERROR - 💡 Please stop all other bot instances before starting this one
2026-01-31 08:25:51,771 - connection - ERROR - Multiple bot instances conflict
2026-01-31 08:26:01,771 - __main__ - ERROR - 🔄 Retrying in 5 seconds...
2026-01-31 08:26:06,772 - __main__ - INFO - ✅ Database connection OK
2026-01-31 08:26:06,772 - __main__ - INFO - 🤖 Starting Telegram bot...
2026-01-31 08:26:06,819 - TeleBot - ERROR - Threaded polling exception: A request to the Telegram API was unsuccessful. Error code: 409. Description: Conflict: terminated by other getUpdates request; make sure that only one bot instance is running
2026-01-31 08:26:06,819 - TeleBot - ERROR - Exception traceback:
Traceback (most recent call last):
  File "/home/goida/.local/lib/python3.11/site-packages/telebot/__init__.py", line 1073, in __threaded_polling
    polling_thread.raise_exceptions()
  File "/home/goida/.local/lib/python3.11/site-packages/telebot/util.py", line 108, in raise_exceptions
    raise self.exception_info
  File "/home/goida/.local/lib/python3.11/site-packages/telebot/util.py", line 90, in run
    task(*args, **kwargs)
  File "/home/goida/.local/lib/python3.11/site-packages/telebot/__init__.py", line 649, in __retrieve_updates
    updates = self.get_updates(offset=(self.last_update_id + 1),
             ^^^^^^^^^^^^^^^^^^^^^^^^^^^^^^^^^^^^^^^^^^^^^^^^^^
  File "/home/goida/.local/lib/python3.11/site-packages/telebot/__init__.py", line 623, in get_updates
    json_updates = apihelper.get_updates(self.token, offset, limit, timeout, allowed_updates, long_polling_timeout)
                   ^^^^^^^^^^^^^^^^^^^^^^^^^^^^^^^^^^^^^^^^^^^^^^^^^^^^^^^^^^^^^^^^^^^^^^^^^^^^^^^^^^^^^^^^^^^^^^^^
  File "/home/goida/.local/lib/python3.11/site-packages/telebot/apihelper.py", line 321, in get_updates
    return _make_request(token, method_url, params=payload)
           ^^^^^^^^^^^^^^^^^^^^^^^^^^^^^^^^^^^^^^^^^^^^^^^^
  File "/home/goida/.local/lib/python3.11/site-packages/telebot/apihelper.py", line 162, in _make_request
    json_result = _check_result(method_name, result)
                  ^^^^^^^^^^^^^^^^^^^^^^^^^^^^^^^^^^
  File "/home/goida/.local/lib/python3.11/site-packages/telebot/apihelper.py", line 189, in _check_result
    raise ApiTelegramException(method_name, result, result_json)
telebot.apihelper.ApiTelegramException: A request to the Telegram API was unsuccessful. Error code: 409. Description: Conflict: terminated by other getUpdates request; make sure that only one bot instance is running

2026-01-31 08:26:23,154 - __main__ - ERROR - ❌ Telegram API error: A request to the Telegram API was unsuccessful. Error code: 409. Description: Conflict: terminated by other getUpdates request; make sure that only one bot instance is running
2026-01-31 08:26:23,155 - connection - ERROR - API Error: A request to the Telegram API was unsuccessful. Error code: 409. Description: Conflict: terminated by other getUpdates request; make sure that only one bot instance is running
2026-01-31 08:26:23,155 - __main__ - ERROR - 🚨 CRITICAL: Multiple bot instances detected!
2026-01-31 08:26:23,155 - __main__ - ERROR - 🛑 Another bot instance is already running with the same token
2026-01-31 08:26:23,155 - __main__ - ERROR - 💡 Please stop all other bot instances before starting this one
2026-01-31 08:26:23,155 - connection - ERROR - Multiple bot instances conflict
2026-01-31 08:26:33,155 - __main__ - ERROR - 🔄 Retrying in 5 seconds...
2026-01-31 08:26:38,156 - __main__ - INFO - ✅ Database connection OK
2026-01-31 08:26:38,156 - __main__ - INFO - 🤖 Starting Telegram bot...
2026-01-31 08:26:38,201 - TeleBot - ERROR - Threaded polling exception: A request to the Telegram API was unsuccessful. Error code: 409. Description: Conflict: terminated by other getUpdates request; make sure that only one bot instance is running
2026-01-31 08:26:38,202 - TeleBot - ERROR - Exception traceback:
Traceback (most recent call last):
  File "/home/goida/.local/lib/python3.11/site-packages/telebot/__init__.py", line 1073, in __threaded_polling
    polling_thread.raise_exceptions()
  File "/home/goida/.local/lib/python3.11/site-packages/telebot/util.py", line 108, in raise_exceptions
    raise self.exception_info
  File "/home/goida/.local/lib/python3.11/site-packages/telebot/util.py", line 90, in run
    task(*args, **kwargs)
  File "/home/goida/.local/lib/python3.11/site-packages/telebot/__init__.py", line 649, in __retrieve_updates
    updates = self.get_updates(offset=(self.last_update_id + 1),
             ^^^^^^^^^^^^^^^^^^^^^^^^^^^^^^^^^^^^^^^^^^^^^^^^^^
  File "/home/goida/.local/lib/python3.11/site-packages/telebot/__init__.py", line 623, in get_updates
    json_updates = apihelper.get_updates(self.token, offset, limit, timeout, allowed_updates, long_polling_timeout)
                   ^^^^^^^^^^^^^^^^^^^^^^^^^^^^^^^^^^^^^^^^^^^^^^^^^^^^^^^^^^^^^^^^^^^^^^^^^^^^^^^^^^^^^^^^^^^^^^^^
  File "/home/goida/.local/lib/python3.11/site-packages/telebot/apihelper.py", line 321, in get_updates
    return _make_request(token, method_url, params=payload)
           ^^^^^^^^^^^^^^^^^^^^^^^^^^^^^^^^^^^^^^^^^^^^^^^^
  File "/home/goida/.local/lib/python3.11/site-packages/telebot/apihelper.py", line 162, in _make_request
    json_result = _check_result(method_name, result)
                  ^^^^^^^^^^^^^^^^^^^^^^^^^^^^^^^^^^
  File "/home/goida/.local/lib/python3.11/site-packages/telebot/apihelper.py", line 189, in _check_result
    raise ApiTelegramException(method_name, result, result_json)
telebot.apihelper.ApiTelegramException: A request to the Telegram API was unsuccessful. Error code: 409. Description: Conflict: terminated by other getUpdates request; make sure that only one bot instance is running

2026-01-31 08:27:10,252 - TeleBot - ERROR - Threaded polling exception: A request to the Telegram API was unsuccessful. Error code: 409. Description: Conflict: terminated by other getUpdates request; make sure that only one bot instance is running
2026-01-31 08:27:10,254 - TeleBot - ERROR - Exception traceback:
Traceback (most recent call last):
  File "/home/goida/.local/lib/python3.11/site-packages/telebot/__init__.py", line 1073, in __threaded_polling
    polling_thread.raise_exceptions()
  File "/home/goida/.local/lib/python3.11/site-packages/telebot/util.py", line 108, in raise_exceptions
    raise self.exception_info
  File "/home/goida/.local/lib/python3.11/site-packages/telebot/util.py", line 90, in run
    task(*args, **kwargs)
  File "/home/goida/.local/lib/python3.11/site-packages/telebot/__init__.py", line 649, in __retrieve_updates
    updates = self.get_updates(offset=(self.last_update_id + 1),
             ^^^^^^^^^^^^^^^^^^^^^^^^^^^^^^^^^^^^^^^^^^^^^^^^^^
  File "/home/goida/.local/lib/python3.11/site-packages/telebot/__init__.py", line 623, in get_updates
    json_updates = apihelper.get_updates(self.token, offset, limit, timeout, allowed_updates, long_polling_timeout)
                   ^^^^^^^^^^^^^^^^^^^^^^^^^^^^^^^^^^^^^^^^^^^^^^^^^^^^^^^^^^^^^^^^^^^^^^^^^^^^^^^^^^^^^^^^^^^^^^^^
  File "/home/goida/.local/lib/python3.11/site-packages/telebot/apihelper.py", line 321, in get_updates
    return _make_request(token, method_url, params=payload)
           ^^^^^^^^^^^^^^^^^^^^^^^^^^^^^^^^^^^^^^^^^^^^^^^^
  File "/home/goida/.local/lib/python3.11/site-packages/telebot/apihelper.py", line 162, in _make_request
    json_result = _check_result(method_name, result)
                  ^^^^^^^^^^^^^^^^^^^^^^^^^^^^^^^^^^
  File "/home/goida/.local/lib/python3.11/site-packages/telebot/apihelper.py", line 189, in _check_result
    raise ApiTelegramException(method_name, result, result_json)
telebot.apihelper.ApiTelegramException: A request to the Telegram API was unsuccessful. Error code: 409. Description: Conflict: terminated by other getUpdates request; make sure that only one bot instance is running

2026-01-31 08:27:13,565 - TeleBot - ERROR - Threaded polling exception: A request to the Telegram API was unsuccessful. Error code: 409. Description: Conflict: terminated by other getUpdates request; make sure that only one bot instance is running
2026-01-31 08:27:13,566 - TeleBot - ERROR - Exception traceback:
Traceback (most recent call last):
  File "/home/goida/.local/lib/python3.11/site-packages/telebot/__init__.py", line 1073, in __threaded_polling
    polling_thread.raise_exceptions()
  File "/home/goida/.local/lib/python3.11/site-packages/telebot/util.py", line 108, in raise_exceptions
    raise self.exception_info
  File "/home/goida/.local/lib/python3.11/site-packages/telebot/util.py", line 90, in run
    task(*args, **kwargs)
  File "/home/goida/.local/lib/python3.11/site-packages/telebot/__init__.py", line 649, in __retrieve_updates
    updates = self.get_updates(offset=(self.last_update_id + 1),
             ^^^^^^^^^^^^^^^^^^^^^^^^^^^^^^^^^^^^^^^^^^^^^^^^^^
  File "/home/goida/.local/lib/python3.11/site-packages/telebot/__init__.py", line 623, in get_updates
    json_updates = apihelper.get_updates(self.token, offset, limit, timeout, allowed_updates, long_polling_timeout)
                   ^^^^^^^^^^^^^^^^^^^^^^^^^^^^^^^^^^^^^^^^^^^^^^^^^^^^^^^^^^^^^^^^^^^^^^^^^^^^^^^^^^^^^^^^^^^^^^^^
  File "/home/goida/.local/lib/python3.11/site-packages/telebot/apihelper.py", line 321, in get_updates
    return _make_request(token, method_url, params=payload)
           ^^^^^^^^^^^^^^^^^^^^^^^^^^^^^^^^^^^^^^^^^^^^^^^^
  File "/home/goida/.local/lib/python3.11/site-packages/telebot/apihelper.py", line 162, in _make_request
    json_result = _check_result(method_name, result)
                  ^^^^^^^^^^^^^^^^^^^^^^^^^^^^^^^^^^
  File "/home/goida/.local/lib/python3.11/site-packages/telebot/apihelper.py", line 189, in _check_result
    raise ApiTelegramException(method_name, result, result_json)
telebot.apihelper.ApiTelegramException: A request to the Telegram API was unsuccessful. Error code: 409. Description: Conflict: terminated by other getUpdates request; make sure that only one bot instance is running

2026-01-31 08:28:13,613 - TeleBot - ERROR - Threaded polling exception: A request to the Telegram API was unsuccessful. Error code: 409. Description: Conflict: terminated by other getUpdates request; make sure that only one bot instance is running
2026-01-31 08:28:13,614 - TeleBot - ERROR - Exception traceback:
Traceback (most recent call last):
  File "/home/goida/.local/lib/python3.11/site-packages/telebot/__init__.py", line 1073, in __threaded_polling
    polling_thread.raise_exceptions()
  File "/home/goida/.local/lib/python3.11/site-packages/telebot/util.py", line 108, in raise_exceptions
    raise self.exception_info
  File "/home/goida/.local/lib/python3.11/site-packages/telebot/util.py", line 90, in run
    task(*args, **kwargs)
  File "/home/goida/.local/lib/python3.11/site-packages/telebot/__init__.py", line 649, in __retrieve_updates
    updates = self.get_updates(offset=(self.last_update_id + 1),
             ^^^^^^^^^^^^^^^^^^^^^^^^^^^^^^^^^^^^^^^^^^^^^^^^^^
  File "/home/goida/.local/lib/python3.11/site-packages/telebot/__init__.py", line 623, in get_updates
    json_updates = apihelper.get_updates(self.token, offset, limit, timeout, allowed_updates, long_polling_timeout)
                   ^^^^^^^^^^^^^^^^^^^^^^^^^^^^^^^^^^^^^^^^^^^^^^^^^^^^^^^^^^^^^^^^^^^^^^^^^^^^^^^^^^^^^^^^^^^^^^^^
  File "/home/goida/.local/lib/python3.11/site-packages/telebot/apihelper.py", line 321, in get_updates
    return _make_request(token, method_url, params=payload)
           ^^^^^^^^^^^^^^^^^^^^^^^^^^^^^^^^^^^^^^^^^^^^^^^^
  File "/home/goida/.local/lib/python3.11/site-packages/telebot/apihelper.py", line 162, in _make_request
    json_result = _check_result(method_name, result)
                  ^^^^^^^^^^^^^^^^^^^^^^^^^^^^^^^^^^
  File "/home/goida/.local/lib/python3.11/site-packages/telebot/apihelper.py", line 189, in _check_result
    raise ApiTelegramException(method_name, result, result_json)
telebot.apihelper.ApiTelegramException: A request to the Telegram API was unsuccessful. Error code: 409. Description: Conflict: terminated by other getUpdates request; make sure that only one bot instance is running

2026-01-31 08:28:16,915 - TeleBot - ERROR - Threaded polling exception: A request to the Telegram API was unsuccessful. Error code: 409. Description: Conflict: terminated by other getUpdates request; make sure that only one bot instance is running
2026-01-31 08:28:16,917 - TeleBot - ERROR - Exception traceback:
Traceback (most recent call last):
  File "/home/goida/.local/lib/python3.11/site-packages/telebot/__init__.py", line 1073, in __threaded_polling
    polling_thread.raise_exceptions()
  File "/home/goida/.local/lib/python3.11/site-packages/telebot/util.py", line 108, in raise_exceptions
    raise self.exception_info
  File "/home/goida/.local/lib/python3.11/site-packages/telebot/util.py", line 90, in run
    task(*args, **kwargs)
  File "/home/goida/.local/lib/python3.11/site-packages/telebot/__init__.py", line 649, in __retrieve_updates
    updates = self.get_updates(offset=(self.last_update_id + 1),
             ^^^^^^^^^^^^^^^^^^^^^^^^^^^^^^^^^^^^^^^^^^^^^^^^^^
  File "/home/goida/.local/lib/python3.11/site-packages/telebot/__init__.py", line 623, in get_updates
    json_updates = apihelper.get_updates(self.token, offset, limit, timeout, allowed_updates, long_polling_timeout)
                   ^^^^^^^^^^^^^^^^^^^^^^^^^^^^^^^^^^^^^^^^^^^^^^^^^^^^^^^^^^^^^^^^^^^^^^^^^^^^^^^^^^^^^^^^^^^^^^^^
  File "/home/goida/.local/lib/python3.11/site-packages/telebot/apihelper.py", line 321, in get_updates
    return _make_request(token, method_url, params=payload)
           ^^^^^^^^^^^^^^^^^^^^^^^^^^^^^^^^^^^^^^^^^^^^^^^^
  File "/home/goida/.local/lib/python3.11/site-packages/telebot/apihelper.py", line 162, in _make_request
    json_result = _check_result(method_name, result)
                  ^^^^^^^^^^^^^^^^^^^^^^^^^^^^^^^^^^
  File "/home/goida/.local/lib/python3.11/site-packages/telebot/apihelper.py", line 189, in _check_result
    raise ApiTelegramException(method_name, result, result_json)
telebot.apihelper.ApiTelegramException: A request to the Telegram API was unsuccessful. Error code: 409. Description: Conflict: terminated by other getUpdates request; make sure that only one bot instance is running

2026-01-31 08:29:17,092 - TeleBot - ERROR - Threaded polling exception: A request to the Telegram API was unsuccessful. Error code: 409. Description: Conflict: terminated by other getUpdates request; make sure that only one bot instance is running
2026-01-31 08:29:17,093 - TeleBot - ERROR - Exception traceback:
Traceback (most recent call last):
  File "/home/goida/.local/lib/python3.11/site-packages/telebot/__init__.py", line 1073, in __threaded_polling
    polling_thread.raise_exceptions()
  File "/home/goida/.local/lib/python3.11/site-packages/telebot/util.py", line 108, in raise_exceptions
    raise self.exception_info
  File "/home/goida/.local/lib/python3.11/site-packages/telebot/util.py", line 90, in run
    task(*args, **kwargs)
  File "/home/goida/.local/lib/python3.11/site-packages/telebot/__init__.py", line 649, in __retrieve_updates
    updates = self.get_updates(offset=(self.last_update_id + 1),
             ^^^^^^^^^^^^^^^^^^^^^^^^^^^^^^^^^^^^^^^^^^^^^^^^^^
  File "/home/goida/.local/lib/python3.11/site-packages/telebot/__init__.py", line 623, in get_updates
    json_updates = apihelper.get_updates(self.token, offset, limit, timeout, allowed_updates, long_polling_timeout)
                   ^^^^^^^^^^^^^^^^^^^^^^^^^^^^^^^^^^^^^^^^^^^^^^^^^^^^^^^^^^^^^^^^^^^^^^^^^^^^^^^^^^^^^^^^^^^^^^^^
  File "/home/goida/.local/lib/python3.11/site-packages/telebot/apihelper.py", line 321, in get_updates
    return _make_request(token, method_url, params=payload)
           ^^^^^^^^^^^^^^^^^^^^^^^^^^^^^^^^^^^^^^^^^^^^^^^^
  File "/home/goida/.local/lib/python3.11/site-packages/telebot/apihelper.py", line 162, in _make_request
    json_result = _check_result(method_name, result)
                  ^^^^^^^^^^^^^^^^^^^^^^^^^^^^^^^^^^
  File "/home/goida/.local/lib/python3.11/site-packages/telebot/apihelper.py", line 189, in _check_result
    raise ApiTelegramException(method_name, result, result_json)
telebot.apihelper.ApiTelegramException: A request to the Telegram API was unsuccessful. Error code: 409. Description: Conflict: terminated by other getUpdates request; make sure that only one bot instance is running

2026-01-31 08:29:20,401 - TeleBot - ERROR - Threaded polling exception: A request to the Telegram API was unsuccessful. Error code: 409. Description: Conflict: terminated by other getUpdates request; make sure that only one bot instance is running
2026-01-31 08:29:20,402 - TeleBot - ERROR - Exception traceback:
Traceback (most recent call last):
  File "/home/goida/.local/lib/python3.11/site-packages/telebot/__init__.py", line 1073, in __threaded_polling
    polling_thread.raise_exceptions()
  File "/home/goida/.local/lib/python3.11/site-packages/telebot/util.py", line 108, in raise_exceptions
    raise self.exception_info
  File "/home/goida/.local/lib/python3.11/site-packages/telebot/util.py", line 90, in run
    task(*args, **kwargs)
  File "/home/goida/.local/lib/python3.11/site-packages/telebot/__init__.py", line 649, in __retrieve_updates
    updates = self.get_updates(offset=(self.last_update_id + 1),
             ^^^^^^^^^^^^^^^^^^^^^^^^^^^^^^^^^^^^^^^^^^^^^^^^^^
  File "/home/goida/.local/lib/python3.11/site-packages/telebot/__init__.py", line 623, in get_updates
    json_updates = apihelper.get_updates(self.token, offset, limit, timeout, allowed_updates, long_polling_timeout)
                   ^^^^^^^^^^^^^^^^^^^^^^^^^^^^^^^^^^^^^^^^^^^^^^^^^^^^^^^^^^^^^^^^^^^^^^^^^^^^^^^^^^^^^^^^^^^^^^^^
  File "/home/goida/.local/lib/python3.11/site-packages/telebot/apihelper.py", line 321, in get_updates
    return _make_request(token, method_url, params=payload)
           ^^^^^^^^^^^^^^^^^^^^^^^^^^^^^^^^^^^^^^^^^^^^^^^^
  File "/home/goida/.local/lib/python3.11/site-packages/telebot/apihelper.py", line 162, in _make_request
    json_result = _check_result(method_name, result)
                  ^^^^^^^^^^^^^^^^^^^^^^^^^^^^^^^^^^
  File "/home/goida/.local/lib/python3.11/site-packages/telebot/apihelper.py", line 189, in _check_result
    raise ApiTelegramException(method_name, result, result_json)
telebot.apihelper.ApiTelegramException: A request to the Telegram API was unsuccessful. Error code: 409. Description: Conflict: terminated by other getUpdates request; make sure that only one bot instance is running

2026-01-31 08:30:20,456 - TeleBot - ERROR - Threaded polling exception: A request to the Telegram API was unsuccessful. Error code: 409. Description: Conflict: terminated by other getUpdates request; make sure that only one bot instance is running
2026-01-31 08:30:20,456 - TeleBot - ERROR - Exception traceback:
Traceback (most recent call last):
  File "/home/goida/.local/lib/python3.11/site-packages/telebot/__init__.py", line 1073, in __threaded_polling
    polling_thread.raise_exceptions()
  File "/home/goida/.local/lib/python3.11/site-packages/telebot/util.py", line 108, in raise_exceptions
    raise self.exception_info
  File "/home/goida/.local/lib/python3.11/site-packages/telebot/util.py", line 90, in run
    task(*args, **kwargs)
  File "/home/goida/.local/lib/python3.11/site-packages/telebot/__init__.py", line 649, in __retrieve_updates
    updates = self.get_updates(offset=(self.last_update_id + 1),
             ^^^^^^^^^^^^^^^^^^^^^^^^^^^^^^^^^^^^^^^^^^^^^^^^^^
  File "/home/goida/.local/lib/python3.11/site-packages/telebot/__init__.py", line 623, in get_updates
    json_updates = apihelper.get_updates(self.token, offset, limit, timeout, allowed_updates, long_polling_timeout)
                   ^^^^^^^^^^^^^^^^^^^^^^^^^^^^^^^^^^^^^^^^^^^^^^^^^^^^^^^^^^^^^^^^^^^^^^^^^^^^^^^^^^^^^^^^^^^^^^^^
  File "/home/goida/.local/lib/python3.11/site-packages/telebot/apihelper.py", line 321, in get_updates
    return _make_request(token, method_url, params=payload)
           ^^^^^^^^^^^^^^^^^^^^^^^^^^^^^^^^^^^^^^^^^^^^^^^^
  File "/home/goida/.local/lib/python3.11/site-packages/telebot/apihelper.py", line 162, in _make_request
    json_result = _check_result(method_name, result)
                  ^^^^^^^^^^^^^^^^^^^^^^^^^^^^^^^^^^
  File "/home/goida/.local/lib/python3.11/site-packages/telebot/apihelper.py", line 189, in _check_result
    raise ApiTelegramException(method_name, result, result_json)
telebot.apihelper.ApiTelegramException: A request to the Telegram API was unsuccessful. Error code: 409. Description: Conflict: terminated by other getUpdates request; make sure that only one bot instance is running

2026-01-31 08:30:23,758 - TeleBot - ERROR - Threaded polling exception: A request to the Telegram API was unsuccessful. Error code: 409. Description: Conflict: terminated by other getUpdates request; make sure that only one bot instance is running
2026-01-31 08:30:23,759 - TeleBot - ERROR - Exception traceback:
Traceback (most recent call last):
  File "/home/goida/.local/lib/python3.11/site-packages/telebot/__init__.py", line 1073, in __threaded_polling
    polling_thread.raise_exceptions()
  File "/home/goida/.local/lib/python3.11/site-packages/telebot/util.py", line 108, in raise_exceptions
    raise self.exception_info
  File "/home/goida/.local/lib/python3.11/site-packages/telebot/util.py", line 90, in run
    task(*args, **kwargs)
  File "/home/goida/.local/lib/python3.11/site-packages/telebot/__init__.py", line 649, in __retrieve_updates
    updates = self.get_updates(offset=(self.last_update_id + 1),
             ^^^^^^^^^^^^^^^^^^^^^^^^^^^^^^^^^^^^^^^^^^^^^^^^^^
  File "/home/goida/.local/lib/python3.11/site-packages/telebot/__init__.py", line 623, in get_updates
    json_updates = apihelper.get_updates(self.token, offset, limit, timeout, allowed_updates, long_polling_timeout)
                   ^^^^^^^^^^^^^^^^^^^^^^^^^^^^^^^^^^^^^^^^^^^^^^^^^^^^^^^^^^^^^^^^^^^^^^^^^^^^^^^^^^^^^^^^^^^^^^^^
  File "/home/goida/.local/lib/python3.11/site-packages/telebot/apihelper.py", line 321, in get_updates
    return _make_request(token, method_url, params=payload)
           ^^^^^^^^^^^^^^^^^^^^^^^^^^^^^^^^^^^^^^^^^^^^^^^^
  File "/home/goida/.local/lib/python3.11/site-packages/telebot/apihelper.py", line 162, in _make_request
    json_result = _check_result(method_name, result)
                  ^^^^^^^^^^^^^^^^^^^^^^^^^^^^^^^^^^
  File "/home/goida/.local/lib/python3.11/site-packages/telebot/apihelper.py", line 189, in _check_result
    raise ApiTelegramException(method_name, result, result_json)
telebot.apihelper.ApiTelegramException: A request to the Telegram API was unsuccessful. Error code: 409. Description: Conflict: terminated by other getUpdates request; make sure that only one bot instance is running

2026-01-31 08:31:23,810 - TeleBot - ERROR - Threaded polling exception: A request to the Telegram API was unsuccessful. Error code: 409. Description: Conflict: terminated by other getUpdates request; make sure that only one bot instance is running
2026-01-31 08:31:23,811 - TeleBot - ERROR - Exception traceback:
Traceback (most recent call last):
  File "/home/goida/.local/lib/python3.11/site-packages/telebot/__init__.py", line 1073, in __threaded_polling
    polling_thread.raise_exceptions()
  File "/home/goida/.local/lib/python3.11/site-packages/telebot/util.py", line 108, in raise_exceptions
    raise self.exception_info
  File "/home/goida/.local/lib/python3.11/site-packages/telebot/util.py", line 90, in run
    task(*args, **kwargs)
  File "/home/goida/.local/lib/python3.11/site-packages/telebot/__init__.py", line 649, in __retrieve_updates
    updates = self.get_updates(offset=(self.last_update_id + 1),
             ^^^^^^^^^^^^^^^^^^^^^^^^^^^^^^^^^^^^^^^^^^^^^^^^^^
  File "/home/goida/.local/lib/python3.11/site-packages/telebot/__init__.py", line 623, in get_updates
    json_updates = apihelper.get_updates(self.token, offset, limit, timeout, allowed_updates, long_polling_timeout)
                   ^^^^^^^^^^^^^^^^^^^^^^^^^^^^^^^^^^^^^^^^^^^^^^^^^^^^^^^^^^^^^^^^^^^^^^^^^^^^^^^^^^^^^^^^^^^^^^^^
  File "/home/goida/.local/lib/python3.11/site-packages/telebot/apihelper.py", line 321, in get_updates
    return _make_request(token, method_url, params=payload)
           ^^^^^^^^^^^^^^^^^^^^^^^^^^^^^^^^^^^^^^^^^^^^^^^^
  File "/home/goida/.local/lib/python3.11/site-packages/telebot/apihelper.py", line 162, in _make_request
    json_result = _check_result(method_name, result)
                  ^^^^^^^^^^^^^^^^^^^^^^^^^^^^^^^^^^
  File "/home/goida/.local/lib/python3.11/site-packages/telebot/apihelper.py", line 189, in _check_result
    raise ApiTelegramException(method_name, result, result_json)
telebot.apihelper.ApiTelegramException: A request to the Telegram API was unsuccessful. Error code: 409. Description: Conflict: terminated by other getUpdates request; make sure that only one bot instance is running

2026-01-31 08:31:27,124 - TeleBot - ERROR - Threaded polling exception: A request to the Telegram API was unsuccessful. Error code: 409. Description: Conflict: terminated by other getUpdates request; make sure that only one bot instance is running
2026-01-31 08:31:27,124 - TeleBot - ERROR - Exception traceback:
Traceback (most recent call last):
  File "/home/goida/.local/lib/python3.11/site-packages/telebot/__init__.py", line 1073, in __threaded_polling
    polling_thread.raise_exceptions()
  File "/home/goida/.local/lib/python3.11/site-packages/telebot/util.py", line 108, in raise_exceptions
    raise self.exception_info
  File "/home/goida/.local/lib/python3.11/site-packages/telebot/util.py", line 90, in run
    task(*args, **kwargs)
  File "/home/goida/.local/lib/python3.11/site-packages/telebot/__init__.py", line 649, in __retrieve_updates
    updates = self.get_updates(offset=(self.last_update_id + 1),
             ^^^^^^^^^^^^^^^^^^^^^^^^^^^^^^^^^^^^^^^^^^^^^^^^^^
  File "/home/goida/.local/lib/python3.11/site-packages/telebot/__init__.py", line 623, in get_updates
    json_updates = apihelper.get_updates(self.token, offset, limit, timeout, allowed_updates, long_polling_timeout)
                   ^^^^^^^^^^^^^^^^^^^^^^^^^^^^^^^^^^^^^^^^^^^^^^^^^^^^^^^^^^^^^^^^^^^^^^^^^^^^^^^^^^^^^^^^^^^^^^^^
  File "/home/goida/.local/lib/python3.11/site-packages/telebot/apihelper.py", line 321, in get_updates
    return _make_request(token, method_url, params=payload)
           ^^^^^^^^^^^^^^^^^^^^^^^^^^^^^^^^^^^^^^^^^^^^^^^^
  File "/home/goida/.local/lib/python3.11/site-packages/telebot/apihelper.py", line 162, in _make_request
    json_result = _check_result(method_name, result)
                  ^^^^^^^^^^^^^^^^^^^^^^^^^^^^^^^^^^
  File "/home/goida/.local/lib/python3.11/site-packages/telebot/apihelper.py", line 189, in _check_result
    raise ApiTelegramException(method_name, result, result_json)
telebot.apihelper.ApiTelegramException: A request to the Telegram API was unsuccessful. Error code: 409. Description: Conflict: terminated by other getUpdates request; make sure that only one bot instance is running

2026-01-31 08:32:27,175 - TeleBot - ERROR - Threaded polling exception: A request to the Telegram API was unsuccessful. Error code: 409. Description: Conflict: terminated by other getUpdates request; make sure that only one bot instance is running
2026-01-31 08:32:27,176 - TeleBot - ERROR - Exception traceback:
Traceback (most recent call last):
  File "/home/goida/.local/lib/python3.11/site-packages/telebot/__init__.py", line 1073, in __threaded_polling
    polling_thread.raise_exceptions()
  File "/home/goida/.local/lib/python3.11/site-packages/telebot/util.py", line 108, in raise_exceptions
    raise self.exception_info
  File "/home/goida/.local/lib/python3.11/site-packages/telebot/util.py", line 90, in run
    task(*args, **kwargs)
  File "/home/goida/.local/lib/python3.11/site-packages/telebot/__init__.py", line 649, in __retrieve_updates
    updates = self.get_updates(offset=(self.last_update_id + 1),
             ^^^^^^^^^^^^^^^^^^^^^^^^^^^^^^^^^^^^^^^^^^^^^^^^^^
  File "/home/goida/.local/lib/python3.11/site-packages/telebot/__init__.py", line 623, in get_updates
    json_updates = apihelper.get_updates(self.token, offset, limit, timeout, allowed_updates, long_polling_timeout)
                   ^^^^^^^^^^^^^^^^^^^^^^^^^^^^^^^^^^^^^^^^^^^^^^^^^^^^^^^^^^^^^^^^^^^^^^^^^^^^^^^^^^^^^^^^^^^^^^^^
  File "/home/goida/.local/lib/python3.11/site-packages/telebot/apihelper.py", line 321, in get_updates
    return _make_request(token, method_url, params=payload)
           ^^^^^^^^^^^^^^^^^^^^^^^^^^^^^^^^^^^^^^^^^^^^^^^^
  File "/home/goida/.local/lib/python3.11/site-packages/telebot/apihelper.py", line 162, in _make_request
    json_result = _check_result(method_name, result)
                  ^^^^^^^^^^^^^^^^^^^^^^^^^^^^^^^^^^
  File "/home/goida/.local/lib/python3.11/site-packages/telebot/apihelper.py", line 189, in _check_result
    raise ApiTelegramException(method_name, result, result_json)
telebot.apihelper.ApiTelegramException: A request to the Telegram API was unsuccessful. Error code: 409. Description: Conflict: terminated by other getUpdates request; make sure that only one bot instance is running

2026-01-31 08:32:30,482 - TeleBot - ERROR - Threaded polling exception: A request to the Telegram API was unsuccessful. Error code: 409. Description: Conflict: terminated by other getUpdates request; make sure that only one bot instance is running
2026-01-31 08:32:30,483 - TeleBot - ERROR - Exception traceback:
Traceback (most recent call last):
  File "/home/goida/.local/lib/python3.11/site-packages/telebot/__init__.py", line 1073, in __threaded_polling
    polling_thread.raise_exceptions()
  File "/home/goida/.local/lib/python3.11/site-packages/telebot/util.py", line 108, in raise_exceptions
    raise self.exception_info
  File "/home/goida/.local/lib/python3.11/site-packages/telebot/util.py", line 90, in run
    task(*args, **kwargs)
  File "/home/goida/.local/lib/python3.11/site-packages/telebot/__init__.py", line 649, in __retrieve_updates
    updates = self.get_updates(offset=(self.last_update_id + 1),
             ^^^^^^^^^^^^^^^^^^^^^^^^^^^^^^^^^^^^^^^^^^^^^^^^^^
  File "/home/goida/.local/lib/python3.11/site-packages/telebot/__init__.py", line 623, in get_updates
    json_updates = apihelper.get_updates(self.token, offset, limit, timeout, allowed_updates, long_polling_timeout)
                   ^^^^^^^^^^^^^^^^^^^^^^^^^^^^^^^^^^^^^^^^^^^^^^^^^^^^^^^^^^^^^^^^^^^^^^^^^^^^^^^^^^^^^^^^^^^^^^^^
  File "/home/goida/.local/lib/python3.11/site-packages/telebot/apihelper.py", line 321, in get_updates
    return _make_request(token, method_url, params=payload)
           ^^^^^^^^^^^^^^^^^^^^^^^^^^^^^^^^^^^^^^^^^^^^^^^^
  File "/home/goida/.local/lib/python3.11/site-packages/telebot/apihelper.py", line 162, in _make_request
    json_result = _check_result(method_name, result)
                  ^^^^^^^^^^^^^^^^^^^^^^^^^^^^^^^^^^
  File "/home/goida/.local/lib/python3.11/site-packages/telebot/apihelper.py", line 189, in _check_result
    raise ApiTelegramException(method_name, result, result_json)
telebot.apihelper.ApiTelegramException: A request to the Telegram API was unsuccessful. Error code: 409. Description: Conflict: terminated by other getUpdates request; make sure that only one bot instance is running

2026-01-31 08:33:30,536 - TeleBot - ERROR - Threaded polling exception: A request to the Telegram API was unsuccessful. Error code: 409. Description: Conflict: terminated by other getUpdates request; make sure that only one bot instance is running
2026-01-31 08:33:30,537 - TeleBot - ERROR - Exception traceback:
Traceback (most recent call last):
  File "/home/goida/.local/lib/python3.11/site-packages/telebot/__init__.py", line 1073, in __threaded_polling
    polling_thread.raise_exceptions()
  File "/home/goida/.local/lib/python3.11/site-packages/telebot/util.py", line 108, in raise_exceptions
    raise self.exception_info
  File "/home/goida/.local/lib/python3.11/site-packages/telebot/util.py", line 90, in run
    task(*args, **kwargs)
  File "/home/goida/.local/lib/python3.11/site-packages/telebot/__init__.py", line 649, in __retrieve_updates
    updates = self.get_updates(offset=(self.last_update_id + 1),
             ^^^^^^^^^^^^^^^^^^^^^^^^^^^^^^^^^^^^^^^^^^^^^^^^^^
  File "/home/goida/.local/lib/python3.11/site-packages/telebot/__init__.py", line 623, in get_updates
    json_updates = apihelper.get_updates(self.token, offset, limit, timeout, allowed_updates, long_polling_timeout)
                   ^^^^^^^^^^^^^^^^^^^^^^^^^^^^^^^^^^^^^^^^^^^^^^^^^^^^^^^^^^^^^^^^^^^^^^^^^^^^^^^^^^^^^^^^^^^^^^^^
  File "/home/goida/.local/lib/python3.11/site-packages/telebot/apihelper.py", line 321, in get_updates
    return _make_request(token, method_url, params=payload)
           ^^^^^^^^^^^^^^^^^^^^^^^^^^^^^^^^^^^^^^^^^^^^^^^^
  File "/home/goida/.local/lib/python3.11/site-packages/telebot/apihelper.py", line 162, in _make_request
    json_result = _check_result(method_name, result)
                  ^^^^^^^^^^^^^^^^^^^^^^^^^^^^^^^^^^
  File "/home/goida/.local/lib/python3.11/site-packages/telebot/apihelper.py", line 189, in _check_result
    raise ApiTelegramException(method_name, result, result_json)
telebot.apihelper.ApiTelegramException: A request to the Telegram API was unsuccessful. Error code: 409. Description: Conflict: terminated by other getUpdates request; make sure that only one bot instance is running

2026-01-31 08:33:33,837 - TeleBot - ERROR - Threaded polling exception: A request to the Telegram API was unsuccessful. Error code: 409. Description: Conflict: terminated by other getUpdates request; make sure that only one bot instance is running
2026-01-31 08:33:33,838 - TeleBot - ERROR - Exception traceback:
Traceback (most recent call last):
  File "/home/goida/.local/lib/python3.11/site-packages/telebot/__init__.py", line 1073, in __threaded_polling
    polling_thread.raise_exceptions()
  File "/home/goida/.local/lib/python3.11/site-packages/telebot/util.py", line 108, in raise_exceptions
    raise self.exception_info
  File "/home/goida/.local/lib/python3.11/site-packages/telebot/util.py", line 90, in run
    task(*args, **kwargs)
  File "/home/goida/.local/lib/python3.11/site-packages/telebot/__init__.py", line 649, in __retrieve_updates
    updates = self.get_updates(offset=(self.last_update_id + 1),
             ^^^^^^^^^^^^^^^^^^^^^^^^^^^^^^^^^^^^^^^^^^^^^^^^^^
  File "/home/goida/.local/lib/python3.11/site-packages/telebot/__init__.py", line 623, in get_updates
    json_updates = apihelper.get_updates(self.token, offset, limit, timeout, allowed_updates, long_polling_timeout)
                   ^^^^^^^^^^^^^^^^^^^^^^^^^^^^^^^^^^^^^^^^^^^^^^^^^^^^^^^^^^^^^^^^^^^^^^^^^^^^^^^^^^^^^^^^^^^^^^^^
  File "/home/goida/.local/lib/python3.11/site-packages/telebot/apihelper.py", line 321, in get_updates
    return _make_request(token, method_url, params=payload)
           ^^^^^^^^^^^^^^^^^^^^^^^^^^^^^^^^^^^^^^^^^^^^^^^^
  File "/home/goida/.local/lib/python3.11/site-packages/telebot/apihelper.py", line 162, in _make_request
    json_result = _check_result(method_name, result)
                  ^^^^^^^^^^^^^^^^^^^^^^^^^^^^^^^^^^
  File "/home/goida/.local/lib/python3.11/site-packages/telebot/apihelper.py", line 189, in _check_result
    raise ApiTelegramException(method_name, result, result_json)
telebot.apihelper.ApiTelegramException: A request to the Telegram API was unsuccessful. Error code: 409. Description: Conflict: terminated by other getUpdates request; make sure that only one bot instance is running

2026-01-31 08:34:33,889 - TeleBot - ERROR - Threaded polling exception: A request to the Telegram API was unsuccessful. Error code: 409. Description: Conflict: terminated by other getUpdates request; make sure that only one bot instance is running
2026-01-31 08:34:33,890 - TeleBot - ERROR - Exception traceback:
Traceback (most recent call last):
  File "/home/goida/.local/lib/python3.11/site-packages/telebot/__init__.py", line 1073, in __threaded_polling
    polling_thread.raise_exceptions()
  File "/home/goida/.local/lib/python3.11/site-packages/telebot/util.py", line 108, in raise_exceptions
    raise self.exception_info
  File "/home/goida/.local/lib/python3.11/site-packages/telebot/util.py", line 90, in run
    task(*args, **kwargs)
  File "/home/goida/.local/lib/python3.11/site-packages/telebot/__init__.py", line 649, in __retrieve_updates
    updates = self.get_updates(offset=(self.last_update_id + 1),
             ^^^^^^^^^^^^^^^^^^^^^^^^^^^^^^^^^^^^^^^^^^^^^^^^^^
  File "/home/goida/.local/lib/python3.11/site-packages/telebot/__init__.py", line 623, in get_updates
    json_updates = apihelper.get_updates(self.token, offset, limit, timeout, allowed_updates, long_polling_timeout)
                   ^^^^^^^^^^^^^^^^^^^^^^^^^^^^^^^^^^^^^^^^^^^^^^^^^^^^^^^^^^^^^^^^^^^^^^^^^^^^^^^^^^^^^^^^^^^^^^^^
  File "/home/goida/.local/lib/python3.11/site-packages/telebot/apihelper.py", line 321, in get_updates
    return _make_request(token, method_url, params=payload)
           ^^^^^^^^^^^^^^^^^^^^^^^^^^^^^^^^^^^^^^^^^^^^^^^^
  File "/home/goida/.local/lib/python3.11/site-packages/telebot/apihelper.py", line 162, in _make_request
    json_result = _check_result(method_name, result)
                  ^^^^^^^^^^^^^^^^^^^^^^^^^^^^^^^^^^
  File "/home/goida/.local/lib/python3.11/site-packages/telebot/apihelper.py", line 189, in _check_result
    raise ApiTelegramException(method_name, result, result_json)
telebot.apihelper.ApiTelegramException: A request to the Telegram API was unsuccessful. Error code: 409. Description: Conflict: terminated by other getUpdates request; make sure that only one bot instance is running

2026-01-31 08:34:37,212 - TeleBot - ERROR - Threaded polling exception: A request to the Telegram API was unsuccessful. Error code: 409. Description: Conflict: terminated by other getUpdates request; make sure that only one bot instance is running
2026-01-31 08:34:37,213 - TeleBot - ERROR - Exception traceback:
Traceback (most recent call last):
  File "/home/goida/.local/lib/python3.11/site-packages/telebot/__init__.py", line 1073, in __threaded_polling
    polling_thread.raise_exceptions()
  File "/home/goida/.local/lib/python3.11/site-packages/telebot/util.py", line 108, in raise_exceptions
    raise self.exception_info
  File "/home/goida/.local/lib/python3.11/site-packages/telebot/util.py", line 90, in run
    task(*args, **kwargs)
  File "/home/goida/.local/lib/python3.11/site-packages/telebot/__init__.py", line 649, in __retrieve_updates
    updates = self.get_updates(offset=(self.last_update_id + 1),
             ^^^^^^^^^^^^^^^^^^^^^^^^^^^^^^^^^^^^^^^^^^^^^^^^^^
  File "/home/goida/.local/lib/python3.11/site-packages/telebot/__init__.py", line 623, in get_updates
    json_updates = apihelper.get_updates(self.token, offset, limit, timeout, allowed_updates, long_polling_timeout)
                   ^^^^^^^^^^^^^^^^^^^^^^^^^^^^^^^^^^^^^^^^^^^^^^^^^^^^^^^^^^^^^^^^^^^^^^^^^^^^^^^^^^^^^^^^^^^^^^^^
  File "/home/goida/.local/lib/python3.11/site-packages/telebot/apihelper.py", line 321, in get_updates
    return _make_request(token, method_url, params=payload)
           ^^^^^^^^^^^^^^^^^^^^^^^^^^^^^^^^^^^^^^^^^^^^^^^^
  File "/home/goida/.local/lib/python3.11/site-packages/telebot/apihelper.py", line 162, in _make_request
    json_result = _check_result(method_name, result)
                  ^^^^^^^^^^^^^^^^^^^^^^^^^^^^^^^^^^
  File "/home/goida/.local/lib/python3.11/site-packages/telebot/apihelper.py", line 189, in _check_result
    raise ApiTelegramException(method_name, result, result_json)
telebot.apihelper.ApiTelegramException: A request to the Telegram API was unsuccessful. Error code: 409. Description: Conflict: terminated by other getUpdates request; make sure that only one bot instance is running

2026-01-31 08:35:37,265 - TeleBot - ERROR - Threaded polling exception: A request to the Telegram API was unsuccessful. Error code: 409. Description: Conflict: terminated by other getUpdates request; make sure that only one bot instance is running
2026-01-31 08:35:37,265 - TeleBot - ERROR - Exception traceback:
Traceback (most recent call last):
  File "/home/goida/.local/lib/python3.11/site-packages/telebot/__init__.py", line 1073, in __threaded_polling
    polling_thread.raise_exceptions()
  File "/home/goida/.local/lib/python3.11/site-packages/telebot/util.py", line 108, in raise_exceptions
    raise self.exception_info
  File "/home/goida/.local/lib/python3.11/site-packages/telebot/util.py", line 90, in run
    task(*args, **kwargs)
  File "/home/goida/.local/lib/python3.11/site-packages/telebot/__init__.py", line 649, in __retrieve_updates
    updates = self.get_updates(offset=(self.last_update_id + 1),
             ^^^^^^^^^^^^^^^^^^^^^^^^^^^^^^^^^^^^^^^^^^^^^^^^^^
  File "/home/goida/.local/lib/python3.11/site-packages/telebot/__init__.py", line 623, in get_updates
    json_updates = apihelper.get_updates(self.token, offset, limit, timeout, allowed_updates, long_polling_timeout)
                   ^^^^^^^^^^^^^^^^^^^^^^^^^^^^^^^^^^^^^^^^^^^^^^^^^^^^^^^^^^^^^^^^^^^^^^^^^^^^^^^^^^^^^^^^^^^^^^^^
  File "/home/goida/.local/lib/python3.11/site-packages/telebot/apihelper.py", line 321, in get_updates
    return _make_request(token, method_url, params=payload)
           ^^^^^^^^^^^^^^^^^^^^^^^^^^^^^^^^^^^^^^^^^^^^^^^^
  File "/home/goida/.local/lib/python3.11/site-packages/telebot/apihelper.py", line 162, in _make_request
    json_result = _check_result(method_name, result)
                  ^^^^^^^^^^^^^^^^^^^^^^^^^^^^^^^^^^
  File "/home/goida/.local/lib/python3.11/site-packages/telebot/apihelper.py", line 189, in _check_result
    raise ApiTelegramException(method_name, result, result_json)
telebot.apihelper.ApiTelegramException: A request to the Telegram API was unsuccessful. Error code: 409. Description: Conflict: terminated by other getUpdates request; make sure that only one bot instance is running

2026-01-31 08:35:40,565 - TeleBot - ERROR - Threaded polling exception: A request to the Telegram API was unsuccessful. Error code: 409. Description: Conflict: terminated by other getUpdates request; make sure that only one bot instance is running
2026-01-31 08:35:40,566 - TeleBot - ERROR - Exception traceback:
Traceback (most recent call last):
  File "/home/goida/.local/lib/python3.11/site-packages/telebot/__init__.py", line 1073, in __threaded_polling
    polling_thread.raise_exceptions()
  File "/home/goida/.local/lib/python3.11/site-packages/telebot/util.py", line 108, in raise_exceptions
    raise self.exception_info
  File "/home/goida/.local/lib/python3.11/site-packages/telebot/util.py", line 90, in run
    task(*args, **kwargs)
  File "/home/goida/.local/lib/python3.11/site-packages/telebot/__init__.py", line 649, in __retrieve_updates
    updates = self.get_updates(offset=(self.last_update_id + 1),
             ^^^^^^^^^^^^^^^^^^^^^^^^^^^^^^^^^^^^^^^^^^^^^^^^^^
  File "/home/goida/.local/lib/python3.11/site-packages/telebot/__init__.py", line 623, in get_updates
    json_updates = apihelper.get_updates(self.token, offset, limit, timeout, allowed_updates, long_polling_timeout)
                   ^^^^^^^^^^^^^^^^^^^^^^^^^^^^^^^^^^^^^^^^^^^^^^^^^^^^^^^^^^^^^^^^^^^^^^^^^^^^^^^^^^^^^^^^^^^^^^^^
  File "/home/goida/.local/lib/python3.11/site-packages/telebot/apihelper.py", line 321, in get_updates
    return _make_request(token, method_url, params=payload)
           ^^^^^^^^^^^^^^^^^^^^^^^^^^^^^^^^^^^^^^^^^^^^^^^^
  File "/home/goida/.local/lib/python3.11/site-packages/telebot/apihelper.py", line 162, in _make_request
    json_result = _check_result(method_name, result)
                  ^^^^^^^^^^^^^^^^^^^^^^^^^^^^^^^^^^
  File "/home/goida/.local/lib/python3.11/site-packages/telebot/apihelper.py", line 189, in _check_result
    raise ApiTelegramException(method_name, result, result_json)
telebot.apihelper.ApiTelegramException: A request to the Telegram API was unsuccessful. Error code: 409. Description: Conflict: terminated by other getUpdates request; make sure that only one bot instance is running

2026-01-31 08:36:40,622 - TeleBot - ERROR - Threaded polling exception: A request to the Telegram API was unsuccessful. Error code: 409. Description: Conflict: terminated by other getUpdates request; make sure that only one bot instance is running
2026-01-31 08:36:40,623 - TeleBot - ERROR - Exception traceback:
Traceback (most recent call last):
  File "/home/goida/.local/lib/python3.11/site-packages/telebot/__init__.py", line 1073, in __threaded_polling
    polling_thread.raise_exceptions()
  File "/home/goida/.local/lib/python3.11/site-packages/telebot/util.py", line 108, in raise_exceptions
    raise self.exception_info
  File "/home/goida/.local/lib/python3.11/site-packages/telebot/util.py", line 90, in run
    task(*args, **kwargs)
  File "/home/goida/.local/lib/python3.11/site-packages/telebot/__init__.py", line 649, in __retrieve_updates
    updates = self.get_updates(offset=(self.last_update_id + 1),
             ^^^^^^^^^^^^^^^^^^^^^^^^^^^^^^^^^^^^^^^^^^^^^^^^^^
  File "/home/goida/.local/lib/python3.11/site-packages/telebot/__init__.py", line 623, in get_updates
    json_updates = apihelper.get_updates(self.token, offset, limit, timeout, allowed_updates, long_polling_timeout)
                   ^^^^^^^^^^^^^^^^^^^^^^^^^^^^^^^^^^^^^^^^^^^^^^^^^^^^^^^^^^^^^^^^^^^^^^^^^^^^^^^^^^^^^^^^^^^^^^^^
  File "/home/goida/.local/lib/python3.11/site-packages/telebot/apihelper.py", line 321, in get_updates
    return _make_request(token, method_url, params=payload)
           ^^^^^^^^^^^^^^^^^^^^^^^^^^^^^^^^^^^^^^^^^^^^^^^^
  File "/home/goida/.local/lib/python3.11/site-packages/telebot/apihelper.py", line 162, in _make_request
    json_result = _check_result(method_name, result)
                  ^^^^^^^^^^^^^^^^^^^^^^^^^^^^^^^^^^
  File "/home/goida/.local/lib/python3.11/site-packages/telebot/apihelper.py", line 189, in _check_result
    raise ApiTelegramException(method_name, result, result_json)
telebot.apihelper.ApiTelegramException: A request to the Telegram API was unsuccessful. Error code: 409. Description: Conflict: terminated by other getUpdates request; make sure that only one bot instance is running

2026-01-31 08:36:43,923 - TeleBot - ERROR - Threaded polling exception: A request to the Telegram API was unsuccessful. Error code: 409. Description: Conflict: terminated by other getUpdates request; make sure that only one bot instance is running
2026-01-31 08:36:43,924 - TeleBot - ERROR - Exception traceback:
Traceback (most recent call last):
  File "/home/goida/.local/lib/python3.11/site-packages/telebot/__init__.py", line 1073, in __threaded_polling
    polling_thread.raise_exceptions()
  File "/home/goida/.local/lib/python3.11/site-packages/telebot/util.py", line 108, in raise_exceptions
    raise self.exception_info
  File "/home/goida/.local/lib/python3.11/site-packages/telebot/util.py", line 90, in run
    task(*args, **kwargs)
  File "/home/goida/.local/lib/python3.11/site-packages/telebot/__init__.py", line 649, in __retrieve_updates
    updates = self.get_updates(offset=(self.last_update_id + 1),
             ^^^^^^^^^^^^^^^^^^^^^^^^^^^^^^^^^^^^^^^^^^^^^^^^^^
  File "/home/goida/.local/lib/python3.11/site-packages/telebot/__init__.py", line 623, in get_updates
    json_updates = apihelper.get_updates(self.token, offset, limit, timeout, allowed_updates, long_polling_timeout)
                   ^^^^^^^^^^^^^^^^^^^^^^^^^^^^^^^^^^^^^^^^^^^^^^^^^^^^^^^^^^^^^^^^^^^^^^^^^^^^^^^^^^^^^^^^^^^^^^^^
  File "/home/goida/.local/lib/python3.11/site-packages/telebot/apihelper.py", line 321, in get_updates
    return _make_request(token, method_url, params=payload)
           ^^^^^^^^^^^^^^^^^^^^^^^^^^^^^^^^^^^^^^^^^^^^^^^^
  File "/home/goida/.local/lib/python3.11/site-packages/telebot/apihelper.py", line 162, in _make_request
    json_result = _check_result(method_name, result)
                  ^^^^^^^^^^^^^^^^^^^^^^^^^^^^^^^^^^
  File "/home/goida/.local/lib/python3.11/site-packages/telebot/apihelper.py", line 189, in _check_result
    raise ApiTelegramException(method_name, result, result_json)
telebot.apihelper.ApiTelegramException: A request to the Telegram API was unsuccessful. Error code: 409. Description: Conflict: terminated by other getUpdates request; make sure that only one bot instance is running

2026-01-31 08:37:43,978 - TeleBot - ERROR - Threaded polling exception: A request to the Telegram API was unsuccessful. Error code: 409. Description: Conflict: terminated by other getUpdates request; make sure that only one bot instance is running
2026-01-31 08:37:43,979 - TeleBot - ERROR - Exception traceback:
Traceback (most recent call last):
  File "/home/goida/.local/lib/python3.11/site-packages/telebot/__init__.py", line 1073, in __threaded_polling
    polling_thread.raise_exceptions()
  File "/home/goida/.local/lib/python3.11/site-packages/telebot/util.py", line 108, in raise_exceptions
    raise self.exception_info
  File "/home/goida/.local/lib/python3.11/site-packages/telebot/util.py", line 90, in run
    task(*args, **kwargs)
  File "/home/goida/.local/lib/python3.11/site-packages/telebot/__init__.py", line 649, in __retrieve_updates
    updates = self.get_updates(offset=(self.last_update_id + 1),
             ^^^^^^^^^^^^^^^^^^^^^^^^^^^^^^^^^^^^^^^^^^^^^^^^^^
  File "/home/goida/.local/lib/python3.11/site-packages/telebot/__init__.py", line 623, in get_updates
    json_updates = apihelper.get_updates(self.token, offset, limit, timeout, allowed_updates, long_polling_timeout)
                   ^^^^^^^^^^^^^^^^^^^^^^^^^^^^^^^^^^^^^^^^^^^^^^^^^^^^^^^^^^^^^^^^^^^^^^^^^^^^^^^^^^^^^^^^^^^^^^^^
  File "/home/goida/.local/lib/python3.11/site-packages/telebot/apihelper.py", line 321, in get_updates
    return _make_request(token, method_url, params=payload)
           ^^^^^^^^^^^^^^^^^^^^^^^^^^^^^^^^^^^^^^^^^^^^^^^^
  File "/home/goida/.local/lib/python3.11/site-packages/telebot/apihelper.py", line 162, in _make_request
    json_result = _check_result(method_name, result)
                  ^^^^^^^^^^^^^^^^^^^^^^^^^^^^^^^^^^
  File "/home/goida/.local/lib/python3.11/site-packages/telebot/apihelper.py", line 189, in _check_result
    raise ApiTelegramException(method_name, result, result_json)
telebot.apihelper.ApiTelegramException: A request to the Telegram API was unsuccessful. Error code: 409. Description: Conflict: terminated by other getUpdates request; make sure that only one bot instance is running

2026-01-31 08:37:47,277 - TeleBot - ERROR - Threaded polling exception: A request to the Telegram API was unsuccessful. Error code: 409. Description: Conflict: terminated by other getUpdates request; make sure that only one bot instance is running
2026-01-31 08:37:47,278 - TeleBot - ERROR - Exception traceback:
Traceback (most recent call last):
  File "/home/goida/.local/lib/python3.11/site-packages/telebot/__init__.py", line 1073, in __threaded_polling
    polling_thread.raise_exceptions()
  File "/home/goida/.local/lib/python3.11/site-packages/telebot/util.py", line 108, in raise_exceptions
    raise self.exception_info
  File "/home/goida/.local/lib/python3.11/site-packages/telebot/util.py", line 90, in run
    task(*args, **kwargs)
  File "/home/goida/.local/lib/python3.11/site-packages/telebot/__init__.py", line 649, in __retrieve_updates
    updates = self.get_updates(offset=(self.last_update_id + 1),
             ^^^^^^^^^^^^^^^^^^^^^^^^^^^^^^^^^^^^^^^^^^^^^^^^^^
  File "/home/goida/.local/lib/python3.11/site-packages/telebot/__init__.py", line 623, in get_updates
    json_updates = apihelper.get_updates(self.token, offset, limit, timeout, allowed_updates, long_polling_timeout)
                   ^^^^^^^^^^^^^^^^^^^^^^^^^^^^^^^^^^^^^^^^^^^^^^^^^^^^^^^^^^^^^^^^^^^^^^^^^^^^^^^^^^^^^^^^^^^^^^^^
  File "/home/goida/.local/lib/python3.11/site-packages/telebot/apihelper.py", line 321, in get_updates
    return _make_request(token, method_url, params=payload)
           ^^^^^^^^^^^^^^^^^^^^^^^^^^^^^^^^^^^^^^^^^^^^^^^^
  File "/home/goida/.local/lib/python3.11/site-packages/telebot/apihelper.py", line 162, in _make_request
    json_result = _check_result(method_name, result)
                  ^^^^^^^^^^^^^^^^^^^^^^^^^^^^^^^^^^
  File "/home/goida/.local/lib/python3.11/site-packages/telebot/apihelper.py", line 189, in _check_result
    raise ApiTelegramException(method_name, result, result_json)
telebot.apihelper.ApiTelegramException: A request to the Telegram API was unsuccessful. Error code: 409. Description: Conflict: terminated by other getUpdates request; make sure that only one bot instance is running

2026-01-31 08:38:47,329 - TeleBot - ERROR - Threaded polling exception: A request to the Telegram API was unsuccessful. Error code: 409. Description: Conflict: terminated by other getUpdates request; make sure that only one bot instance is running
2026-01-31 08:38:47,330 - TeleBot - ERROR - Exception traceback:
Traceback (most recent call last):
  File "/home/goida/.local/lib/python3.11/site-packages/telebot/__init__.py", line 1073, in __threaded_polling
    polling_thread.raise_exceptions()
  File "/home/goida/.local/lib/python3.11/site-packages/telebot/util.py", line 108, in raise_exceptions
    raise self.exception_info
  File "/home/goida/.local/lib/python3.11/site-packages/telebot/util.py", line 90, in run
    task(*args, **kwargs)
  File "/home/goida/.local/lib/python3.11/site-packages/telebot/__init__.py", line 649, in __retrieve_updates
    updates = self.get_updates(offset=(self.last_update_id + 1),
             ^^^^^^^^^^^^^^^^^^^^^^^^^^^^^^^^^^^^^^^^^^^^^^^^^^
  File "/home/goida/.local/lib/python3.11/site-packages/telebot/__init__.py", line 623, in get_updates
    json_updates = apihelper.get_updates(self.token, offset, limit, timeout, allowed_updates, long_polling_timeout)
                   ^^^^^^^^^^^^^^^^^^^^^^^^^^^^^^^^^^^^^^^^^^^^^^^^^^^^^^^^^^^^^^^^^^^^^^^^^^^^^^^^^^^^^^^^^^^^^^^^
  File "/home/goida/.local/lib/python3.11/site-packages/telebot/apihelper.py", line 321, in get_updates
    return _make_request(token, method_url, params=payload)
           ^^^^^^^^^^^^^^^^^^^^^^^^^^^^^^^^^^^^^^^^^^^^^^^^
  File "/home/goida/.local/lib/python3.11/site-packages/telebot/apihelper.py", line 162, in _make_request
    json_result = _check_result(method_name, result)
                  ^^^^^^^^^^^^^^^^^^^^^^^^^^^^^^^^^^
  File "/home/goida/.local/lib/python3.11/site-packages/telebot/apihelper.py", line 189, in _check_result
    raise ApiTelegramException(method_name, result, result_json)
telebot.apihelper.ApiTelegramException: A request to the Telegram API was unsuccessful. Error code: 409. Description: Conflict: terminated by other getUpdates request; make sure that only one bot instance is running

2026-01-31 08:38:50,627 - TeleBot - ERROR - Threaded polling exception: A request to the Telegram API was unsuccessful. Error code: 409. Description: Conflict: terminated by other getUpdates request; make sure that only one bot instance is running
2026-01-31 08:38:50,628 - TeleBot - ERROR - Exception traceback:
Traceback (most recent call last):
  File "/home/goida/.local/lib/python3.11/site-packages/telebot/__init__.py", line 1073, in __threaded_polling
    polling_thread.raise_exceptions()
  File "/home/goida/.local/lib/python3.11/site-packages/telebot/util.py", line 108, in raise_exceptions
    raise self.exception_info
  File "/home/goida/.local/lib/python3.11/site-packages/telebot/util.py", line 90, in run
    task(*args, **kwargs)
  File "/home/goida/.local/lib/python3.11/site-packages/telebot/__init__.py", line 649, in __retrieve_updates
    updates = self.get_updates(offset=(self.last_update_id + 1),
             ^^^^^^^^^^^^^^^^^^^^^^^^^^^^^^^^^^^^^^^^^^^^^^^^^^
  File "/home/goida/.local/lib/python3.11/site-packages/telebot/__init__.py", line 623, in get_updates
    json_updates = apihelper.get_updates(self.token, offset, limit, timeout, allowed_updates, long_polling_timeout)
                   ^^^^^^^^^^^^^^^^^^^^^^^^^^^^^^^^^^^^^^^^^^^^^^^^^^^^^^^^^^^^^^^^^^^^^^^^^^^^^^^^^^^^^^^^^^^^^^^^
  File "/home/goida/.local/lib/python3.11/site-packages/telebot/apihelper.py", line 321, in get_updates
    return _make_request(token, method_url, params=payload)
           ^^^^^^^^^^^^^^^^^^^^^^^^^^^^^^^^^^^^^^^^^^^^^^^^
  File "/home/goida/.local/lib/python3.11/site-packages/telebot/apihelper.py", line 162, in _make_request
    json_result = _check_result(method_name, result)
                  ^^^^^^^^^^^^^^^^^^^^^^^^^^^^^^^^^^
  File "/home/goida/.local/lib/python3.11/site-packages/telebot/apihelper.py", line 189, in _check_result
    raise ApiTelegramException(method_name, result, result_json)
telebot.apihelper.ApiTelegramException: A request to the Telegram API was unsuccessful. Error code: 409. Description: Conflict: terminated by other getUpdates request; make sure that only one bot instance is running

2026-01-31 08:39:50,796 - TeleBot - ERROR - Threaded polling exception: A request to the Telegram API was unsuccessful. Error code: 409. Description: Conflict: terminated by other getUpdates request; make sure that only one bot instance is running
2026-01-31 08:39:50,797 - TeleBot - ERROR - Exception traceback:
Traceback (most recent call last):
  File "/home/goida/.local/lib/python3.11/site-packages/telebot/__init__.py", line 1073, in __threaded_polling
    polling_thread.raise_exceptions()
  File "/home/goida/.local/lib/python3.11/site-packages/telebot/util.py", line 108, in raise_exceptions
    raise self.exception_info
  File "/home/goida/.local/lib/python3.11/site-packages/telebot/util.py", line 90, in run
    task(*args, **kwargs)
  File "/home/goida/.local/lib/python3.11/site-packages/telebot/__init__.py", line 649, in __retrieve_updates
    updates = self.get_updates(offset=(self.last_update_id + 1),
             ^^^^^^^^^^^^^^^^^^^^^^^^^^^^^^^^^^^^^^^^^^^^^^^^^^
  File "/home/goida/.local/lib/python3.11/site-packages/telebot/__init__.py", line 623, in get_updates
    json_updates = apihelper.get_updates(self.token, offset, limit, timeout, allowed_updates, long_polling_timeout)
                   ^^^^^^^^^^^^^^^^^^^^^^^^^^^^^^^^^^^^^^^^^^^^^^^^^^^^^^^^^^^^^^^^^^^^^^^^^^^^^^^^^^^^^^^^^^^^^^^^
  File "/home/goida/.local/lib/python3.11/site-packages/telebot/apihelper.py", line 321, in get_updates
    return _make_request(token, method_url, params=payload)
           ^^^^^^^^^^^^^^^^^^^^^^^^^^^^^^^^^^^^^^^^^^^^^^^^
  File "/home/goida/.local/lib/python3.11/site-packages/telebot/apihelper.py", line 162, in _make_request
    json_result = _check_result(method_name, result)
                  ^^^^^^^^^^^^^^^^^^^^^^^^^^^^^^^^^^
  File "/home/goida/.local/lib/python3.11/site-packages/telebot/apihelper.py", line 189, in _check_result
    raise ApiTelegramException(method_name, result, result_json)
telebot.apihelper.ApiTelegramException: A request to the Telegram API was unsuccessful. Error code: 409. Description: Conflict: terminated by other getUpdates request; make sure that only one bot instance is running

2026-01-31 08:39:54,091 - TeleBot - ERROR - Threaded polling exception: A request to the Telegram API was unsuccessful. Error code: 409. Description: Conflict: terminated by other getUpdates request; make sure that only one bot instance is running
2026-01-31 08:39:54,092 - TeleBot - ERROR - Exception traceback:
Traceback (most recent call last):
  File "/home/goida/.local/lib/python3.11/site-packages/telebot/__init__.py", line 1073, in __threaded_polling
    polling_thread.raise_exceptions()
  File "/home/goida/.local/lib/python3.11/site-packages/telebot/util.py", line 108, in raise_exceptions
    raise self.exception_info
  File "/home/goida/.local/lib/python3.11/site-packages/telebot/util.py", line 90, in run
    task(*args, **kwargs)
  File "/home/goida/.local/lib/python3.11/site-packages/telebot/__init__.py", line 649, in __retrieve_updates
    updates = self.get_updates(offset=(self.last_update_id + 1),
             ^^^^^^^^^^^^^^^^^^^^^^^^^^^^^^^^^^^^^^^^^^^^^^^^^^
  File "/home/goida/.local/lib/python3.11/site-packages/telebot/__init__.py", line 623, in get_updates
    json_updates = apihelper.get_updates(self.token, offset, limit, timeout, allowed_updates, long_polling_timeout)
                   ^^^^^^^^^^^^^^^^^^^^^^^^^^^^^^^^^^^^^^^^^^^^^^^^^^^^^^^^^^^^^^^^^^^^^^^^^^^^^^^^^^^^^^^^^^^^^^^^
  File "/home/goida/.local/lib/python3.11/site-packages/telebot/apihelper.py", line 321, in get_updates
    return _make_request(token, method_url, params=payload)
           ^^^^^^^^^^^^^^^^^^^^^^^^^^^^^^^^^^^^^^^^^^^^^^^^
  File "/home/goida/.local/lib/python3.11/site-packages/telebot/apihelper.py", line 162, in _make_request
    json_result = _check_result(method_name, result)
                  ^^^^^^^^^^^^^^^^^^^^^^^^^^^^^^^^^^
  File "/home/goida/.local/lib/python3.11/site-packages/telebot/apihelper.py", line 189, in _check_result
    raise ApiTelegramException(method_name, result, result_json)
telebot.apihelper.ApiTelegramException: A request to the Telegram API was unsuccessful. Error code: 409. Description: Conflict: terminated by other getUpdates request; make sure that only one bot instance is running

2026-01-31 08:40:54,140 - TeleBot - ERROR - Threaded polling exception: A request to the Telegram API was unsuccessful. Error code: 409. Description: Conflict: terminated by other getUpdates request; make sure that only one bot instance is running
2026-01-31 08:40:54,141 - TeleBot - ERROR - Exception traceback:
Traceback (most recent call last):
  File "/home/goida/.local/lib/python3.11/site-packages/telebot/__init__.py", line 1073, in __threaded_polling
    polling_thread.raise_exceptions()
  File "/home/goida/.local/lib/python3.11/site-packages/telebot/util.py", line 108, in raise_exceptions
    raise self.exception_info
  File "/home/goida/.local/lib/python3.11/site-packages/telebot/util.py", line 90, in run
    task(*args, **kwargs)
  File "/home/goida/.local/lib/python3.11/site-packages/telebot/__init__.py", line 649, in __retrieve_updates
    updates = self.get_updates(offset=(self.last_update_id + 1),
             ^^^^^^^^^^^^^^^^^^^^^^^^^^^^^^^^^^^^^^^^^^^^^^^^^^
  File "/home/goida/.local/lib/python3.11/site-packages/telebot/__init__.py", line 623, in get_updates
    json_updates = apihelper.get_updates(self.token, offset, limit, timeout, allowed_updates, long_polling_timeout)
                   ^^^^^^^^^^^^^^^^^^^^^^^^^^^^^^^^^^^^^^^^^^^^^^^^^^^^^^^^^^^^^^^^^^^^^^^^^^^^^^^^^^^^^^^^^^^^^^^^
  File "/home/goida/.local/lib/python3.11/site-packages/telebot/apihelper.py", line 321, in get_updates
    return _make_request(token, method_url, params=payload)
           ^^^^^^^^^^^^^^^^^^^^^^^^^^^^^^^^^^^^^^^^^^^^^^^^
  File "/home/goida/.local/lib/python3.11/site-packages/telebot/apihelper.py", line 162, in _make_request
    json_result = _check_result(method_name, result)
                  ^^^^^^^^^^^^^^^^^^^^^^^^^^^^^^^^^^
  File "/home/goida/.local/lib/python3.11/site-packages/telebot/apihelper.py", line 189, in _check_result
    raise ApiTelegramException(method_name, result, result_json)
telebot.apihelper.ApiTelegramException: A request to the Telegram API was unsuccessful. Error code: 409. Description: Conflict: terminated by other getUpdates request; make sure that only one bot instance is running

2026-01-31 08:40:57,435 - TeleBot - ERROR - Threaded polling exception: A request to the Telegram API was unsuccessful. Error code: 409. Description: Conflict: terminated by other getUpdates request; make sure that only one bot instance is running
2026-01-31 08:40:57,436 - TeleBot - ERROR - Exception traceback:
Traceback (most recent call last):
  File "/home/goida/.local/lib/python3.11/site-packages/telebot/__init__.py", line 1073, in __threaded_polling
    polling_thread.raise_exceptions()
  File "/home/goida/.local/lib/python3.11/site-packages/telebot/util.py", line 108, in raise_exceptions
    raise self.exception_info
  File "/home/goida/.local/lib/python3.11/site-packages/telebot/util.py", line 90, in run
    task(*args, **kwargs)
  File "/home/goida/.local/lib/python3.11/site-packages/telebot/__init__.py", line 649, in __retrieve_updates
    updates = self.get_updates(offset=(self.last_update_id + 1),
             ^^^^^^^^^^^^^^^^^^^^^^^^^^^^^^^^^^^^^^^^^^^^^^^^^^
  File "/home/goida/.local/lib/python3.11/site-packages/telebot/__init__.py", line 623, in get_updates
    json_updates = apihelper.get_updates(self.token, offset, limit, timeout, allowed_updates, long_polling_timeout)
                   ^^^^^^^^^^^^^^^^^^^^^^^^^^^^^^^^^^^^^^^^^^^^^^^^^^^^^^^^^^^^^^^^^^^^^^^^^^^^^^^^^^^^^^^^^^^^^^^^
  File "/home/goida/.local/lib/python3.11/site-packages/telebot/apihelper.py", line 321, in get_updates
    return _make_request(token, method_url, params=payload)
           ^^^^^^^^^^^^^^^^^^^^^^^^^^^^^^^^^^^^^^^^^^^^^^^^
  File "/home/goida/.local/lib/python3.11/site-packages/telebot/apihelper.py", line 162, in _make_request
    json_result = _check_result(method_name, result)
                  ^^^^^^^^^^^^^^^^^^^^^^^^^^^^^^^^^^
  File "/home/goida/.local/lib/python3.11/site-packages/telebot/apihelper.py", line 189, in _check_result
    raise ApiTelegramException(method_name, result, result_json)
telebot.apihelper.ApiTelegramException: A request to the Telegram API was unsuccessful. Error code: 409. Description: Conflict: terminated by other getUpdates request; make sure that only one bot instance is running

2026-01-31 08:41:57,486 - TeleBot - ERROR - Threaded polling exception: A request to the Telegram API was unsuccessful. Error code: 409. Description: Conflict: terminated by other getUpdates request; make sure that only one bot instance is running
2026-01-31 08:41:57,487 - TeleBot - ERROR - Exception traceback:
Traceback (most recent call last):
  File "/home/goida/.local/lib/python3.11/site-packages/telebot/__init__.py", line 1073, in __threaded_polling
    polling_thread.raise_exceptions()
  File "/home/goida/.local/lib/python3.11/site-packages/telebot/util.py", line 108, in raise_exceptions
    raise self.exception_info
  File "/home/goida/.local/lib/python3.11/site-packages/telebot/util.py", line 90, in run
    task(*args, **kwargs)
  File "/home/goida/.local/lib/python3.11/site-packages/telebot/__init__.py", line 649, in __retrieve_updates
    updates = self.get_updates(offset=(self.last_update_id + 1),
             ^^^^^^^^^^^^^^^^^^^^^^^^^^^^^^^^^^^^^^^^^^^^^^^^^^
  File "/home/goida/.local/lib/python3.11/site-packages/telebot/__init__.py", line 623, in get_updates
    json_updates = apihelper.get_updates(self.token, offset, limit, timeout, allowed_updates, long_polling_timeout)
                   ^^^^^^^^^^^^^^^^^^^^^^^^^^^^^^^^^^^^^^^^^^^^^^^^^^^^^^^^^^^^^^^^^^^^^^^^^^^^^^^^^^^^^^^^^^^^^^^^
  File "/home/goida/.local/lib/python3.11/site-packages/telebot/apihelper.py", line 321, in get_updates
    return _make_request(token, method_url, params=payload)
           ^^^^^^^^^^^^^^^^^^^^^^^^^^^^^^^^^^^^^^^^^^^^^^^^
  File "/home/goida/.local/lib/python3.11/site-packages/telebot/apihelper.py", line 162, in _make_request
    json_result = _check_result(method_name, result)
                  ^^^^^^^^^^^^^^^^^^^^^^^^^^^^^^^^^^
  File "/home/goida/.local/lib/python3.11/site-packages/telebot/apihelper.py", line 189, in _check_result
    raise ApiTelegramException(method_name, result, result_json)
telebot.apihelper.ApiTelegramException: A request to the Telegram API was unsuccessful. Error code: 409. Description: Conflict: terminated by other getUpdates request; make sure that only one bot instance is running

2026-01-31 08:42:00,791 - TeleBot - ERROR - Threaded polling exception: A request to the Telegram API was unsuccessful. Error code: 409. Description: Conflict: terminated by other getUpdates request; make sure that only one bot instance is running
2026-01-31 08:42:00,792 - TeleBot - ERROR - Exception traceback:
Traceback (most recent call last):
  File "/home/goida/.local/lib/python3.11/site-packages/telebot/__init__.py", line 1073, in __threaded_polling
    polling_thread.raise_exceptions()
  File "/home/goida/.local/lib/python3.11/site-packages/telebot/util.py", line 108, in raise_exceptions
    raise self.exception_info
  File "/home/goida/.local/lib/python3.11/site-packages/telebot/util.py", line 90, in run
    task(*args, **kwargs)
  File "/home/goida/.local/lib/python3.11/site-packages/telebot/__init__.py", line 649, in __retrieve_updates
    updates = self.get_updates(offset=(self.last_update_id + 1),
             ^^^^^^^^^^^^^^^^^^^^^^^^^^^^^^^^^^^^^^^^^^^^^^^^^^
  File "/home/goida/.local/lib/python3.11/site-packages/telebot/__init__.py", line 623, in get_updates
    json_updates = apihelper.get_updates(self.token, offset, limit, timeout, allowed_updates, long_polling_timeout)
                   ^^^^^^^^^^^^^^^^^^^^^^^^^^^^^^^^^^^^^^^^^^^^^^^^^^^^^^^^^^^^^^^^^^^^^^^^^^^^^^^^^^^^^^^^^^^^^^^^
  File "/home/goida/.local/lib/python3.11/site-packages/telebot/apihelper.py", line 321, in get_updates
    return _make_request(token, method_url, params=payload)
           ^^^^^^^^^^^^^^^^^^^^^^^^^^^^^^^^^^^^^^^^^^^^^^^^
  File "/home/goida/.local/lib/python3.11/site-packages/telebot/apihelper.py", line 162, in _make_request
    json_result = _check_result(method_name, result)
                  ^^^^^^^^^^^^^^^^^^^^^^^^^^^^^^^^^^
  File "/home/goida/.local/lib/python3.11/site-packages/telebot/apihelper.py", line 189, in _check_result
    raise ApiTelegramException(method_name, result, result_json)
telebot.apihelper.ApiTelegramException: A request to the Telegram API was unsuccessful. Error code: 409. Description: Conflict: terminated by other getUpdates request; make sure that only one bot instance is running

2026-01-31 08:43:00,839 - TeleBot - ERROR - Threaded polling exception: A request to the Telegram API was unsuccessful. Error code: 409. Description: Conflict: terminated by other getUpdates request; make sure that only one bot instance is running
2026-01-31 08:43:00,840 - TeleBot - ERROR - Exception traceback:
Traceback (most recent call last):
  File "/home/goida/.local/lib/python3.11/site-packages/telebot/__init__.py", line 1073, in __threaded_polling
    polling_thread.raise_exceptions()
  File "/home/goida/.local/lib/python3.11/site-packages/telebot/util.py", line 108, in raise_exceptions
    raise self.exception_info
  File "/home/goida/.local/lib/python3.11/site-packages/telebot/util.py", line 90, in run
    task(*args, **kwargs)
  File "/home/goida/.local/lib/python3.11/site-packages/telebot/__init__.py", line 649, in __retrieve_updates
    updates = self.get_updates(offset=(self.last_update_id + 1),
             ^^^^^^^^^^^^^^^^^^^^^^^^^^^^^^^^^^^^^^^^^^^^^^^^^^
  File "/home/goida/.local/lib/python3.11/site-packages/telebot/__init__.py", line 623, in get_updates
    json_updates = apihelper.get_updates(self.token, offset, limit, timeout, allowed_updates, long_polling_timeout)
                   ^^^^^^^^^^^^^^^^^^^^^^^^^^^^^^^^^^^^^^^^^^^^^^^^^^^^^^^^^^^^^^^^^^^^^^^^^^^^^^^^^^^^^^^^^^^^^^^^
  File "/home/goida/.local/lib/python3.11/site-packages/telebot/apihelper.py", line 321, in get_updates
    return _make_request(token, method_url, params=payload)
           ^^^^^^^^^^^^^^^^^^^^^^^^^^^^^^^^^^^^^^^^^^^^^^^^
  File "/home/goida/.local/lib/python3.11/site-packages/telebot/apihelper.py", line 162, in _make_request
    json_result = _check_result(method_name, result)
                  ^^^^^^^^^^^^^^^^^^^^^^^^^^^^^^^^^^
  File "/home/goida/.local/lib/python3.11/site-packages/telebot/apihelper.py", line 189, in _check_result
    raise ApiTelegramException(method_name, result, result_json)
telebot.apihelper.ApiTelegramException: A request to the Telegram API was unsuccessful. Error code: 409. Description: Conflict: terminated by other getUpdates request; make sure that only one bot instance is running

2026-01-31 08:43:04,134 - TeleBot - ERROR - Threaded polling exception: A request to the Telegram API was unsuccessful. Error code: 409. Description: Conflict: terminated by other getUpdates request; make sure that only one bot instance is running
2026-01-31 08:43:04,135 - TeleBot - ERROR - Exception traceback:
Traceback (most recent call last):
  File "/home/goida/.local/lib/python3.11/site-packages/telebot/__init__.py", line 1073, in __threaded_polling
    polling_thread.raise_exceptions()
  File "/home/goida/.local/lib/python3.11/site-packages/telebot/util.py", line 108, in raise_exceptions
    raise self.exception_info
  File "/home/goida/.local/lib/python3.11/site-packages/telebot/util.py", line 90, in run
    task(*args, **kwargs)
  File "/home/goida/.local/lib/python3.11/site-packages/telebot/__init__.py", line 649, in __retrieve_updates
    updates = self.get_updates(offset=(self.last_update_id + 1),
             ^^^^^^^^^^^^^^^^^^^^^^^^^^^^^^^^^^^^^^^^^^^^^^^^^^
  File "/home/goida/.local/lib/python3.11/site-packages/telebot/__init__.py", line 623, in get_updates
    json_updates = apihelper.get_updates(self.token, offset, limit, timeout, allowed_updates, long_polling_timeout)
                   ^^^^^^^^^^^^^^^^^^^^^^^^^^^^^^^^^^^^^^^^^^^^^^^^^^^^^^^^^^^^^^^^^^^^^^^^^^^^^^^^^^^^^^^^^^^^^^^^
  File "/home/goida/.local/lib/python3.11/site-packages/telebot/apihelper.py", line 321, in get_updates
    return _make_request(token, method_url, params=payload)
           ^^^^^^^^^^^^^^^^^^^^^^^^^^^^^^^^^^^^^^^^^^^^^^^^
  File "/home/goida/.local/lib/python3.11/site-packages/telebot/apihelper.py", line 162, in _make_request
    json_result = _check_result(method_name, result)
                  ^^^^^^^^^^^^^^^^^^^^^^^^^^^^^^^^^^
  File "/home/goida/.local/lib/python3.11/site-packages/telebot/apihelper.py", line 189, in _check_result
    raise ApiTelegramException(method_name, result, result_json)
telebot.apihelper.ApiTelegramException: A request to the Telegram API was unsuccessful. Error code: 409. Description: Conflict: terminated by other getUpdates request; make sure that only one bot instance is running

2026-01-31 08:44:04,185 - TeleBot - ERROR - Threaded polling exception: A request to the Telegram API was unsuccessful. Error code: 409. Description: Conflict: terminated by other getUpdates request; make sure that only one bot instance is running
2026-01-31 08:44:04,186 - TeleBot - ERROR - Exception traceback:
Traceback (most recent call last):
  File "/home/goida/.local/lib/python3.11/site-packages/telebot/__init__.py", line 1073, in __threaded_polling
    polling_thread.raise_exceptions()
  File "/home/goida/.local/lib/python3.11/site-packages/telebot/util.py", line 108, in raise_exceptions
    raise self.exception_info
  File "/home/goida/.local/lib/python3.11/site-packages/telebot/util.py", line 90, in run
    task(*args, **kwargs)
  File "/home/goida/.local/lib/python3.11/site-packages/telebot/__init__.py", line 649, in __retrieve_updates
    updates = self.get_updates(offset=(self.last_update_id + 1),
             ^^^^^^^^^^^^^^^^^^^^^^^^^^^^^^^^^^^^^^^^^^^^^^^^^^
  File "/home/goida/.local/lib/python3.11/site-packages/telebot/__init__.py", line 623, in get_updates
    json_updates = apihelper.get_updates(self.token, offset, limit, timeout, allowed_updates, long_polling_timeout)
                   ^^^^^^^^^^^^^^^^^^^^^^^^^^^^^^^^^^^^^^^^^^^^^^^^^^^^^^^^^^^^^^^^^^^^^^^^^^^^^^^^^^^^^^^^^^^^^^^^
  File "/home/goida/.local/lib/python3.11/site-packages/telebot/apihelper.py", line 321, in get_updates
    return _make_request(token, method_url, params=payload)
           ^^^^^^^^^^^^^^^^^^^^^^^^^^^^^^^^^^^^^^^^^^^^^^^^
  File "/home/goida/.local/lib/python3.11/site-packages/telebot/apihelper.py", line 162, in _make_request
    json_result = _check_result(method_name, result)
                  ^^^^^^^^^^^^^^^^^^^^^^^^^^^^^^^^^^
  File "/home/goida/.local/lib/python3.11/site-packages/telebot/apihelper.py", line 189, in _check_result
    raise ApiTelegramException(method_name, result, result_json)
telebot.apihelper.ApiTelegramException: A request to the Telegram API was unsuccessful. Error code: 409. Description: Conflict: terminated by other getUpdates request; make sure that only one bot instance is running

2026-01-31 08:44:07,480 - TeleBot - ERROR - Threaded polling exception: A request to the Telegram API was unsuccessful. Error code: 409. Description: Conflict: terminated by other getUpdates request; make sure that only one bot instance is running
2026-01-31 08:44:07,481 - TeleBot - ERROR - Exception traceback:
Traceback (most recent call last):
  File "/home/goida/.local/lib/python3.11/site-packages/telebot/__init__.py", line 1073, in __threaded_polling
    polling_thread.raise_exceptions()
  File "/home/goida/.local/lib/python3.11/site-packages/telebot/util.py", line 108, in raise_exceptions
    raise self.exception_info
  File "/home/goida/.local/lib/python3.11/site-packages/telebot/util.py", line 90, in run
    task(*args, **kwargs)
  File "/home/goida/.local/lib/python3.11/site-packages/telebot/__init__.py", line 649, in __retrieve_updates
    updates = self.get_updates(offset=(self.last_update_id + 1),
             ^^^^^^^^^^^^^^^^^^^^^^^^^^^^^^^^^^^^^^^^^^^^^^^^^^
  File "/home/goida/.local/lib/python3.11/site-packages/telebot/__init__.py", line 623, in get_updates
    json_updates = apihelper.get_updates(self.token, offset, limit, timeout, allowed_updates, long_polling_timeout)
                   ^^^^^^^^^^^^^^^^^^^^^^^^^^^^^^^^^^^^^^^^^^^^^^^^^^^^^^^^^^^^^^^^^^^^^^^^^^^^^^^^^^^^^^^^^^^^^^^^
  File "/home/goida/.local/lib/python3.11/site-packages/telebot/apihelper.py", line 321, in get_updates
    return _make_request(token, method_url, params=payload)
           ^^^^^^^^^^^^^^^^^^^^^^^^^^^^^^^^^^^^^^^^^^^^^^^^
  File "/home/goida/.local/lib/python3.11/site-packages/telebot/apihelper.py", line 162, in _make_request
    json_result = _check_result(method_name, result)
                  ^^^^^^^^^^^^^^^^^^^^^^^^^^^^^^^^^^
  File "/home/goida/.local/lib/python3.11/site-packages/telebot/apihelper.py", line 189, in _check_result
    raise ApiTelegramException(method_name, result, result_json)
telebot.apihelper.ApiTelegramException: A request to the Telegram API was unsuccessful. Error code: 409. Description: Conflict: terminated by other getUpdates request; make sure that only one bot instance is running

2026-01-31 08:45:07,529 - TeleBot - ERROR - Threaded polling exception: A request to the Telegram API was unsuccessful. Error code: 409. Description: Conflict: terminated by other getUpdates request; make sure that only one bot instance is running
2026-01-31 08:45:07,530 - TeleBot - ERROR - Exception traceback:
Traceback (most recent call last):
  File "/home/goida/.local/lib/python3.11/site-packages/telebot/__init__.py", line 1073, in __threaded_polling
    polling_thread.raise_exceptions()
  File "/home/goida/.local/lib/python3.11/site-packages/telebot/util.py", line 108, in raise_exceptions
    raise self.exception_info
  File "/home/goida/.local/lib/python3.11/site-packages/telebot/util.py", line 90, in run
    task(*args, **kwargs)
  File "/home/goida/.local/lib/python3.11/site-packages/telebot/__init__.py", line 649, in __retrieve_updates
    updates = self.get_updates(offset=(self.last_update_id + 1),
             ^^^^^^^^^^^^^^^^^^^^^^^^^^^^^^^^^^^^^^^^^^^^^^^^^^
  File "/home/goida/.local/lib/python3.11/site-packages/telebot/__init__.py", line 623, in get_updates
    json_updates = apihelper.get_updates(self.token, offset, limit, timeout, allowed_updates, long_polling_timeout)
                   ^^^^^^^^^^^^^^^^^^^^^^^^^^^^^^^^^^^^^^^^^^^^^^^^^^^^^^^^^^^^^^^^^^^^^^^^^^^^^^^^^^^^^^^^^^^^^^^^
  File "/home/goida/.local/lib/python3.11/site-packages/telebot/apihelper.py", line 321, in get_updates
    return _make_request(token, method_url, params=payload)
           ^^^^^^^^^^^^^^^^^^^^^^^^^^^^^^^^^^^^^^^^^^^^^^^^
  File "/home/goida/.local/lib/python3.11/site-packages/telebot/apihelper.py", line 162, in _make_request
    json_result = _check_result(method_name, result)
                  ^^^^^^^^^^^^^^^^^^^^^^^^^^^^^^^^^^
  File "/home/goida/.local/lib/python3.11/site-packages/telebot/apihelper.py", line 189, in _check_result
    raise ApiTelegramException(method_name, result, result_json)
telebot.apihelper.ApiTelegramException: A request to the Telegram API was unsuccessful. Error code: 409. Description: Conflict: terminated by other getUpdates request; make sure that only one bot instance is running

2026-01-31 08:45:10,823 - TeleBot - ERROR - Threaded polling exception: A request to the Telegram API was unsuccessful. Error code: 409. Description: Conflict: terminated by other getUpdates request; make sure that only one bot instance is running
2026-01-31 08:45:10,824 - TeleBot - ERROR - Exception traceback:
Traceback (most recent call last):
  File "/home/goida/.local/lib/python3.11/site-packages/telebot/__init__.py", line 1073, in __threaded_polling
    polling_thread.raise_exceptions()
  File "/home/goida/.local/lib/python3.11/site-packages/telebot/util.py", line 108, in raise_exceptions
    raise self.exception_info
  File "/home/goida/.local/lib/python3.11/site-packages/telebot/util.py", line 90, in run
    task(*args, **kwargs)
  File "/home/goida/.local/lib/python3.11/site-packages/telebot/__init__.py", line 649, in __retrieve_updates
    updates = self.get_updates(offset=(self.last_update_id + 1),
             ^^^^^^^^^^^^^^^^^^^^^^^^^^^^^^^^^^^^^^^^^^^^^^^^^^
  File "/home/goida/.local/lib/python3.11/site-packages/telebot/__init__.py", line 623, in get_updates
    json_updates = apihelper.get_updates(self.token, offset, limit, timeout, allowed_updates, long_polling_timeout)
                   ^^^^^^^^^^^^^^^^^^^^^^^^^^^^^^^^^^^^^^^^^^^^^^^^^^^^^^^^^^^^^^^^^^^^^^^^^^^^^^^^^^^^^^^^^^^^^^^^
  File "/home/goida/.local/lib/python3.11/site-packages/telebot/apihelper.py", line 321, in get_updates
    return _make_request(token, method_url, params=payload)
           ^^^^^^^^^^^^^^^^^^^^^^^^^^^^^^^^^^^^^^^^^^^^^^^^
  File "/home/goida/.local/lib/python3.11/site-packages/telebot/apihelper.py", line 162, in _make_request
    json_result = _check_result(method_name, result)
                  ^^^^^^^^^^^^^^^^^^^^^^^^^^^^^^^^^^
  File "/home/goida/.local/lib/python3.11/site-packages/telebot/apihelper.py", line 189, in _check_result
    raise ApiTelegramException(method_name, result, result_json)
telebot.apihelper.ApiTelegramException: A request to the Telegram API was unsuccessful. Error code: 409. Description: Conflict: terminated by other getUpdates request; make sure that only one bot instance is running

2026-01-31 08:46:10,874 - TeleBot - ERROR - Threaded polling exception: A request to the Telegram API was unsuccessful. Error code: 409. Description: Conflict: terminated by other getUpdates request; make sure that only one bot instance is running
2026-01-31 08:46:10,875 - TeleBot - ERROR - Exception traceback:
Traceback (most recent call last):
  File "/home/goida/.local/lib/python3.11/site-packages/telebot/__init__.py", line 1073, in __threaded_polling
    polling_thread.raise_exceptions()
  File "/home/goida/.local/lib/python3.11/site-packages/telebot/util.py", line 108, in raise_exceptions
    raise self.exception_info
  File "/home/goida/.local/lib/python3.11/site-packages/telebot/util.py", line 90, in run
    task(*args, **kwargs)
  File "/home/goida/.local/lib/python3.11/site-packages/telebot/__init__.py", line 649, in __retrieve_updates
    updates = self.get_updates(offset=(self.last_update_id + 1),
             ^^^^^^^^^^^^^^^^^^^^^^^^^^^^^^^^^^^^^^^^^^^^^^^^^^
  File "/home/goida/.local/lib/python3.11/site-packages/telebot/__init__.py", line 623, in get_updates
    json_updates = apihelper.get_updates(self.token, offset, limit, timeout, allowed_updates, long_polling_timeout)
                   ^^^^^^^^^^^^^^^^^^^^^^^^^^^^^^^^^^^^^^^^^^^^^^^^^^^^^^^^^^^^^^^^^^^^^^^^^^^^^^^^^^^^^^^^^^^^^^^^
  File "/home/goida/.local/lib/python3.11/site-packages/telebot/apihelper.py", line 321, in get_updates
    return _make_request(token, method_url, params=payload)
           ^^^^^^^^^^^^^^^^^^^^^^^^^^^^^^^^^^^^^^^^^^^^^^^^
  File "/home/goida/.local/lib/python3.11/site-packages/telebot/apihelper.py", line 162, in _make_request
    json_result = _check_result(method_name, result)
                  ^^^^^^^^^^^^^^^^^^^^^^^^^^^^^^^^^^
  File "/home/goida/.local/lib/python3.11/site-packages/telebot/apihelper.py", line 189, in _check_result
    raise ApiTelegramException(method_name, result, result_json)
telebot.apihelper.ApiTelegramException: A request to the Telegram API was unsuccessful. Error code: 409. Description: Conflict: terminated by other getUpdates request; make sure that only one bot instance is running

2026-01-31 08:46:14,169 - TeleBot - ERROR - Threaded polling exception: A request to the Telegram API was unsuccessful. Error code: 409. Description: Conflict: terminated by other getUpdates request; make sure that only one bot instance is running
2026-01-31 08:46:14,170 - TeleBot - ERROR - Exception traceback:
Traceback (most recent call last):
  File "/home/goida/.local/lib/python3.11/site-packages/telebot/__init__.py", line 1073, in __threaded_polling
    polling_thread.raise_exceptions()
  File "/home/goida/.local/lib/python3.11/site-packages/telebot/util.py", line 108, in raise_exceptions
    raise self.exception_info
  File "/home/goida/.local/lib/python3.11/site-packages/telebot/util.py", line 90, in run
    task(*args, **kwargs)
  File "/home/goida/.local/lib/python3.11/site-packages/telebot/__init__.py", line 649, in __retrieve_updates
    updates = self.get_updates(offset=(self.last_update_id + 1),
             ^^^^^^^^^^^^^^^^^^^^^^^^^^^^^^^^^^^^^^^^^^^^^^^^^^
  File "/home/goida/.local/lib/python3.11/site-packages/telebot/__init__.py", line 623, in get_updates
    json_updates = apihelper.get_updates(self.token, offset, limit, timeout, allowed_updates, long_polling_timeout)
                   ^^^^^^^^^^^^^^^^^^^^^^^^^^^^^^^^^^^^^^^^^^^^^^^^^^^^^^^^^^^^^^^^^^^^^^^^^^^^^^^^^^^^^^^^^^^^^^^^
  File "/home/goida/.local/lib/python3.11/site-packages/telebot/apihelper.py", line 321, in get_updates
    return _make_request(token, method_url, params=payload)
           ^^^^^^^^^^^^^^^^^^^^^^^^^^^^^^^^^^^^^^^^^^^^^^^^
  File "/home/goida/.local/lib/python3.11/site-packages/telebot/apihelper.py", line 162, in _make_request
    json_result = _check_result(method_name, result)
                  ^^^^^^^^^^^^^^^^^^^^^^^^^^^^^^^^^^
  File "/home/goida/.local/lib/python3.11/site-packages/telebot/apihelper.py", line 189, in _check_result
    raise ApiTelegramException(method_name, result, result_json)
telebot.apihelper.ApiTelegramException: A request to the Telegram API was unsuccessful. Error code: 409. Description: Conflict: terminated by other getUpdates request; make sure that only one bot instance is running

2026-01-31 08:47:14,218 - TeleBot - ERROR - Threaded polling exception: A request to the Telegram API was unsuccessful. Error code: 409. Description: Conflict: terminated by other getUpdates request; make sure that only one bot instance is running
2026-01-31 08:47:14,219 - TeleBot - ERROR - Exception traceback:
Traceback (most recent call last):
  File "/home/goida/.local/lib/python3.11/site-packages/telebot/__init__.py", line 1073, in __threaded_polling
    polling_thread.raise_exceptions()
  File "/home/goida/.local/lib/python3.11/site-packages/telebot/util.py", line 108, in raise_exceptions
    raise self.exception_info
  File "/home/goida/.local/lib/python3.11/site-packages/telebot/util.py", line 90, in run
    task(*args, **kwargs)
  File "/home/goida/.local/lib/python3.11/site-packages/telebot/__init__.py", line 649, in __retrieve_updates
    updates = self.get_updates(offset=(self.last_update_id + 1),
             ^^^^^^^^^^^^^^^^^^^^^^^^^^^^^^^^^^^^^^^^^^^^^^^^^^
  File "/home/goida/.local/lib/python3.11/site-packages/telebot/__init__.py", line 623, in get_updates
    json_updates = apihelper.get_updates(self.token, offset, limit, timeout, allowed_updates, long_polling_timeout)
                   ^^^^^^^^^^^^^^^^^^^^^^^^^^^^^^^^^^^^^^^^^^^^^^^^^^^^^^^^^^^^^^^^^^^^^^^^^^^^^^^^^^^^^^^^^^^^^^^^
  File "/home/goida/.local/lib/python3.11/site-packages/telebot/apihelper.py", line 321, in get_updates
    return _make_request(token, method_url, params=payload)
           ^^^^^^^^^^^^^^^^^^^^^^^^^^^^^^^^^^^^^^^^^^^^^^^^
  File "/home/goida/.local/lib/python3.11/site-packages/telebot/apihelper.py", line 162, in _make_request
    json_result = _check_result(method_name, result)
                  ^^^^^^^^^^^^^^^^^^^^^^^^^^^^^^^^^^
  File "/home/goida/.local/lib/python3.11/site-packages/telebot/apihelper.py", line 189, in _check_result
    raise ApiTelegramException(method_name, result, result_json)
telebot.apihelper.ApiTelegramException: A request to the Telegram API was unsuccessful. Error code: 409. Description: Conflict: terminated by other getUpdates request; make sure that only one bot instance is running

2026-01-31 08:47:17,639 - TeleBot - ERROR - Threaded polling exception: A request to the Telegram API was unsuccessful. Error code: 409. Description: Conflict: terminated by other getUpdates request; make sure that only one bot instance is running
2026-01-31 08:47:17,640 - TeleBot - ERROR - Exception traceback:
Traceback (most recent call last):
  File "/home/goida/.local/lib/python3.11/site-packages/telebot/__init__.py", line 1073, in __threaded_polling
    polling_thread.raise_exceptions()
  File "/home/goida/.local/lib/python3.11/site-packages/telebot/util.py", line 108, in raise_exceptions
    raise self.exception_info
  File "/home/goida/.local/lib/python3.11/site-packages/telebot/util.py", line 90, in run
    task(*args, **kwargs)
  File "/home/goida/.local/lib/python3.11/site-packages/telebot/__init__.py", line 649, in __retrieve_updates
    updates = self.get_updates(offset=(self.last_update_id + 1),
             ^^^^^^^^^^^^^^^^^^^^^^^^^^^^^^^^^^^^^^^^^^^^^^^^^^
  File "/home/goida/.local/lib/python3.11/site-packages/telebot/__init__.py", line 623, in get_updates
    json_updates = apihelper.get_updates(self.token, offset, limit, timeout, allowed_updates, long_polling_timeout)
                   ^^^^^^^^^^^^^^^^^^^^^^^^^^^^^^^^^^^^^^^^^^^^^^^^^^^^^^^^^^^^^^^^^^^^^^^^^^^^^^^^^^^^^^^^^^^^^^^^
  File "/home/goida/.local/lib/python3.11/site-packages/telebot/apihelper.py", line 321, in get_updates
    return _make_request(token, method_url, params=payload)
           ^^^^^^^^^^^^^^^^^^^^^^^^^^^^^^^^^^^^^^^^^^^^^^^^
  File "/home/goida/.local/lib/python3.11/site-packages/telebot/apihelper.py", line 162, in _make_request
    json_result = _check_result(method_name, result)
                  ^^^^^^^^^^^^^^^^^^^^^^^^^^^^^^^^^^
  File "/home/goida/.local/lib/python3.11/site-packages/telebot/apihelper.py", line 189, in _check_result
    raise ApiTelegramException(method_name, result, result_json)
telebot.apihelper.ApiTelegramException: A request to the Telegram API was unsuccessful. Error code: 409. Description: Conflict: terminated by other getUpdates request; make sure that only one bot instance is running

2026-01-31 08:48:17,691 - TeleBot - ERROR - Threaded polling exception: A request to the Telegram API was unsuccessful. Error code: 409. Description: Conflict: terminated by other getUpdates request; make sure that only one bot instance is running
2026-01-31 08:48:17,692 - TeleBot - ERROR - Exception traceback:
Traceback (most recent call last):
  File "/home/goida/.local/lib/python3.11/site-packages/telebot/__init__.py", line 1073, in __threaded_polling
    polling_thread.raise_exceptions()
  File "/home/goida/.local/lib/python3.11/site-packages/telebot/util.py", line 108, in raise_exceptions
    raise self.exception_info
  File "/home/goida/.local/lib/python3.11/site-packages/telebot/util.py", line 90, in run
    task(*args, **kwargs)
  File "/home/goida/.local/lib/python3.11/site-packages/telebot/__init__.py", line 649, in __retrieve_updates
    updates = self.get_updates(offset=(self.last_update_id + 1),
             ^^^^^^^^^^^^^^^^^^^^^^^^^^^^^^^^^^^^^^^^^^^^^^^^^^
  File "/home/goida/.local/lib/python3.11/site-packages/telebot/__init__.py", line 623, in get_updates
    json_updates = apihelper.get_updates(self.token, offset, limit, timeout, allowed_updates, long_polling_timeout)
                   ^^^^^^^^^^^^^^^^^^^^^^^^^^^^^^^^^^^^^^^^^^^^^^^^^^^^^^^^^^^^^^^^^^^^^^^^^^^^^^^^^^^^^^^^^^^^^^^^
  File "/home/goida/.local/lib/python3.11/site-packages/telebot/apihelper.py", line 321, in get_updates
    return _make_request(token, method_url, params=payload)
           ^^^^^^^^^^^^^^^^^^^^^^^^^^^^^^^^^^^^^^^^^^^^^^^^
  File "/home/goida/.local/lib/python3.11/site-packages/telebot/apihelper.py", line 162, in _make_request
    json_result = _check_result(method_name, result)
                  ^^^^^^^^^^^^^^^^^^^^^^^^^^^^^^^^^^
  File "/home/goida/.local/lib/python3.11/site-packages/telebot/apihelper.py", line 189, in _check_result
    raise ApiTelegramException(method_name, result, result_json)
telebot.apihelper.ApiTelegramException: A request to the Telegram API was unsuccessful. Error code: 409. Description: Conflict: terminated by other getUpdates request; make sure that only one bot instance is running

2026-01-31 08:48:20,994 - TeleBot - ERROR - Threaded polling exception: A request to the Telegram API was unsuccessful. Error code: 409. Description: Conflict: terminated by other getUpdates request; make sure that only one bot instance is running
2026-01-31 08:48:20,995 - TeleBot - ERROR - Exception traceback:
Traceback (most recent call last):
  File "/home/goida/.local/lib/python3.11/site-packages/telebot/__init__.py", line 1073, in __threaded_polling
    polling_thread.raise_exceptions()
  File "/home/goida/.local/lib/python3.11/site-packages/telebot/util.py", line 108, in raise_exceptions
    raise self.exception_info
  File "/home/goida/.local/lib/python3.11/site-packages/telebot/util.py", line 90, in run
    task(*args, **kwargs)
  File "/home/goida/.local/lib/python3.11/site-packages/telebot/__init__.py", line 649, in __retrieve_updates
    updates = self.get_updates(offset=(self.last_update_id + 1),
             ^^^^^^^^^^^^^^^^^^^^^^^^^^^^^^^^^^^^^^^^^^^^^^^^^^
  File "/home/goida/.local/lib/python3.11/site-packages/telebot/__init__.py", line 623, in get_updates
    json_updates = apihelper.get_updates(self.token, offset, limit, timeout, allowed_updates, long_polling_timeout)
                   ^^^^^^^^^^^^^^^^^^^^^^^^^^^^^^^^^^^^^^^^^^^^^^^^^^^^^^^^^^^^^^^^^^^^^^^^^^^^^^^^^^^^^^^^^^^^^^^^
  File "/home/goida/.local/lib/python3.11/site-packages/telebot/apihelper.py", line 321, in get_updates
    return _make_request(token, method_url, params=payload)
           ^^^^^^^^^^^^^^^^^^^^^^^^^^^^^^^^^^^^^^^^^^^^^^^^
  File "/home/goida/.local/lib/python3.11/site-packages/telebot/apihelper.py", line 162, in _make_request
    json_result = _check_result(method_name, result)
                  ^^^^^^^^^^^^^^^^^^^^^^^^^^^^^^^^^^
  File "/home/goida/.local/lib/python3.11/site-packages/telebot/apihelper.py", line 189, in _check_result
    raise ApiTelegramException(method_name, result, result_json)
telebot.apihelper.ApiTelegramException: A request to the Telegram API was unsuccessful. Error code: 409. Description: Conflict: terminated by other getUpdates request; make sure that only one bot instance is running

2026-01-31 08:49:21,045 - TeleBot - ERROR - Threaded polling exception: A request to the Telegram API was unsuccessful. Error code: 409. Description: Conflict: terminated by other getUpdates request; make sure that only one bot instance is running
2026-01-31 08:49:21,046 - TeleBot - ERROR - Exception traceback:
Traceback (most recent call last):
  File "/home/goida/.local/lib/python3.11/site-packages/telebot/__init__.py", line 1073, in __threaded_polling
    polling_thread.raise_exceptions()
  File "/home/goida/.local/lib/python3.11/site-packages/telebot/util.py", line 108, in raise_exceptions
    raise self.exception_info
  File "/home/goida/.local/lib/python3.11/site-packages/telebot/util.py", line 90, in run
    task(*args, **kwargs)
  File "/home/goida/.local/lib/python3.11/site-packages/telebot/__init__.py", line 649, in __retrieve_updates
    updates = self.get_updates(offset=(self.last_update_id + 1),
             ^^^^^^^^^^^^^^^^^^^^^^^^^^^^^^^^^^^^^^^^^^^^^^^^^^
  File "/home/goida/.local/lib/python3.11/site-packages/telebot/__init__.py", line 623, in get_updates
    json_updates = apihelper.get_updates(self.token, offset, limit, timeout, allowed_updates, long_polling_timeout)
                   ^^^^^^^^^^^^^^^^^^^^^^^^^^^^^^^^^^^^^^^^^^^^^^^^^^^^^^^^^^^^^^^^^^^^^^^^^^^^^^^^^^^^^^^^^^^^^^^^
  File "/home/goida/.local/lib/python3.11/site-packages/telebot/apihelper.py", line 321, in get_updates
    return _make_request(token, method_url, params=payload)
           ^^^^^^^^^^^^^^^^^^^^^^^^^^^^^^^^^^^^^^^^^^^^^^^^
  File "/home/goida/.local/lib/python3.11/site-packages/telebot/apihelper.py", line 162, in _make_request
    json_result = _check_result(method_name, result)
                  ^^^^^^^^^^^^^^^^^^^^^^^^^^^^^^^^^^
  File "/home/goida/.local/lib/python3.11/site-packages/telebot/apihelper.py", line 189, in _check_result
    raise ApiTelegramException(method_name, result, result_json)
telebot.apihelper.ApiTelegramException: A request to the Telegram API was unsuccessful. Error code: 409. Description: Conflict: terminated by other getUpdates request; make sure that only one bot instance is running

2026-01-31 08:49:24,344 - TeleBot - ERROR - Threaded polling exception: A request to the Telegram API was unsuccessful. Error code: 409. Description: Conflict: terminated by other getUpdates request; make sure that only one bot instance is running
2026-01-31 08:49:24,345 - TeleBot - ERROR - Exception traceback:
Traceback (most recent call last):
  File "/home/goida/.local/lib/python3.11/site-packages/telebot/__init__.py", line 1073, in __threaded_polling
    polling_thread.raise_exceptions()
  File "/home/goida/.local/lib/python3.11/site-packages/telebot/util.py", line 108, in raise_exceptions
    raise self.exception_info
  File "/home/goida/.local/lib/python3.11/site-packages/telebot/util.py", line 90, in run
    task(*args, **kwargs)
  File "/home/goida/.local/lib/python3.11/site-packages/telebot/__init__.py", line 649, in __retrieve_updates
    updates = self.get_updates(offset=(self.last_update_id + 1),
             ^^^^^^^^^^^^^^^^^^^^^^^^^^^^^^^^^^^^^^^^^^^^^^^^^^
  File "/home/goida/.local/lib/python3.11/site-packages/telebot/__init__.py", line 623, in get_updates
    json_updates = apihelper.get_updates(self.token, offset, limit, timeout, allowed_updates, long_polling_timeout)
                   ^^^^^^^^^^^^^^^^^^^^^^^^^^^^^^^^^^^^^^^^^^^^^^^^^^^^^^^^^^^^^^^^^^^^^^^^^^^^^^^^^^^^^^^^^^^^^^^^
  File "/home/goida/.local/lib/python3.11/site-packages/telebot/apihelper.py", line 321, in get_updates
    return _make_request(token, method_url, params=payload)
           ^^^^^^^^^^^^^^^^^^^^^^^^^^^^^^^^^^^^^^^^^^^^^^^^
  File "/home/goida/.local/lib/python3.11/site-packages/telebot/apihelper.py", line 162, in _make_request
    json_result = _check_result(method_name, result)
                  ^^^^^^^^^^^^^^^^^^^^^^^^^^^^^^^^^^
  File "/home/goida/.local/lib/python3.11/site-packages/telebot/apihelper.py", line 189, in _check_result
    raise ApiTelegramException(method_name, result, result_json)
telebot.apihelper.ApiTelegramException: A request to the Telegram API was unsuccessful. Error code: 409. Description: Conflict: terminated by other getUpdates request; make sure that only one bot instance is running

2026-01-31 08:50:24,513 - TeleBot - ERROR - Threaded polling exception: A request to the Telegram API was unsuccessful. Error code: 409. Description: Conflict: terminated by other getUpdates request; make sure that only one bot instance is running
2026-01-31 08:50:24,514 - TeleBot - ERROR - Exception traceback:
Traceback (most recent call last):
  File "/home/goida/.local/lib/python3.11/site-packages/telebot/__init__.py", line 1073, in __threaded_polling
    polling_thread.raise_exceptions()
  File "/home/goida/.local/lib/python3.11/site-packages/telebot/util.py", line 108, in raise_exceptions
    raise self.exception_info
  File "/home/goida/.local/lib/python3.11/site-packages/telebot/util.py", line 90, in run
    task(*args, **kwargs)
  File "/home/goida/.local/lib/python3.11/site-packages/telebot/__init__.py", line 649, in __retrieve_updates
    updates = self.get_updates(offset=(self.last_update_id + 1),
             ^^^^^^^^^^^^^^^^^^^^^^^^^^^^^^^^^^^^^^^^^^^^^^^^^^
  File "/home/goida/.local/lib/python3.11/site-packages/telebot/__init__.py", line 623, in get_updates
    json_updates = apihelper.get_updates(self.token, offset, limit, timeout, allowed_updates, long_polling_timeout)
                   ^^^^^^^^^^^^^^^^^^^^^^^^^^^^^^^^^^^^^^^^^^^^^^^^^^^^^^^^^^^^^^^^^^^^^^^^^^^^^^^^^^^^^^^^^^^^^^^^
  File "/home/goida/.local/lib/python3.11/site-packages/telebot/apihelper.py", line 321, in get_updates
    return _make_request(token, method_url, params=payload)
           ^^^^^^^^^^^^^^^^^^^^^^^^^^^^^^^^^^^^^^^^^^^^^^^^
  File "/home/goida/.local/lib/python3.11/site-packages/telebot/apihelper.py", line 162, in _make_request
    json_result = _check_result(method_name, result)
                  ^^^^^^^^^^^^^^^^^^^^^^^^^^^^^^^^^^
  File "/home/goida/.local/lib/python3.11/site-packages/telebot/apihelper.py", line 189, in _check_result
    raise ApiTelegramException(method_name, result, result_json)
telebot.apihelper.ApiTelegramException: A request to the Telegram API was unsuccessful. Error code: 409. Description: Conflict: terminated by other getUpdates request; make sure that only one bot instance is running

2026-01-31 08:50:27,816 - TeleBot - ERROR - Threaded polling exception: A request to the Telegram API was unsuccessful. Error code: 409. Description: Conflict: terminated by other getUpdates request; make sure that only one bot instance is running
2026-01-31 08:50:27,817 - TeleBot - ERROR - Exception traceback:
Traceback (most recent call last):
  File "/home/goida/.local/lib/python3.11/site-packages/telebot/__init__.py", line 1073, in __threaded_polling
    polling_thread.raise_exceptions()
  File "/home/goida/.local/lib/python3.11/site-packages/telebot/util.py", line 108, in raise_exceptions
    raise self.exception_info
  File "/home/goida/.local/lib/python3.11/site-packages/telebot/util.py", line 90, in run
    task(*args, **kwargs)
  File "/home/goida/.local/lib/python3.11/site-packages/telebot/__init__.py", line 649, in __retrieve_updates
    updates = self.get_updates(offset=(self.last_update_id + 1),
             ^^^^^^^^^^^^^^^^^^^^^^^^^^^^^^^^^^^^^^^^^^^^^^^^^^
  File "/home/goida/.local/lib/python3.11/site-packages/telebot/__init__.py", line 623, in get_updates
    json_updates = apihelper.get_updates(self.token, offset, limit, timeout, allowed_updates, long_polling_timeout)
                   ^^^^^^^^^^^^^^^^^^^^^^^^^^^^^^^^^^^^^^^^^^^^^^^^^^^^^^^^^^^^^^^^^^^^^^^^^^^^^^^^^^^^^^^^^^^^^^^^
  File "/home/goida/.local/lib/python3.11/site-packages/telebot/apihelper.py", line 321, in get_updates
    return _make_request(token, method_url, params=payload)
           ^^^^^^^^^^^^^^^^^^^^^^^^^^^^^^^^^^^^^^^^^^^^^^^^
  File "/home/goida/.local/lib/python3.11/site-packages/telebot/apihelper.py", line 162, in _make_request
    json_result = _check_result(method_name, result)
                  ^^^^^^^^^^^^^^^^^^^^^^^^^^^^^^^^^^
  File "/home/goida/.local/lib/python3.11/site-packages/telebot/apihelper.py", line 189, in _check_result
    raise ApiTelegramException(method_name, result, result_json)
telebot.apihelper.ApiTelegramException: A request to the Telegram API was unsuccessful. Error code: 409. Description: Conflict: terminated by other getUpdates request; make sure that only one bot instance is running

2026-01-31 08:51:27,873 - TeleBot - ERROR - Threaded polling exception: A request to the Telegram API was unsuccessful. Error code: 409. Description: Conflict: terminated by other getUpdates request; make sure that only one bot instance is running
2026-01-31 08:51:27,874 - TeleBot - ERROR - Exception traceback:
Traceback (most recent call last):
  File "/home/goida/.local/lib/python3.11/site-packages/telebot/__init__.py", line 1073, in __threaded_polling
    polling_thread.raise_exceptions()
  File "/home/goida/.local/lib/python3.11/site-packages/telebot/util.py", line 108, in raise_exceptions
    raise self.exception_info
  File "/home/goida/.local/lib/python3.11/site-packages/telebot/util.py", line 90, in run
    task(*args, **kwargs)
  File "/home/goida/.local/lib/python3.11/site-packages/telebot/__init__.py", line 649, in __retrieve_updates
    updates = self.get_updates(offset=(self.last_update_id + 1),
             ^^^^^^^^^^^^^^^^^^^^^^^^^^^^^^^^^^^^^^^^^^^^^^^^^^
  File "/home/goida/.local/lib/python3.11/site-packages/telebot/__init__.py", line 623, in get_updates
    json_updates = apihelper.get_updates(self.token, offset, limit, timeout, allowed_updates, long_polling_timeout)
                   ^^^^^^^^^^^^^^^^^^^^^^^^^^^^^^^^^^^^^^^^^^^^^^^^^^^^^^^^^^^^^^^^^^^^^^^^^^^^^^^^^^^^^^^^^^^^^^^^
  File "/home/goida/.local/lib/python3.11/site-packages/telebot/apihelper.py", line 321, in get_updates
    return _make_request(token, method_url, params=payload)
           ^^^^^^^^^^^^^^^^^^^^^^^^^^^^^^^^^^^^^^^^^^^^^^^^
  File "/home/goida/.local/lib/python3.11/site-packages/telebot/apihelper.py", line 162, in _make_request
    json_result = _check_result(method_name, result)
                  ^^^^^^^^^^^^^^^^^^^^^^^^^^^^^^^^^^
  File "/home/goida/.local/lib/python3.11/site-packages/telebot/apihelper.py", line 189, in _check_result
    raise ApiTelegramException(method_name, result, result_json)
telebot.apihelper.ApiTelegramException: A request to the Telegram API was unsuccessful. Error code: 409. Description: Conflict: terminated by other getUpdates request; make sure that only one bot instance is running

2026-01-31 08:51:31,173 - TeleBot - ERROR - Threaded polling exception: A request to the Telegram API was unsuccessful. Error code: 409. Description: Conflict: terminated by other getUpdates request; make sure that only one bot instance is running
2026-01-31 08:51:31,173 - TeleBot - ERROR - Exception traceback:
Traceback (most recent call last):
  File "/home/goida/.local/lib/python3.11/site-packages/telebot/__init__.py", line 1073, in __threaded_polling
    polling_thread.raise_exceptions()
  File "/home/goida/.local/lib/python3.11/site-packages/telebot/util.py", line 108, in raise_exceptions
    raise self.exception_info
  File "/home/goida/.local/lib/python3.11/site-packages/telebot/util.py", line 90, in run
    task(*args, **kwargs)
  File "/home/goida/.local/lib/python3.11/site-packages/telebot/__init__.py", line 649, in __retrieve_updates
    updates = self.get_updates(offset=(self.last_update_id + 1),
             ^^^^^^^^^^^^^^^^^^^^^^^^^^^^^^^^^^^^^^^^^^^^^^^^^^
  File "/home/goida/.local/lib/python3.11/site-packages/telebot/__init__.py", line 623, in get_updates
    json_updates = apihelper.get_updates(self.token, offset, limit, timeout, allowed_updates, long_polling_timeout)
                   ^^^^^^^^^^^^^^^^^^^^^^^^^^^^^^^^^^^^^^^^^^^^^^^^^^^^^^^^^^^^^^^^^^^^^^^^^^^^^^^^^^^^^^^^^^^^^^^^
  File "/home/goida/.local/lib/python3.11/site-packages/telebot/apihelper.py", line 321, in get_updates
    return _make_request(token, method_url, params=payload)
           ^^^^^^^^^^^^^^^^^^^^^^^^^^^^^^^^^^^^^^^^^^^^^^^^
  File "/home/goida/.local/lib/python3.11/site-packages/telebot/apihelper.py", line 162, in _make_request
    json_result = _check_result(method_name, result)
                  ^^^^^^^^^^^^^^^^^^^^^^^^^^^^^^^^^^
  File "/home/goida/.local/lib/python3.11/site-packages/telebot/apihelper.py", line 189, in _check_result
    raise ApiTelegramException(method_name, result, result_json)
telebot.apihelper.ApiTelegramException: A request to the Telegram API was unsuccessful. Error code: 409. Description: Conflict: terminated by other getUpdates request; make sure that only one bot instance is running

2026-01-31 08:52:31,223 - TeleBot - ERROR - Threaded polling exception: A request to the Telegram API was unsuccessful. Error code: 409. Description: Conflict: terminated by other getUpdates request; make sure that only one bot instance is running
2026-01-31 08:52:31,224 - TeleBot - ERROR - Exception traceback:
Traceback (most recent call last):
  File "/home/goida/.local/lib/python3.11/site-packages/telebot/__init__.py", line 1073, in __threaded_polling
    polling_thread.raise_exceptions()
  File "/home/goida/.local/lib/python3.11/site-packages/telebot/util.py", line 108, in raise_exceptions
    raise self.exception_info
  File "/home/goida/.local/lib/python3.11/site-packages/telebot/util.py", line 90, in run
    task(*args, **kwargs)
  File "/home/goida/.local/lib/python3.11/site-packages/telebot/__init__.py", line 649, in __retrieve_updates
    updates = self.get_updates(offset=(self.last_update_id + 1),
             ^^^^^^^^^^^^^^^^^^^^^^^^^^^^^^^^^^^^^^^^^^^^^^^^^^
  File "/home/goida/.local/lib/python3.11/site-packages/telebot/__init__.py", line 623, in get_updates
    json_updates = apihelper.get_updates(self.token, offset, limit, timeout, allowed_updates, long_polling_timeout)
                   ^^^^^^^^^^^^^^^^^^^^^^^^^^^^^^^^^^^^^^^^^^^^^^^^^^^^^^^^^^^^^^^^^^^^^^^^^^^^^^^^^^^^^^^^^^^^^^^^
  File "/home/goida/.local/lib/python3.11/site-packages/telebot/apihelper.py", line 321, in get_updates
    return _make_request(token, method_url, params=payload)
           ^^^^^^^^^^^^^^^^^^^^^^^^^^^^^^^^^^^^^^^^^^^^^^^^
  File "/home/goida/.local/lib/python3.11/site-packages/telebot/apihelper.py", line 162, in _make_request
    json_result = _check_result(method_name, result)
                  ^^^^^^^^^^^^^^^^^^^^^^^^^^^^^^^^^^
  File "/home/goida/.local/lib/python3.11/site-packages/telebot/apihelper.py", line 189, in _check_result
    raise ApiTelegramException(method_name, result, result_json)
telebot.apihelper.ApiTelegramException: A request to the Telegram API was unsuccessful. Error code: 409. Description: Conflict: terminated by other getUpdates request; make sure that only one bot instance is running

2026-01-31 08:52:34,528 - TeleBot - ERROR - Threaded polling exception: A request to the Telegram API was unsuccessful. Error code: 409. Description: Conflict: terminated by other getUpdates request; make sure that only one bot instance is running
2026-01-31 08:52:34,529 - TeleBot - ERROR - Exception traceback:
Traceback (most recent call last):
  File "/home/goida/.local/lib/python3.11/site-packages/telebot/__init__.py", line 1073, in __threaded_polling
    polling_thread.raise_exceptions()
  File "/home/goida/.local/lib/python3.11/site-packages/telebot/util.py", line 108, in raise_exceptions
    raise self.exception_info
  File "/home/goida/.local/lib/python3.11/site-packages/telebot/util.py", line 90, in run
    task(*args, **kwargs)
  File "/home/goida/.local/lib/python3.11/site-packages/telebot/__init__.py", line 649, in __retrieve_updates
    updates = self.get_updates(offset=(self.last_update_id + 1),
             ^^^^^^^^^^^^^^^^^^^^^^^^^^^^^^^^^^^^^^^^^^^^^^^^^^
  File "/home/goida/.local/lib/python3.11/site-packages/telebot/__init__.py", line 623, in get_updates
    json_updates = apihelper.get_updates(self.token, offset, limit, timeout, allowed_updates, long_polling_timeout)
                   ^^^^^^^^^^^^^^^^^^^^^^^^^^^^^^^^^^^^^^^^^^^^^^^^^^^^^^^^^^^^^^^^^^^^^^^^^^^^^^^^^^^^^^^^^^^^^^^^
  File "/home/goida/.local/lib/python3.11/site-packages/telebot/apihelper.py", line 321, in get_updates
    return _make_request(token, method_url, params=payload)
           ^^^^^^^^^^^^^^^^^^^^^^^^^^^^^^^^^^^^^^^^^^^^^^^^
  File "/home/goida/.local/lib/python3.11/site-packages/telebot/apihelper.py", line 162, in _make_request
    json_result = _check_result(method_name, result)
                  ^^^^^^^^^^^^^^^^^^^^^^^^^^^^^^^^^^
  File "/home/goida/.local/lib/python3.11/site-packages/telebot/apihelper.py", line 189, in _check_result
    raise ApiTelegramException(method_name, result, result_json)
telebot.apihelper.ApiTelegramException: A request to the Telegram API was unsuccessful. Error code: 409. Description: Conflict: terminated by other getUpdates request; make sure that only one bot instance is running

2026-01-31 08:53:34,576 - TeleBot - ERROR - Threaded polling exception: A request to the Telegram API was unsuccessful. Error code: 409. Description: Conflict: terminated by other getUpdates request; make sure that only one bot instance is running
2026-01-31 08:53:34,576 - TeleBot - ERROR - Exception traceback:
Traceback (most recent call last):
  File "/home/goida/.local/lib/python3.11/site-packages/telebot/__init__.py", line 1073, in __threaded_polling
    polling_thread.raise_exceptions()
  File "/home/goida/.local/lib/python3.11/site-packages/telebot/util.py", line 108, in raise_exceptions
    raise self.exception_info
  File "/home/goida/.local/lib/python3.11/site-packages/telebot/util.py", line 90, in run
    task(*args, **kwargs)
  File "/home/goida/.local/lib/python3.11/site-packages/telebot/__init__.py", line 649, in __retrieve_updates
    updates = self.get_updates(offset=(self.last_update_id + 1),
             ^^^^^^^^^^^^^^^^^^^^^^^^^^^^^^^^^^^^^^^^^^^^^^^^^^
  File "/home/goida/.local/lib/python3.11/site-packages/telebot/__init__.py", line 623, in get_updates
    json_updates = apihelper.get_updates(self.token, offset, limit, timeout, allowed_updates, long_polling_timeout)
                   ^^^^^^^^^^^^^^^^^^^^^^^^^^^^^^^^^^^^^^^^^^^^^^^^^^^^^^^^^^^^^^^^^^^^^^^^^^^^^^^^^^^^^^^^^^^^^^^^
  File "/home/goida/.local/lib/python3.11/site-packages/telebot/apihelper.py", line 321, in get_updates
    return _make_request(token, method_url, params=payload)
           ^^^^^^^^^^^^^^^^^^^^^^^^^^^^^^^^^^^^^^^^^^^^^^^^
  File "/home/goida/.local/lib/python3.11/site-packages/telebot/apihelper.py", line 162, in _make_request
    json_result = _check_result(method_name, result)
                  ^^^^^^^^^^^^^^^^^^^^^^^^^^^^^^^^^^
  File "/home/goida/.local/lib/python3.11/site-packages/telebot/apihelper.py", line 189, in _check_result
    raise ApiTelegramException(method_name, result, result_json)
telebot.apihelper.ApiTelegramException: A request to the Telegram API was unsuccessful. Error code: 409. Description: Conflict: terminated by other getUpdates request; make sure that only one bot instance is running

2026-01-31 08:53:37,878 - TeleBot - ERROR - Threaded polling exception: A request to the Telegram API was unsuccessful. Error code: 409. Description: Conflict: terminated by other getUpdates request; make sure that only one bot instance is running
2026-01-31 08:53:37,879 - TeleBot - ERROR - Exception traceback:
Traceback (most recent call last):
  File "/home/goida/.local/lib/python3.11/site-packages/telebot/__init__.py", line 1073, in __threaded_polling
    polling_thread.raise_exceptions()
  File "/home/goida/.local/lib/python3.11/site-packages/telebot/util.py", line 108, in raise_exceptions
    raise self.exception_info
  File "/home/goida/.local/lib/python3.11/site-packages/telebot/util.py", line 90, in run
    task(*args, **kwargs)
  File "/home/goida/.local/lib/python3.11/site-packages/telebot/__init__.py", line 649, in __retrieve_updates
    updates = self.get_updates(offset=(self.last_update_id + 1),
             ^^^^^^^^^^^^^^^^^^^^^^^^^^^^^^^^^^^^^^^^^^^^^^^^^^
  File "/home/goida/.local/lib/python3.11/site-packages/telebot/__init__.py", line 623, in get_updates
    json_updates = apihelper.get_updates(self.token, offset, limit, timeout, allowed_updates, long_polling_timeout)
                   ^^^^^^^^^^^^^^^^^^^^^^^^^^^^^^^^^^^^^^^^^^^^^^^^^^^^^^^^^^^^^^^^^^^^^^^^^^^^^^^^^^^^^^^^^^^^^^^^
  File "/home/goida/.local/lib/python3.11/site-packages/telebot/apihelper.py", line 321, in get_updates
    return _make_request(token, method_url, params=payload)
           ^^^^^^^^^^^^^^^^^^^^^^^^^^^^^^^^^^^^^^^^^^^^^^^^
  File "/home/goida/.local/lib/python3.11/site-packages/telebot/apihelper.py", line 162, in _make_request
    json_result = _check_result(method_name, result)
                  ^^^^^^^^^^^^^^^^^^^^^^^^^^^^^^^^^^
  File "/home/goida/.local/lib/python3.11/site-packages/telebot/apihelper.py", line 189, in _check_result
    raise ApiTelegramException(method_name, result, result_json)
telebot.apihelper.ApiTelegramException: A request to the Telegram API was unsuccessful. Error code: 409. Description: Conflict: terminated by other getUpdates request; make sure that only one bot instance is running

2026-01-31 08:54:37,929 - TeleBot - ERROR - Threaded polling exception: A request to the Telegram API was unsuccessful. Error code: 409. Description: Conflict: terminated by other getUpdates request; make sure that only one bot instance is running
2026-01-31 08:54:37,930 - TeleBot - ERROR - Exception traceback:
Traceback (most recent call last):
  File "/home/goida/.local/lib/python3.11/site-packages/telebot/__init__.py", line 1073, in __threaded_polling
    polling_thread.raise_exceptions()
  File "/home/goida/.local/lib/python3.11/site-packages/telebot/util.py", line 108, in raise_exceptions
    raise self.exception_info
  File "/home/goida/.local/lib/python3.11/site-packages/telebot/util.py", line 90, in run
    task(*args, **kwargs)
  File "/home/goida/.local/lib/python3.11/site-packages/telebot/__init__.py", line 649, in __retrieve_updates
    updates = self.get_updates(offset=(self.last_update_id + 1),
             ^^^^^^^^^^^^^^^^^^^^^^^^^^^^^^^^^^^^^^^^^^^^^^^^^^
  File "/home/goida/.local/lib/python3.11/site-packages/telebot/__init__.py", line 623, in get_updates
    json_updates = apihelper.get_updates(self.token, offset, limit, timeout, allowed_updates, long_polling_timeout)
                   ^^^^^^^^^^^^^^^^^^^^^^^^^^^^^^^^^^^^^^^^^^^^^^^^^^^^^^^^^^^^^^^^^^^^^^^^^^^^^^^^^^^^^^^^^^^^^^^^
  File "/home/goida/.local/lib/python3.11/site-packages/telebot/apihelper.py", line 321, in get_updates
    return _make_request(token, method_url, params=payload)
           ^^^^^^^^^^^^^^^^^^^^^^^^^^^^^^^^^^^^^^^^^^^^^^^^
  File "/home/goida/.local/lib/python3.11/site-packages/telebot/apihelper.py", line 162, in _make_request
    json_result = _check_result(method_name, result)
                  ^^^^^^^^^^^^^^^^^^^^^^^^^^^^^^^^^^
  File "/home/goida/.local/lib/python3.11/site-packages/telebot/apihelper.py", line 189, in _check_result
    raise ApiTelegramException(method_name, result, result_json)
telebot.apihelper.ApiTelegramException: A request to the Telegram API was unsuccessful. Error code: 409. Description: Conflict: terminated by other getUpdates request; make sure that only one bot instance is running

2026-01-31 08:54:41,229 - TeleBot - ERROR - Threaded polling exception: A request to the Telegram API was unsuccessful. Error code: 409. Description: Conflict: terminated by other getUpdates request; make sure that only one bot instance is running
2026-01-31 08:54:41,230 - TeleBot - ERROR - Exception traceback:
Traceback (most recent call last):
  File "/home/goida/.local/lib/python3.11/site-packages/telebot/__init__.py", line 1073, in __threaded_polling
    polling_thread.raise_exceptions()
  File "/home/goida/.local/lib/python3.11/site-packages/telebot/util.py", line 108, in raise_exceptions
    raise self.exception_info
  File "/home/goida/.local/lib/python3.11/site-packages/telebot/util.py", line 90, in run
    task(*args, **kwargs)
  File "/home/goida/.local/lib/python3.11/site-packages/telebot/__init__.py", line 649, in __retrieve_updates
    updates = self.get_updates(offset=(self.last_update_id + 1),
             ^^^^^^^^^^^^^^^^^^^^^^^^^^^^^^^^^^^^^^^^^^^^^^^^^^
  File "/home/goida/.local/lib/python3.11/site-packages/telebot/__init__.py", line 623, in get_updates
    json_updates = apihelper.get_updates(self.token, offset, limit, timeout, allowed_updates, long_polling_timeout)
                   ^^^^^^^^^^^^^^^^^^^^^^^^^^^^^^^^^^^^^^^^^^^^^^^^^^^^^^^^^^^^^^^^^^^^^^^^^^^^^^^^^^^^^^^^^^^^^^^^
  File "/home/goida/.local/lib/python3.11/site-packages/telebot/apihelper.py", line 321, in get_updates
    return _make_request(token, method_url, params=payload)
           ^^^^^^^^^^^^^^^^^^^^^^^^^^^^^^^^^^^^^^^^^^^^^^^^
  File "/home/goida/.local/lib/python3.11/site-packages/telebot/apihelper.py", line 162, in _make_request
    json_result = _check_result(method_name, result)
                  ^^^^^^^^^^^^^^^^^^^^^^^^^^^^^^^^^^
  File "/home/goida/.local/lib/python3.11/site-packages/telebot/apihelper.py", line 189, in _check_result
    raise ApiTelegramException(method_name, result, result_json)
telebot.apihelper.ApiTelegramException: A request to the Telegram API was unsuccessful. Error code: 409. Description: Conflict: terminated by other getUpdates request; make sure that only one bot instance is running

2026-01-31 08:55:41,277 - TeleBot - ERROR - Threaded polling exception: A request to the Telegram API was unsuccessful. Error code: 409. Description: Conflict: terminated by other getUpdates request; make sure that only one bot instance is running
2026-01-31 08:55:41,279 - TeleBot - ERROR - Exception traceback:
Traceback (most recent call last):
  File "/home/goida/.local/lib/python3.11/site-packages/telebot/__init__.py", line 1073, in __threaded_polling
    polling_thread.raise_exceptions()
  File "/home/goida/.local/lib/python3.11/site-packages/telebot/util.py", line 108, in raise_exceptions
    raise self.exception_info
  File "/home/goida/.local/lib/python3.11/site-packages/telebot/util.py", line 90, in run
    task(*args, **kwargs)
  File "/home/goida/.local/lib/python3.11/site-packages/telebot/__init__.py", line 649, in __retrieve_updates
    updates = self.get_updates(offset=(self.last_update_id + 1),
             ^^^^^^^^^^^^^^^^^^^^^^^^^^^^^^^^^^^^^^^^^^^^^^^^^^
  File "/home/goida/.local/lib/python3.11/site-packages/telebot/__init__.py", line 623, in get_updates
    json_updates = apihelper.get_updates(self.token, offset, limit, timeout, allowed_updates, long_polling_timeout)
                   ^^^^^^^^^^^^^^^^^^^^^^^^^^^^^^^^^^^^^^^^^^^^^^^^^^^^^^^^^^^^^^^^^^^^^^^^^^^^^^^^^^^^^^^^^^^^^^^^
  File "/home/goida/.local/lib/python3.11/site-packages/telebot/apihelper.py", line 321, in get_updates
    return _make_request(token, method_url, params=payload)
           ^^^^^^^^^^^^^^^^^^^^^^^^^^^^^^^^^^^^^^^^^^^^^^^^
  File "/home/goida/.local/lib/python3.11/site-packages/telebot/apihelper.py", line 162, in _make_request
    json_result = _check_result(method_name, result)
                  ^^^^^^^^^^^^^^^^^^^^^^^^^^^^^^^^^^
  File "/home/goida/.local/lib/python3.11/site-packages/telebot/apihelper.py", line 189, in _check_result
    raise ApiTelegramException(method_name, result, result_json)
telebot.apihelper.ApiTelegramException: A request to the Telegram API was unsuccessful. Error code: 409. Description: Conflict: terminated by other getUpdates request; make sure that only one bot instance is running

2026-01-31 08:55:44,580 - TeleBot - ERROR - Threaded polling exception: A request to the Telegram API was unsuccessful. Error code: 409. Description: Conflict: terminated by other getUpdates request; make sure that only one bot instance is running
2026-01-31 08:55:44,581 - TeleBot - ERROR - Exception traceback:
Traceback (most recent call last):
  File "/home/goida/.local/lib/python3.11/site-packages/telebot/__init__.py", line 1073, in __threaded_polling
    polling_thread.raise_exceptions()
  File "/home/goida/.local/lib/python3.11/site-packages/telebot/util.py", line 108, in raise_exceptions
    raise self.exception_info
  File "/home/goida/.local/lib/python3.11/site-packages/telebot/util.py", line 90, in run
    task(*args, **kwargs)
  File "/home/goida/.local/lib/python3.11/site-packages/telebot/__init__.py", line 649, in __retrieve_updates
    updates = self.get_updates(offset=(self.last_update_id + 1),
             ^^^^^^^^^^^^^^^^^^^^^^^^^^^^^^^^^^^^^^^^^^^^^^^^^^
  File "/home/goida/.local/lib/python3.11/site-packages/telebot/__init__.py", line 623, in get_updates
    json_updates = apihelper.get_updates(self.token, offset, limit, timeout, allowed_updates, long_polling_timeout)
                   ^^^^^^^^^^^^^^^^^^^^^^^^^^^^^^^^^^^^^^^^^^^^^^^^^^^^^^^^^^^^^^^^^^^^^^^^^^^^^^^^^^^^^^^^^^^^^^^^
  File "/home/goida/.local/lib/python3.11/site-packages/telebot/apihelper.py", line 321, in get_updates
    return _make_request(token, method_url, params=payload)
           ^^^^^^^^^^^^^^^^^^^^^^^^^^^^^^^^^^^^^^^^^^^^^^^^
  File "/home/goida/.local/lib/python3.11/site-packages/telebot/apihelper.py", line 162, in _make_request
    json_result = _check_result(method_name, result)
                  ^^^^^^^^^^^^^^^^^^^^^^^^^^^^^^^^^^
  File "/home/goida/.local/lib/python3.11/site-packages/telebot/apihelper.py", line 189, in _check_result
    raise ApiTelegramException(method_name, result, result_json)
telebot.apihelper.ApiTelegramException: A request to the Telegram API was unsuccessful. Error code: 409. Description: Conflict: terminated by other getUpdates request; make sure that only one bot instance is running

2026-01-31 08:56:44,634 - TeleBot - ERROR - Threaded polling exception: A request to the Telegram API was unsuccessful. Error code: 409. Description: Conflict: terminated by other getUpdates request; make sure that only one bot instance is running
2026-01-31 08:56:44,635 - TeleBot - ERROR - Exception traceback:
Traceback (most recent call last):
  File "/home/goida/.local/lib/python3.11/site-packages/telebot/__init__.py", line 1073, in __threaded_polling
    polling_thread.raise_exceptions()
  File "/home/goida/.local/lib/python3.11/site-packages/telebot/util.py", line 108, in raise_exceptions
    raise self.exception_info
  File "/home/goida/.local/lib/python3.11/site-packages/telebot/util.py", line 90, in run
    task(*args, **kwargs)
  File "/home/goida/.local/lib/python3.11/site-packages/telebot/__init__.py", line 649, in __retrieve_updates
    updates = self.get_updates(offset=(self.last_update_id + 1),
             ^^^^^^^^^^^^^^^^^^^^^^^^^^^^^^^^^^^^^^^^^^^^^^^^^^
  File "/home/goida/.local/lib/python3.11/site-packages/telebot/__init__.py", line 623, in get_updates
    json_updates = apihelper.get_updates(self.token, offset, limit, timeout, allowed_updates, long_polling_timeout)
                   ^^^^^^^^^^^^^^^^^^^^^^^^^^^^^^^^^^^^^^^^^^^^^^^^^^^^^^^^^^^^^^^^^^^^^^^^^^^^^^^^^^^^^^^^^^^^^^^^
  File "/home/goida/.local/lib/python3.11/site-packages/telebot/apihelper.py", line 321, in get_updates
    return _make_request(token, method_url, params=payload)
           ^^^^^^^^^^^^^^^^^^^^^^^^^^^^^^^^^^^^^^^^^^^^^^^^
  File "/home/goida/.local/lib/python3.11/site-packages/telebot/apihelper.py", line 162, in _make_request
    json_result = _check_result(method_name, result)
                  ^^^^^^^^^^^^^^^^^^^^^^^^^^^^^^^^^^
  File "/home/goida/.local/lib/python3.11/site-packages/telebot/apihelper.py", line 189, in _check_result
    raise ApiTelegramException(method_name, result, result_json)
telebot.apihelper.ApiTelegramException: A request to the Telegram API was unsuccessful. Error code: 409. Description: Conflict: terminated by other getUpdates request; make sure that only one bot instance is running

2026-01-31 08:56:47,937 - TeleBot - ERROR - Threaded polling exception: A request to the Telegram API was unsuccessful. Error code: 409. Description: Conflict: terminated by other getUpdates request; make sure that only one bot instance is running
2026-01-31 08:56:47,938 - TeleBot - ERROR - Exception traceback:
Traceback (most recent call last):
  File "/home/goida/.local/lib/python3.11/site-packages/telebot/__init__.py", line 1073, in __threaded_polling
    polling_thread.raise_exceptions()
  File "/home/goida/.local/lib/python3.11/site-packages/telebot/util.py", line 108, in raise_exceptions
    raise self.exception_info
  File "/home/goida/.local/lib/python3.11/site-packages/telebot/util.py", line 90, in run
    task(*args, **kwargs)
  File "/home/goida/.local/lib/python3.11/site-packages/telebot/__init__.py", line 649, in __retrieve_updates
    updates = self.get_updates(offset=(self.last_update_id + 1),
             ^^^^^^^^^^^^^^^^^^^^^^^^^^^^^^^^^^^^^^^^^^^^^^^^^^
  File "/home/goida/.local/lib/python3.11/site-packages/telebot/__init__.py", line 623, in get_updates
    json_updates = apihelper.get_updates(self.token, offset, limit, timeout, allowed_updates, long_polling_timeout)
                   ^^^^^^^^^^^^^^^^^^^^^^^^^^^^^^^^^^^^^^^^^^^^^^^^^^^^^^^^^^^^^^^^^^^^^^^^^^^^^^^^^^^^^^^^^^^^^^^^
  File "/home/goida/.local/lib/python3.11/site-packages/telebot/apihelper.py", line 321, in get_updates
    return _make_request(token, method_url, params=payload)
           ^^^^^^^^^^^^^^^^^^^^^^^^^^^^^^^^^^^^^^^^^^^^^^^^
  File "/home/goida/.local/lib/python3.11/site-packages/telebot/apihelper.py", line 162, in _make_request
    json_result = _check_result(method_name, result)
                  ^^^^^^^^^^^^^^^^^^^^^^^^^^^^^^^^^^
  File "/home/goida/.local/lib/python3.11/site-packages/telebot/apihelper.py", line 189, in _check_result
    raise ApiTelegramException(method_name, result, result_json)
telebot.apihelper.ApiTelegramException: A request to the Telegram API was unsuccessful. Error code: 409. Description: Conflict: terminated by other getUpdates request; make sure that only one bot instance is running

2026-01-31 08:57:47,988 - TeleBot - ERROR - Threaded polling exception: A request to the Telegram API was unsuccessful. Error code: 409. Description: Conflict: terminated by other getUpdates request; make sure that only one bot instance is running
2026-01-31 08:57:47,989 - TeleBot - ERROR - Exception traceback:
Traceback (most recent call last):
  File "/home/goida/.local/lib/python3.11/site-packages/telebot/__init__.py", line 1073, in __threaded_polling
    polling_thread.raise_exceptions()
  File "/home/goida/.local/lib/python3.11/site-packages/telebot/util.py", line 108, in raise_exceptions
    raise self.exception_info
  File "/home/goida/.local/lib/python3.11/site-packages/telebot/util.py", line 90, in run
    task(*args, **kwargs)
  File "/home/goida/.local/lib/python3.11/site-packages/telebot/__init__.py", line 649, in __retrieve_updates
    updates = self.get_updates(offset=(self.last_update_id + 1),
             ^^^^^^^^^^^^^^^^^^^^^^^^^^^^^^^^^^^^^^^^^^^^^^^^^^
  File "/home/goida/.local/lib/python3.11/site-packages/telebot/__init__.py", line 623, in get_updates
    json_updates = apihelper.get_updates(self.token, offset, limit, timeout, allowed_updates, long_polling_timeout)
                   ^^^^^^^^^^^^^^^^^^^^^^^^^^^^^^^^^^^^^^^^^^^^^^^^^^^^^^^^^^^^^^^^^^^^^^^^^^^^^^^^^^^^^^^^^^^^^^^^
  File "/home/goida/.local/lib/python3.11/site-packages/telebot/apihelper.py", line 321, in get_updates
    return _make_request(token, method_url, params=payload)
           ^^^^^^^^^^^^^^^^^^^^^^^^^^^^^^^^^^^^^^^^^^^^^^^^
  File "/home/goida/.local/lib/python3.11/site-packages/telebot/apihelper.py", line 162, in _make_request
    json_result = _check_result(method_name, result)
                  ^^^^^^^^^^^^^^^^^^^^^^^^^^^^^^^^^^
  File "/home/goida/.local/lib/python3.11/site-packages/telebot/apihelper.py", line 189, in _check_result
    raise ApiTelegramException(method_name, result, result_json)
telebot.apihelper.ApiTelegramException: A request to the Telegram API was unsuccessful. Error code: 409. Description: Conflict: terminated by other getUpdates request; make sure that only one bot instance is running

2026-01-31 08:57:51,287 - TeleBot - ERROR - Threaded polling exception: A request to the Telegram API was unsuccessful. Error code: 409. Description: Conflict: terminated by other getUpdates request; make sure that only one bot instance is running
2026-01-31 08:57:51,288 - TeleBot - ERROR - Exception traceback:
Traceback (most recent call last):
  File "/home/goida/.local/lib/python3.11/site-packages/telebot/__init__.py", line 1073, in __threaded_polling
    polling_thread.raise_exceptions()
  File "/home/goida/.local/lib/python3.11/site-packages/telebot/util.py", line 108, in raise_exceptions
    raise self.exception_info
  File "/home/goida/.local/lib/python3.11/site-packages/telebot/util.py", line 90, in run
    task(*args, **kwargs)
  File "/home/goida/.local/lib/python3.11/site-packages/telebot/__init__.py", line 649, in __retrieve_updates
    updates = self.get_updates(offset=(self.last_update_id + 1),
             ^^^^^^^^^^^^^^^^^^^^^^^^^^^^^^^^^^^^^^^^^^^^^^^^^^
  File "/home/goida/.local/lib/python3.11/site-packages/telebot/__init__.py", line 623, in get_updates
    json_updates = apihelper.get_updates(self.token, offset, limit, timeout, allowed_updates, long_polling_timeout)
                   ^^^^^^^^^^^^^^^^^^^^^^^^^^^^^^^^^^^^^^^^^^^^^^^^^^^^^^^^^^^^^^^^^^^^^^^^^^^^^^^^^^^^^^^^^^^^^^^^
  File "/home/goida/.local/lib/python3.11/site-packages/telebot/apihelper.py", line 321, in get_updates
    return _make_request(token, method_url, params=payload)
           ^^^^^^^^^^^^^^^^^^^^^^^^^^^^^^^^^^^^^^^^^^^^^^^^
  File "/home/goida/.local/lib/python3.11/site-packages/telebot/apihelper.py", line 162, in _make_request
    json_result = _check_result(method_name, result)
                  ^^^^^^^^^^^^^^^^^^^^^^^^^^^^^^^^^^
  File "/home/goida/.local/lib/python3.11/site-packages/telebot/apihelper.py", line 189, in _check_result
    raise ApiTelegramException(method_name, result, result_json)
telebot.apihelper.ApiTelegramException: A request to the Telegram API was unsuccessful. Error code: 409. Description: Conflict: terminated by other getUpdates request; make sure that only one bot instance is running

2026-01-31 08:58:51,336 - TeleBot - ERROR - Threaded polling exception: A request to the Telegram API was unsuccessful. Error code: 409. Description: Conflict: terminated by other getUpdates request; make sure that only one bot instance is running
2026-01-31 08:58:51,336 - TeleBot - ERROR - Exception traceback:
Traceback (most recent call last):
  File "/home/goida/.local/lib/python3.11/site-packages/telebot/__init__.py", line 1073, in __threaded_polling
    polling_thread.raise_exceptions()
  File "/home/goida/.local/lib/python3.11/site-packages/telebot/util.py", line 108, in raise_exceptions
    raise self.exception_info
  File "/home/goida/.local/lib/python3.11/site-packages/telebot/util.py", line 90, in run
    task(*args, **kwargs)
  File "/home/goida/.local/lib/python3.11/site-packages/telebot/__init__.py", line 649, in __retrieve_updates
    updates = self.get_updates(offset=(self.last_update_id + 1),
             ^^^^^^^^^^^^^^^^^^^^^^^^^^^^^^^^^^^^^^^^^^^^^^^^^^
  File "/home/goida/.local/lib/python3.11/site-packages/telebot/__init__.py", line 623, in get_updates
    json_updates = apihelper.get_updates(self.token, offset, limit, timeout, allowed_updates, long_polling_timeout)
                   ^^^^^^^^^^^^^^^^^^^^^^^^^^^^^^^^^^^^^^^^^^^^^^^^^^^^^^^^^^^^^^^^^^^^^^^^^^^^^^^^^^^^^^^^^^^^^^^^
  File "/home/goida/.local/lib/python3.11/site-packages/telebot/apihelper.py", line 321, in get_updates
    return _make_request(token, method_url, params=payload)
           ^^^^^^^^^^^^^^^^^^^^^^^^^^^^^^^^^^^^^^^^^^^^^^^^
  File "/home/goida/.local/lib/python3.11/site-packages/telebot/apihelper.py", line 162, in _make_request
    json_result = _check_result(method_name, result)
                  ^^^^^^^^^^^^^^^^^^^^^^^^^^^^^^^^^^
  File "/home/goida/.local/lib/python3.11/site-packages/telebot/apihelper.py", line 189, in _check_result
    raise ApiTelegramException(method_name, result, result_json)
telebot.apihelper.ApiTelegramException: A request to the Telegram API was unsuccessful. Error code: 409. Description: Conflict: terminated by other getUpdates request; make sure that only one bot instance is running

2026-01-31 08:58:54,632 - TeleBot - ERROR - Threaded polling exception: A request to the Telegram API was unsuccessful. Error code: 409. Description: Conflict: terminated by other getUpdates request; make sure that only one bot instance is running
2026-01-31 08:58:54,633 - TeleBot - ERROR - Exception traceback:
Traceback (most recent call last):
  File "/home/goida/.local/lib/python3.11/site-packages/telebot/__init__.py", line 1073, in __threaded_polling
    polling_thread.raise_exceptions()
  File "/home/goida/.local/lib/python3.11/site-packages/telebot/util.py", line 108, in raise_exceptions
    raise self.exception_info
  File "/home/goida/.local/lib/python3.11/site-packages/telebot/util.py", line 90, in run
    task(*args, **kwargs)
  File "/home/goida/.local/lib/python3.11/site-packages/telebot/__init__.py", line 649, in __retrieve_updates
    updates = self.get_updates(offset=(self.last_update_id + 1),
             ^^^^^^^^^^^^^^^^^^^^^^^^^^^^^^^^^^^^^^^^^^^^^^^^^^
  File "/home/goida/.local/lib/python3.11/site-packages/telebot/__init__.py", line 623, in get_updates
    json_updates = apihelper.get_updates(self.token, offset, limit, timeout, allowed_updates, long_polling_timeout)
                   ^^^^^^^^^^^^^^^^^^^^^^^^^^^^^^^^^^^^^^^^^^^^^^^^^^^^^^^^^^^^^^^^^^^^^^^^^^^^^^^^^^^^^^^^^^^^^^^^
  File "/home/goida/.local/lib/python3.11/site-packages/telebot/apihelper.py", line 321, in get_updates
    return _make_request(token, method_url, params=payload)
           ^^^^^^^^^^^^^^^^^^^^^^^^^^^^^^^^^^^^^^^^^^^^^^^^
  File "/home/goida/.local/lib/python3.11/site-packages/telebot/apihelper.py", line 162, in _make_request
    json_result = _check_result(method_name, result)
                  ^^^^^^^^^^^^^^^^^^^^^^^^^^^^^^^^^^
  File "/home/goida/.local/lib/python3.11/site-packages/telebot/apihelper.py", line 189, in _check_result
    raise ApiTelegramException(method_name, result, result_json)
telebot.apihelper.ApiTelegramException: A request to the Telegram API was unsuccessful. Error code: 409. Description: Conflict: terminated by other getUpdates request; make sure that only one bot instance is running

2026-01-31 08:59:54,687 - TeleBot - ERROR - Threaded polling exception: A request to the Telegram API was unsuccessful. Error code: 409. Description: Conflict: terminated by other getUpdates request; make sure that only one bot instance is running
2026-01-31 08:59:54,687 - TeleBot - ERROR - Exception traceback:
Traceback (most recent call last):
  File "/home/goida/.local/lib/python3.11/site-packages/telebot/__init__.py", line 1073, in __threaded_polling
    polling_thread.raise_exceptions()
  File "/home/goida/.local/lib/python3.11/site-packages/telebot/util.py", line 108, in raise_exceptions
    raise self.exception_info
  File "/home/goida/.local/lib/python3.11/site-packages/telebot/util.py", line 90, in run
    task(*args, **kwargs)
  File "/home/goida/.local/lib/python3.11/site-packages/telebot/__init__.py", line 649, in __retrieve_updates
    updates = self.get_updates(offset=(self.last_update_id + 1),
             ^^^^^^^^^^^^^^^^^^^^^^^^^^^^^^^^^^^^^^^^^^^^^^^^^^
  File "/home/goida/.local/lib/python3.11/site-packages/telebot/__init__.py", line 623, in get_updates
    json_updates = apihelper.get_updates(self.token, offset, limit, timeout, allowed_updates, long_polling_timeout)
                   ^^^^^^^^^^^^^^^^^^^^^^^^^^^^^^^^^^^^^^^^^^^^^^^^^^^^^^^^^^^^^^^^^^^^^^^^^^^^^^^^^^^^^^^^^^^^^^^^
  File "/home/goida/.local/lib/python3.11/site-packages/telebot/apihelper.py", line 321, in get_updates
    return _make_request(token, method_url, params=payload)
           ^^^^^^^^^^^^^^^^^^^^^^^^^^^^^^^^^^^^^^^^^^^^^^^^
  File "/home/goida/.local/lib/python3.11/site-packages/telebot/apihelper.py", line 162, in _make_request
    json_result = _check_result(method_name, result)
                  ^^^^^^^^^^^^^^^^^^^^^^^^^^^^^^^^^^
  File "/home/goida/.local/lib/python3.11/site-packages/telebot/apihelper.py", line 189, in _check_result
    raise ApiTelegramException(method_name, result, result_json)
telebot.apihelper.ApiTelegramException: A request to the Telegram API was unsuccessful. Error code: 409. Description: Conflict: terminated by other getUpdates request; make sure that only one bot instance is running

2026-01-31 08:59:57,983 - TeleBot - ERROR - Threaded polling exception: A request to the Telegram API was unsuccessful. Error code: 409. Description: Conflict: terminated by other getUpdates request; make sure that only one bot instance is running
2026-01-31 08:59:57,984 - TeleBot - ERROR - Exception traceback:
Traceback (most recent call last):
  File "/home/goida/.local/lib/python3.11/site-packages/telebot/__init__.py", line 1073, in __threaded_polling
    polling_thread.raise_exceptions()
  File "/home/goida/.local/lib/python3.11/site-packages/telebot/util.py", line 108, in raise_exceptions
    raise self.exception_info
  File "/home/goida/.local/lib/python3.11/site-packages/telebot/util.py", line 90, in run
    task(*args, **kwargs)
  File "/home/goida/.local/lib/python3.11/site-packages/telebot/__init__.py", line 649, in __retrieve_updates
    updates = self.get_updates(offset=(self.last_update_id + 1),
             ^^^^^^^^^^^^^^^^^^^^^^^^^^^^^^^^^^^^^^^^^^^^^^^^^^
  File "/home/goida/.local/lib/python3.11/site-packages/telebot/__init__.py", line 623, in get_updates
    json_updates = apihelper.get_updates(self.token, offset, limit, timeout, allowed_updates, long_polling_timeout)
                   ^^^^^^^^^^^^^^^^^^^^^^^^^^^^^^^^^^^^^^^^^^^^^^^^^^^^^^^^^^^^^^^^^^^^^^^^^^^^^^^^^^^^^^^^^^^^^^^^
  File "/home/goida/.local/lib/python3.11/site-packages/telebot/apihelper.py", line 321, in get_updates
    return _make_request(token, method_url, params=payload)
           ^^^^^^^^^^^^^^^^^^^^^^^^^^^^^^^^^^^^^^^^^^^^^^^^
  File "/home/goida/.local/lib/python3.11/site-packages/telebot/apihelper.py", line 162, in _make_request
    json_result = _check_result(method_name, result)
                  ^^^^^^^^^^^^^^^^^^^^^^^^^^^^^^^^^^
  File "/home/goida/.local/lib/python3.11/site-packages/telebot/apihelper.py", line 189, in _check_result
    raise ApiTelegramException(method_name, result, result_json)
telebot.apihelper.ApiTelegramException: A request to the Telegram API was unsuccessful. Error code: 409. Description: Conflict: terminated by other getUpdates request; make sure that only one bot instance is running

2026-01-31 09:00:58,146 - TeleBot - ERROR - Threaded polling exception: A request to the Telegram API was unsuccessful. Error code: 409. Description: Conflict: terminated by other getUpdates request; make sure that only one bot instance is running
2026-01-31 09:00:58,147 - TeleBot - ERROR - Exception traceback:
Traceback (most recent call last):
  File "/home/goida/.local/lib/python3.11/site-packages/telebot/__init__.py", line 1073, in __threaded_polling
    polling_thread.raise_exceptions()
  File "/home/goida/.local/lib/python3.11/site-packages/telebot/util.py", line 108, in raise_exceptions
    raise self.exception_info
  File "/home/goida/.local/lib/python3.11/site-packages/telebot/util.py", line 90, in run
    task(*args, **kwargs)
  File "/home/goida/.local/lib/python3.11/site-packages/telebot/__init__.py", line 649, in __retrieve_updates
    updates = self.get_updates(offset=(self.last_update_id + 1),
             ^^^^^^^^^^^^^^^^^^^^^^^^^^^^^^^^^^^^^^^^^^^^^^^^^^
  File "/home/goida/.local/lib/python3.11/site-packages/telebot/__init__.py", line 623, in get_updates
    json_updates = apihelper.get_updates(self.token, offset, limit, timeout, allowed_updates, long_polling_timeout)
                   ^^^^^^^^^^^^^^^^^^^^^^^^^^^^^^^^^^^^^^^^^^^^^^^^^^^^^^^^^^^^^^^^^^^^^^^^^^^^^^^^^^^^^^^^^^^^^^^^
  File "/home/goida/.local/lib/python3.11/site-packages/telebot/apihelper.py", line 321, in get_updates
    return _make_request(token, method_url, params=payload)
           ^^^^^^^^^^^^^^^^^^^^^^^^^^^^^^^^^^^^^^^^^^^^^^^^
  File "/home/goida/.local/lib/python3.11/site-packages/telebot/apihelper.py", line 162, in _make_request
    json_result = _check_result(method_name, result)
                  ^^^^^^^^^^^^^^^^^^^^^^^^^^^^^^^^^^
  File "/home/goida/.local/lib/python3.11/site-packages/telebot/apihelper.py", line 189, in _check_result
    raise ApiTelegramException(method_name, result, result_json)
telebot.apihelper.ApiTelegramException: A request to the Telegram API was unsuccessful. Error code: 409. Description: Conflict: terminated by other getUpdates request; make sure that only one bot instance is running

2026-01-31 09:01:01,446 - TeleBot - ERROR - Threaded polling exception: A request to the Telegram API was unsuccessful. Error code: 409. Description: Conflict: terminated by other getUpdates request; make sure that only one bot instance is running
2026-01-31 09:01:01,447 - TeleBot - ERROR - Exception traceback:
Traceback (most recent call last):
  File "/home/goida/.local/lib/python3.11/site-packages/telebot/__init__.py", line 1073, in __threaded_polling
    polling_thread.raise_exceptions()
  File "/home/goida/.local/lib/python3.11/site-packages/telebot/util.py", line 108, in raise_exceptions
    raise self.exception_info
  File "/home/goida/.local/lib/python3.11/site-packages/telebot/util.py", line 90, in run
    task(*args, **kwargs)
  File "/home/goida/.local/lib/python3.11/site-packages/telebot/__init__.py", line 649, in __retrieve_updates
    updates = self.get_updates(offset=(self.last_update_id + 1),
             ^^^^^^^^^^^^^^^^^^^^^^^^^^^^^^^^^^^^^^^^^^^^^^^^^^
  File "/home/goida/.local/lib/python3.11/site-packages/telebot/__init__.py", line 623, in get_updates
    json_updates = apihelper.get_updates(self.token, offset, limit, timeout, allowed_updates, long_polling_timeout)
                   ^^^^^^^^^^^^^^^^^^^^^^^^^^^^^^^^^^^^^^^^^^^^^^^^^^^^^^^^^^^^^^^^^^^^^^^^^^^^^^^^^^^^^^^^^^^^^^^^
  File "/home/goida/.local/lib/python3.11/site-packages/telebot/apihelper.py", line 321, in get_updates
    return _make_request(token, method_url, params=payload)
           ^^^^^^^^^^^^^^^^^^^^^^^^^^^^^^^^^^^^^^^^^^^^^^^^
  File "/home/goida/.local/lib/python3.11/site-packages/telebot/apihelper.py", line 162, in _make_request
    json_result = _check_result(method_name, result)
                  ^^^^^^^^^^^^^^^^^^^^^^^^^^^^^^^^^^
  File "/home/goida/.local/lib/python3.11/site-packages/telebot/apihelper.py", line 189, in _check_result
    raise ApiTelegramException(method_name, result, result_json)
telebot.apihelper.ApiTelegramException: A request to the Telegram API was unsuccessful. Error code: 409. Description: Conflict: terminated by other getUpdates request; make sure that only one bot instance is running

2026-01-31 09:02:01,495 - TeleBot - ERROR - Threaded polling exception: A request to the Telegram API was unsuccessful. Error code: 409. Description: Conflict: terminated by other getUpdates request; make sure that only one bot instance is running
2026-01-31 09:02:01,496 - TeleBot - ERROR - Exception traceback:
Traceback (most recent call last):
  File "/home/goida/.local/lib/python3.11/site-packages/telebot/__init__.py", line 1073, in __threaded_polling
    polling_thread.raise_exceptions()
  File "/home/goida/.local/lib/python3.11/site-packages/telebot/util.py", line 108, in raise_exceptions
    raise self.exception_info
  File "/home/goida/.local/lib/python3.11/site-packages/telebot/util.py", line 90, in run
    task(*args, **kwargs)
  File "/home/goida/.local/lib/python3.11/site-packages/telebot/__init__.py", line 649, in __retrieve_updates
    updates = self.get_updates(offset=(self.last_update_id + 1),
             ^^^^^^^^^^^^^^^^^^^^^^^^^^^^^^^^^^^^^^^^^^^^^^^^^^
  File "/home/goida/.local/lib/python3.11/site-packages/telebot/__init__.py", line 623, in get_updates
    json_updates = apihelper.get_updates(self.token, offset, limit, timeout, allowed_updates, long_polling_timeout)
                   ^^^^^^^^^^^^^^^^^^^^^^^^^^^^^^^^^^^^^^^^^^^^^^^^^^^^^^^^^^^^^^^^^^^^^^^^^^^^^^^^^^^^^^^^^^^^^^^^
  File "/home/goida/.local/lib/python3.11/site-packages/telebot/apihelper.py", line 321, in get_updates
    return _make_request(token, method_url, params=payload)
           ^^^^^^^^^^^^^^^^^^^^^^^^^^^^^^^^^^^^^^^^^^^^^^^^
  File "/home/goida/.local/lib/python3.11/site-packages/telebot/apihelper.py", line 162, in _make_request
    json_result = _check_result(method_name, result)
                  ^^^^^^^^^^^^^^^^^^^^^^^^^^^^^^^^^^
  File "/home/goida/.local/lib/python3.11/site-packages/telebot/apihelper.py", line 189, in _check_result
    raise ApiTelegramException(method_name, result, result_json)
telebot.apihelper.ApiTelegramException: A request to the Telegram API was unsuccessful. Error code: 409. Description: Conflict: terminated by other getUpdates request; make sure that only one bot instance is running

2026-01-31 09:02:04,793 - TeleBot - ERROR - Threaded polling exception: A request to the Telegram API was unsuccessful. Error code: 409. Description: Conflict: terminated by other getUpdates request; make sure that only one bot instance is running
2026-01-31 09:02:04,794 - TeleBot - ERROR - Exception traceback:
Traceback (most recent call last):
  File "/home/goida/.local/lib/python3.11/site-packages/telebot/__init__.py", line 1073, in __threaded_polling
    polling_thread.raise_exceptions()
  File "/home/goida/.local/lib/python3.11/site-packages/telebot/util.py", line 108, in raise_exceptions
    raise self.exception_info
  File "/home/goida/.local/lib/python3.11/site-packages/telebot/util.py", line 90, in run
    task(*args, **kwargs)
  File "/home/goida/.local/lib/python3.11/site-packages/telebot/__init__.py", line 649, in __retrieve_updates
    updates = self.get_updates(offset=(self.last_update_id + 1),
             ^^^^^^^^^^^^^^^^^^^^^^^^^^^^^^^^^^^^^^^^^^^^^^^^^^
  File "/home/goida/.local/lib/python3.11/site-packages/telebot/__init__.py", line 623, in get_updates
    json_updates = apihelper.get_updates(self.token, offset, limit, timeout, allowed_updates, long_polling_timeout)
                   ^^^^^^^^^^^^^^^^^^^^^^^^^^^^^^^^^^^^^^^^^^^^^^^^^^^^^^^^^^^^^^^^^^^^^^^^^^^^^^^^^^^^^^^^^^^^^^^^
  File "/home/goida/.local/lib/python3.11/site-packages/telebot/apihelper.py", line 321, in get_updates
    return _make_request(token, method_url, params=payload)
           ^^^^^^^^^^^^^^^^^^^^^^^^^^^^^^^^^^^^^^^^^^^^^^^^
  File "/home/goida/.local/lib/python3.11/site-packages/telebot/apihelper.py", line 162, in _make_request
    json_result = _check_result(method_name, result)
                  ^^^^^^^^^^^^^^^^^^^^^^^^^^^^^^^^^^
  File "/home/goida/.local/lib/python3.11/site-packages/telebot/apihelper.py", line 189, in _check_result
    raise ApiTelegramException(method_name, result, result_json)
telebot.apihelper.ApiTelegramException: A request to the Telegram API was unsuccessful. Error code: 409. Description: Conflict: terminated by other getUpdates request; make sure that only one bot instance is running

2026-01-31 09:03:04,850 - TeleBot - ERROR - Threaded polling exception: A request to the Telegram API was unsuccessful. Error code: 409. Description: Conflict: terminated by other getUpdates request; make sure that only one bot instance is running
2026-01-31 09:03:04,850 - TeleBot - ERROR - Exception traceback:
Traceback (most recent call last):
  File "/home/goida/.local/lib/python3.11/site-packages/telebot/__init__.py", line 1073, in __threaded_polling
    polling_thread.raise_exceptions()
  File "/home/goida/.local/lib/python3.11/site-packages/telebot/util.py", line 108, in raise_exceptions
    raise self.exception_info
  File "/home/goida/.local/lib/python3.11/site-packages/telebot/util.py", line 90, in run
    task(*args, **kwargs)
  File "/home/goida/.local/lib/python3.11/site-packages/telebot/__init__.py", line 649, in __retrieve_updates
    updates = self.get_updates(offset=(self.last_update_id + 1),
             ^^^^^^^^^^^^^^^^^^^^^^^^^^^^^^^^^^^^^^^^^^^^^^^^^^
  File "/home/goida/.local/lib/python3.11/site-packages/telebot/__init__.py", line 623, in get_updates
    json_updates = apihelper.get_updates(self.token, offset, limit, timeout, allowed_updates, long_polling_timeout)
                   ^^^^^^^^^^^^^^^^^^^^^^^^^^^^^^^^^^^^^^^^^^^^^^^^^^^^^^^^^^^^^^^^^^^^^^^^^^^^^^^^^^^^^^^^^^^^^^^^
  File "/home/goida/.local/lib/python3.11/site-packages/telebot/apihelper.py", line 321, in get_updates
    return _make_request(token, method_url, params=payload)
           ^^^^^^^^^^^^^^^^^^^^^^^^^^^^^^^^^^^^^^^^^^^^^^^^
  File "/home/goida/.local/lib/python3.11/site-packages/telebot/apihelper.py", line 162, in _make_request
    json_result = _check_result(method_name, result)
                  ^^^^^^^^^^^^^^^^^^^^^^^^^^^^^^^^^^
  File "/home/goida/.local/lib/python3.11/site-packages/telebot/apihelper.py", line 189, in _check_result
    raise ApiTelegramException(method_name, result, result_json)
telebot.apihelper.ApiTelegramException: A request to the Telegram API was unsuccessful. Error code: 409. Description: Conflict: terminated by other getUpdates request; make sure that only one bot instance is running

2026-01-31 09:03:08,146 - TeleBot - ERROR - Threaded polling exception: A request to the Telegram API was unsuccessful. Error code: 409. Description: Conflict: terminated by other getUpdates request; make sure that only one bot instance is running
2026-01-31 09:03:08,147 - TeleBot - ERROR - Exception traceback:
Traceback (most recent call last):
  File "/home/goida/.local/lib/python3.11/site-packages/telebot/__init__.py", line 1073, in __threaded_polling
    polling_thread.raise_exceptions()
  File "/home/goida/.local/lib/python3.11/site-packages/telebot/util.py", line 108, in raise_exceptions
    raise self.exception_info
  File "/home/goida/.local/lib/python3.11/site-packages/telebot/util.py", line 90, in run
    task(*args, **kwargs)
  File "/home/goida/.local/lib/python3.11/site-packages/telebot/__init__.py", line 649, in __retrieve_updates
    updates = self.get_updates(offset=(self.last_update_id + 1),
             ^^^^^^^^^^^^^^^^^^^^^^^^^^^^^^^^^^^^^^^^^^^^^^^^^^
  File "/home/goida/.local/lib/python3.11/site-packages/telebot/__init__.py", line 623, in get_updates
    json_updates = apihelper.get_updates(self.token, offset, limit, timeout, allowed_updates, long_polling_timeout)
                   ^^^^^^^^^^^^^^^^^^^^^^^^^^^^^^^^^^^^^^^^^^^^^^^^^^^^^^^^^^^^^^^^^^^^^^^^^^^^^^^^^^^^^^^^^^^^^^^^
  File "/home/goida/.local/lib/python3.11/site-packages/telebot/apihelper.py", line 321, in get_updates
    return _make_request(token, method_url, params=payload)
           ^^^^^^^^^^^^^^^^^^^^^^^^^^^^^^^^^^^^^^^^^^^^^^^^
  File "/home/goida/.local/lib/python3.11/site-packages/telebot/apihelper.py", line 162, in _make_request
    json_result = _check_result(method_name, result)
                  ^^^^^^^^^^^^^^^^^^^^^^^^^^^^^^^^^^
  File "/home/goida/.local/lib/python3.11/site-packages/telebot/apihelper.py", line 189, in _check_result
    raise ApiTelegramException(method_name, result, result_json)
telebot.apihelper.ApiTelegramException: A request to the Telegram API was unsuccessful. Error code: 409. Description: Conflict: terminated by other getUpdates request; make sure that only one bot instance is running

2026-01-31 09:04:08,193 - TeleBot - ERROR - Threaded polling exception: A request to the Telegram API was unsuccessful. Error code: 409. Description: Conflict: terminated by other getUpdates request; make sure that only one bot instance is running
2026-01-31 09:04:08,194 - TeleBot - ERROR - Exception traceback:
Traceback (most recent call last):
  File "/home/goida/.local/lib/python3.11/site-packages/telebot/__init__.py", line 1073, in __threaded_polling
    polling_thread.raise_exceptions()
  File "/home/goida/.local/lib/python3.11/site-packages/telebot/util.py", line 108, in raise_exceptions
    raise self.exception_info
  File "/home/goida/.local/lib/python3.11/site-packages/telebot/util.py", line 90, in run
    task(*args, **kwargs)
  File "/home/goida/.local/lib/python3.11/site-packages/telebot/__init__.py", line 649, in __retrieve_updates
    updates = self.get_updates(offset=(self.last_update_id + 1),
             ^^^^^^^^^^^^^^^^^^^^^^^^^^^^^^^^^^^^^^^^^^^^^^^^^^
  File "/home/goida/.local/lib/python3.11/site-packages/telebot/__init__.py", line 623, in get_updates
    json_updates = apihelper.get_updates(self.token, offset, limit, timeout, allowed_updates, long_polling_timeout)
                   ^^^^^^^^^^^^^^^^^^^^^^^^^^^^^^^^^^^^^^^^^^^^^^^^^^^^^^^^^^^^^^^^^^^^^^^^^^^^^^^^^^^^^^^^^^^^^^^^
  File "/home/goida/.local/lib/python3.11/site-packages/telebot/apihelper.py", line 321, in get_updates
    return _make_request(token, method_url, params=payload)
           ^^^^^^^^^^^^^^^^^^^^^^^^^^^^^^^^^^^^^^^^^^^^^^^^
  File "/home/goida/.local/lib/python3.11/site-packages/telebot/apihelper.py", line 162, in _make_request
    json_result = _check_result(method_name, result)
                  ^^^^^^^^^^^^^^^^^^^^^^^^^^^^^^^^^^
  File "/home/goida/.local/lib/python3.11/site-packages/telebot/apihelper.py", line 189, in _check_result
    raise ApiTelegramException(method_name, result, result_json)
telebot.apihelper.ApiTelegramException: A request to the Telegram API was unsuccessful. Error code: 409. Description: Conflict: terminated by other getUpdates request; make sure that only one bot instance is running

2026-01-31 09:04:11,491 - TeleBot - ERROR - Threaded polling exception: A request to the Telegram API was unsuccessful. Error code: 409. Description: Conflict: terminated by other getUpdates request; make sure that only one bot instance is running
2026-01-31 09:04:11,492 - TeleBot - ERROR - Exception traceback:
Traceback (most recent call last):
  File "/home/goida/.local/lib/python3.11/site-packages/telebot/__init__.py", line 1073, in __threaded_polling
    polling_thread.raise_exceptions()
  File "/home/goida/.local/lib/python3.11/site-packages/telebot/util.py", line 108, in raise_exceptions
    raise self.exception_info
  File "/home/goida/.local/lib/python3.11/site-packages/telebot/util.py", line 90, in run
    task(*args, **kwargs)
  File "/home/goida/.local/lib/python3.11/site-packages/telebot/__init__.py", line 649, in __retrieve_updates
    updates = self.get_updates(offset=(self.last_update_id + 1),
             ^^^^^^^^^^^^^^^^^^^^^^^^^^^^^^^^^^^^^^^^^^^^^^^^^^
  File "/home/goida/.local/lib/python3.11/site-packages/telebot/__init__.py", line 623, in get_updates
    json_updates = apihelper.get_updates(self.token, offset, limit, timeout, allowed_updates, long_polling_timeout)
                   ^^^^^^^^^^^^^^^^^^^^^^^^^^^^^^^^^^^^^^^^^^^^^^^^^^^^^^^^^^^^^^^^^^^^^^^^^^^^^^^^^^^^^^^^^^^^^^^^
  File "/home/goida/.local/lib/python3.11/site-packages/telebot/apihelper.py", line 321, in get_updates
    return _make_request(token, method_url, params=payload)
           ^^^^^^^^^^^^^^^^^^^^^^^^^^^^^^^^^^^^^^^^^^^^^^^^
  File "/home/goida/.local/lib/python3.11/site-packages/telebot/apihelper.py", line 162, in _make_request
    json_result = _check_result(method_name, result)
                  ^^^^^^^^^^^^^^^^^^^^^^^^^^^^^^^^^^
  File "/home/goida/.local/lib/python3.11/site-packages/telebot/apihelper.py", line 189, in _check_result
    raise ApiTelegramException(method_name, result, result_json)
telebot.apihelper.ApiTelegramException: A request to the Telegram API was unsuccessful. Error code: 409. Description: Conflict: terminated by other getUpdates request; make sure that only one bot instance is running

2026-01-31 09:05:11,539 - TeleBot - ERROR - Threaded polling exception: A request to the Telegram API was unsuccessful. Error code: 409. Description: Conflict: terminated by other getUpdates request; make sure that only one bot instance is running
2026-01-31 09:05:11,540 - TeleBot - ERROR - Exception traceback:
Traceback (most recent call last):
  File "/home/goida/.local/lib/python3.11/site-packages/telebot/__init__.py", line 1073, in __threaded_polling
    polling_thread.raise_exceptions()
  File "/home/goida/.local/lib/python3.11/site-packages/telebot/util.py", line 108, in raise_exceptions
    raise self.exception_info
  File "/home/goida/.local/lib/python3.11/site-packages/telebot/util.py", line 90, in run
    task(*args, **kwargs)
  File "/home/goida/.local/lib/python3.11/site-packages/telebot/__init__.py", line 649, in __retrieve_updates
    updates = self.get_updates(offset=(self.last_update_id + 1),
             ^^^^^^^^^^^^^^^^^^^^^^^^^^^^^^^^^^^^^^^^^^^^^^^^^^
  File "/home/goida/.local/lib/python3.11/site-packages/telebot/__init__.py", line 623, in get_updates
    json_updates = apihelper.get_updates(self.token, offset, limit, timeout, allowed_updates, long_polling_timeout)
                   ^^^^^^^^^^^^^^^^^^^^^^^^^^^^^^^^^^^^^^^^^^^^^^^^^^^^^^^^^^^^^^^^^^^^^^^^^^^^^^^^^^^^^^^^^^^^^^^^
  File "/home/goida/.local/lib/python3.11/site-packages/telebot/apihelper.py", line 321, in get_updates
    return _make_request(token, method_url, params=payload)
           ^^^^^^^^^^^^^^^^^^^^^^^^^^^^^^^^^^^^^^^^^^^^^^^^
  File "/home/goida/.local/lib/python3.11/site-packages/telebot/apihelper.py", line 162, in _make_request
    json_result = _check_result(method_name, result)
                  ^^^^^^^^^^^^^^^^^^^^^^^^^^^^^^^^^^
  File "/home/goida/.local/lib/python3.11/site-packages/telebot/apihelper.py", line 189, in _check_result
    raise ApiTelegramException(method_name, result, result_json)
telebot.apihelper.ApiTelegramException: A request to the Telegram API was unsuccessful. Error code: 409. Description: Conflict: terminated by other getUpdates request; make sure that only one bot instance is running

2026-01-31 09:05:14,837 - TeleBot - ERROR - Threaded polling exception: A request to the Telegram API was unsuccessful. Error code: 409. Description: Conflict: terminated by other getUpdates request; make sure that only one bot instance is running
2026-01-31 09:05:14,838 - TeleBot - ERROR - Exception traceback:
Traceback (most recent call last):
  File "/home/goida/.local/lib/python3.11/site-packages/telebot/__init__.py", line 1073, in __threaded_polling
    polling_thread.raise_exceptions()
  File "/home/goida/.local/lib/python3.11/site-packages/telebot/util.py", line 108, in raise_exceptions
    raise self.exception_info
  File "/home/goida/.local/lib/python3.11/site-packages/telebot/util.py", line 90, in run
    task(*args, **kwargs)
  File "/home/goida/.local/lib/python3.11/site-packages/telebot/__init__.py", line 649, in __retrieve_updates
    updates = self.get_updates(offset=(self.last_update_id + 1),
             ^^^^^^^^^^^^^^^^^^^^^^^^^^^^^^^^^^^^^^^^^^^^^^^^^^
  File "/home/goida/.local/lib/python3.11/site-packages/telebot/__init__.py", line 623, in get_updates
    json_updates = apihelper.get_updates(self.token, offset, limit, timeout, allowed_updates, long_polling_timeout)
                   ^^^^^^^^^^^^^^^^^^^^^^^^^^^^^^^^^^^^^^^^^^^^^^^^^^^^^^^^^^^^^^^^^^^^^^^^^^^^^^^^^^^^^^^^^^^^^^^^
  File "/home/goida/.local/lib/python3.11/site-packages/telebot/apihelper.py", line 321, in get_updates
    return _make_request(token, method_url, params=payload)
           ^^^^^^^^^^^^^^^^^^^^^^^^^^^^^^^^^^^^^^^^^^^^^^^^
  File "/home/goida/.local/lib/python3.11/site-packages/telebot/apihelper.py", line 162, in _make_request
    json_result = _check_result(method_name, result)
                  ^^^^^^^^^^^^^^^^^^^^^^^^^^^^^^^^^^
  File "/home/goida/.local/lib/python3.11/site-packages/telebot/apihelper.py", line 189, in _check_result
    raise ApiTelegramException(method_name, result, result_json)
telebot.apihelper.ApiTelegramException: A request to the Telegram API was unsuccessful. Error code: 409. Description: Conflict: terminated by other getUpdates request; make sure that only one bot instance is running

2026-01-31 09:06:14,886 - TeleBot - ERROR - Threaded polling exception: A request to the Telegram API was unsuccessful. Error code: 409. Description: Conflict: terminated by other getUpdates request; make sure that only one bot instance is running
2026-01-31 09:06:14,887 - TeleBot - ERROR - Exception traceback:
Traceback (most recent call last):
  File "/home/goida/.local/lib/python3.11/site-packages/telebot/__init__.py", line 1073, in __threaded_polling
    polling_thread.raise_exceptions()
  File "/home/goida/.local/lib/python3.11/site-packages/telebot/util.py", line 108, in raise_exceptions
    raise self.exception_info
  File "/home/goida/.local/lib/python3.11/site-packages/telebot/util.py", line 90, in run
    task(*args, **kwargs)
  File "/home/goida/.local/lib/python3.11/site-packages/telebot/__init__.py", line 649, in __retrieve_updates
    updates = self.get_updates(offset=(self.last_update_id + 1),
             ^^^^^^^^^^^^^^^^^^^^^^^^^^^^^^^^^^^^^^^^^^^^^^^^^^
  File "/home/goida/.local/lib/python3.11/site-packages/telebot/__init__.py", line 623, in get_updates
    json_updates = apihelper.get_updates(self.token, offset, limit, timeout, allowed_updates, long_polling_timeout)
                   ^^^^^^^^^^^^^^^^^^^^^^^^^^^^^^^^^^^^^^^^^^^^^^^^^^^^^^^^^^^^^^^^^^^^^^^^^^^^^^^^^^^^^^^^^^^^^^^^
  File "/home/goida/.local/lib/python3.11/site-packages/telebot/apihelper.py", line 321, in get_updates
    return _make_request(token, method_url, params=payload)
           ^^^^^^^^^^^^^^^^^^^^^^^^^^^^^^^^^^^^^^^^^^^^^^^^
  File "/home/goida/.local/lib/python3.11/site-packages/telebot/apihelper.py", line 162, in _make_request
    json_result = _check_result(method_name, result)
                  ^^^^^^^^^^^^^^^^^^^^^^^^^^^^^^^^^^
  File "/home/goida/.local/lib/python3.11/site-packages/telebot/apihelper.py", line 189, in _check_result
    raise ApiTelegramException(method_name, result, result_json)
telebot.apihelper.ApiTelegramException: A request to the Telegram API was unsuccessful. Error code: 409. Description: Conflict: terminated by other getUpdates request; make sure that only one bot instance is running

2026-01-31 09:06:18,187 - TeleBot - ERROR - Threaded polling exception: A request to the Telegram API was unsuccessful. Error code: 409. Description: Conflict: terminated by other getUpdates request; make sure that only one bot instance is running
2026-01-31 09:06:18,188 - TeleBot - ERROR - Exception traceback:
Traceback (most recent call last):
  File "/home/goida/.local/lib/python3.11/site-packages/telebot/__init__.py", line 1073, in __threaded_polling
    polling_thread.raise_exceptions()
  File "/home/goida/.local/lib/python3.11/site-packages/telebot/util.py", line 108, in raise_exceptions
    raise self.exception_info
  File "/home/goida/.local/lib/python3.11/site-packages/telebot/util.py", line 90, in run
    task(*args, **kwargs)
  File "/home/goida/.local/lib/python3.11/site-packages/telebot/__init__.py", line 649, in __retrieve_updates
    updates = self.get_updates(offset=(self.last_update_id + 1),
             ^^^^^^^^^^^^^^^^^^^^^^^^^^^^^^^^^^^^^^^^^^^^^^^^^^
  File "/home/goida/.local/lib/python3.11/site-packages/telebot/__init__.py", line 623, in get_updates
    json_updates = apihelper.get_updates(self.token, offset, limit, timeout, allowed_updates, long_polling_timeout)
                   ^^^^^^^^^^^^^^^^^^^^^^^^^^^^^^^^^^^^^^^^^^^^^^^^^^^^^^^^^^^^^^^^^^^^^^^^^^^^^^^^^^^^^^^^^^^^^^^^
  File "/home/goida/.local/lib/python3.11/site-packages/telebot/apihelper.py", line 321, in get_updates
    return _make_request(token, method_url, params=payload)
           ^^^^^^^^^^^^^^^^^^^^^^^^^^^^^^^^^^^^^^^^^^^^^^^^
  File "/home/goida/.local/lib/python3.11/site-packages/telebot/apihelper.py", line 162, in _make_request
    json_result = _check_result(method_name, result)
                  ^^^^^^^^^^^^^^^^^^^^^^^^^^^^^^^^^^
  File "/home/goida/.local/lib/python3.11/site-packages/telebot/apihelper.py", line 189, in _check_result
    raise ApiTelegramException(method_name, result, result_json)
telebot.apihelper.ApiTelegramException: A request to the Telegram API was unsuccessful. Error code: 409. Description: Conflict: terminated by other getUpdates request; make sure that only one bot instance is running

2026-01-31 09:07:18,529 - TeleBot - ERROR - Threaded polling exception: A request to the Telegram API was unsuccessful. Error code: 409. Description: Conflict: terminated by other getUpdates request; make sure that only one bot instance is running
2026-01-31 09:07:18,530 - TeleBot - ERROR - Exception traceback:
Traceback (most recent call last):
  File "/home/goida/.local/lib/python3.11/site-packages/telebot/__init__.py", line 1073, in __threaded_polling
    polling_thread.raise_exceptions()
  File "/home/goida/.local/lib/python3.11/site-packages/telebot/util.py", line 108, in raise_exceptions
    raise self.exception_info
  File "/home/goida/.local/lib/python3.11/site-packages/telebot/util.py", line 90, in run
    task(*args, **kwargs)
  File "/home/goida/.local/lib/python3.11/site-packages/telebot/__init__.py", line 649, in __retrieve_updates
    updates = self.get_updates(offset=(self.last_update_id + 1),
             ^^^^^^^^^^^^^^^^^^^^^^^^^^^^^^^^^^^^^^^^^^^^^^^^^^
  File "/home/goida/.local/lib/python3.11/site-packages/telebot/__init__.py", line 623, in get_updates
    json_updates = apihelper.get_updates(self.token, offset, limit, timeout, allowed_updates, long_polling_timeout)
                   ^^^^^^^^^^^^^^^^^^^^^^^^^^^^^^^^^^^^^^^^^^^^^^^^^^^^^^^^^^^^^^^^^^^^^^^^^^^^^^^^^^^^^^^^^^^^^^^^
  File "/home/goida/.local/lib/python3.11/site-packages/telebot/apihelper.py", line 321, in get_updates
    return _make_request(token, method_url, params=payload)
           ^^^^^^^^^^^^^^^^^^^^^^^^^^^^^^^^^^^^^^^^^^^^^^^^
  File "/home/goida/.local/lib/python3.11/site-packages/telebot/apihelper.py", line 162, in _make_request
    json_result = _check_result(method_name, result)
                  ^^^^^^^^^^^^^^^^^^^^^^^^^^^^^^^^^^
  File "/home/goida/.local/lib/python3.11/site-packages/telebot/apihelper.py", line 189, in _check_result
    raise ApiTelegramException(method_name, result, result_json)
telebot.apihelper.ApiTelegramException: A request to the Telegram API was unsuccessful. Error code: 409. Description: Conflict: terminated by other getUpdates request; make sure that only one bot instance is running

2026-01-31 09:07:21,826 - TeleBot - ERROR - Threaded polling exception: A request to the Telegram API was unsuccessful. Error code: 409. Description: Conflict: terminated by other getUpdates request; make sure that only one bot instance is running
2026-01-31 09:07:21,828 - TeleBot - ERROR - Exception traceback:
Traceback (most recent call last):
  File "/home/goida/.local/lib/python3.11/site-packages/telebot/__init__.py", line 1073, in __threaded_polling
    polling_thread.raise_exceptions()
  File "/home/goida/.local/lib/python3.11/site-packages/telebot/util.py", line 108, in raise_exceptions
    raise self.exception_info
  File "/home/goida/.local/lib/python3.11/site-packages/telebot/util.py", line 90, in run
    task(*args, **kwargs)
  File "/home/goida/.local/lib/python3.11/site-packages/telebot/__init__.py", line 649, in __retrieve_updates
    updates = self.get_updates(offset=(self.last_update_id + 1),
             ^^^^^^^^^^^^^^^^^^^^^^^^^^^^^^^^^^^^^^^^^^^^^^^^^^
  File "/home/goida/.local/lib/python3.11/site-packages/telebot/__init__.py", line 623, in get_updates
    json_updates = apihelper.get_updates(self.token, offset, limit, timeout, allowed_updates, long_polling_timeout)
                   ^^^^^^^^^^^^^^^^^^^^^^^^^^^^^^^^^^^^^^^^^^^^^^^^^^^^^^^^^^^^^^^^^^^^^^^^^^^^^^^^^^^^^^^^^^^^^^^^
  File "/home/goida/.local/lib/python3.11/site-packages/telebot/apihelper.py", line 321, in get_updates
    return _make_request(token, method_url, params=payload)
           ^^^^^^^^^^^^^^^^^^^^^^^^^^^^^^^^^^^^^^^^^^^^^^^^
  File "/home/goida/.local/lib/python3.11/site-packages/telebot/apihelper.py", line 162, in _make_request
    json_result = _check_result(method_name, result)
                  ^^^^^^^^^^^^^^^^^^^^^^^^^^^^^^^^^^
  File "/home/goida/.local/lib/python3.11/site-packages/telebot/apihelper.py", line 189, in _check_result
    raise ApiTelegramException(method_name, result, result_json)
telebot.apihelper.ApiTelegramException: A request to the Telegram API was unsuccessful. Error code: 409. Description: Conflict: terminated by other getUpdates request; make sure that only one bot instance is running

2026-01-31 09:08:21,875 - TeleBot - ERROR - Threaded polling exception: A request to the Telegram API was unsuccessful. Error code: 409. Description: Conflict: terminated by other getUpdates request; make sure that only one bot instance is running
2026-01-31 09:08:21,876 - TeleBot - ERROR - Exception traceback:
Traceback (most recent call last):
  File "/home/goida/.local/lib/python3.11/site-packages/telebot/__init__.py", line 1073, in __threaded_polling
    polling_thread.raise_exceptions()
  File "/home/goida/.local/lib/python3.11/site-packages/telebot/util.py", line 108, in raise_exceptions
    raise self.exception_info
  File "/home/goida/.local/lib/python3.11/site-packages/telebot/util.py", line 90, in run
    task(*args, **kwargs)
  File "/home/goida/.local/lib/python3.11/site-packages/telebot/__init__.py", line 649, in __retrieve_updates
    updates = self.get_updates(offset=(self.last_update_id + 1),
             ^^^^^^^^^^^^^^^^^^^^^^^^^^^^^^^^^^^^^^^^^^^^^^^^^^
  File "/home/goida/.local/lib/python3.11/site-packages/telebot/__init__.py", line 623, in get_updates
    json_updates = apihelper.get_updates(self.token, offset, limit, timeout, allowed_updates, long_polling_timeout)
                   ^^^^^^^^^^^^^^^^^^^^^^^^^^^^^^^^^^^^^^^^^^^^^^^^^^^^^^^^^^^^^^^^^^^^^^^^^^^^^^^^^^^^^^^^^^^^^^^^
  File "/home/goida/.local/lib/python3.11/site-packages/telebot/apihelper.py", line 321, in get_updates
    return _make_request(token, method_url, params=payload)
           ^^^^^^^^^^^^^^^^^^^^^^^^^^^^^^^^^^^^^^^^^^^^^^^^
  File "/home/goida/.local/lib/python3.11/site-packages/telebot/apihelper.py", line 162, in _make_request
    json_result = _check_result(method_name, result)
                  ^^^^^^^^^^^^^^^^^^^^^^^^^^^^^^^^^^
  File "/home/goida/.local/lib/python3.11/site-packages/telebot/apihelper.py", line 189, in _check_result
    raise ApiTelegramException(method_name, result, result_json)
telebot.apihelper.ApiTelegramException: A request to the Telegram API was unsuccessful. Error code: 409. Description: Conflict: terminated by other getUpdates request; make sure that only one bot instance is running

2026-01-31 09:08:25,183 - TeleBot - ERROR - Threaded polling exception: A request to the Telegram API was unsuccessful. Error code: 409. Description: Conflict: terminated by other getUpdates request; make sure that only one bot instance is running
2026-01-31 09:08:25,183 - TeleBot - ERROR - Exception traceback:
Traceback (most recent call last):
  File "/home/goida/.local/lib/python3.11/site-packages/telebot/__init__.py", line 1073, in __threaded_polling
    polling_thread.raise_exceptions()
  File "/home/goida/.local/lib/python3.11/site-packages/telebot/util.py", line 108, in raise_exceptions
    raise self.exception_info
  File "/home/goida/.local/lib/python3.11/site-packages/telebot/util.py", line 90, in run
    task(*args, **kwargs)
  File "/home/goida/.local/lib/python3.11/site-packages/telebot/__init__.py", line 649, in __retrieve_updates
    updates = self.get_updates(offset=(self.last_update_id + 1),
             ^^^^^^^^^^^^^^^^^^^^^^^^^^^^^^^^^^^^^^^^^^^^^^^^^^
  File "/home/goida/.local/lib/python3.11/site-packages/telebot/__init__.py", line 623, in get_updates
    json_updates = apihelper.get_updates(self.token, offset, limit, timeout, allowed_updates, long_polling_timeout)
                   ^^^^^^^^^^^^^^^^^^^^^^^^^^^^^^^^^^^^^^^^^^^^^^^^^^^^^^^^^^^^^^^^^^^^^^^^^^^^^^^^^^^^^^^^^^^^^^^^
  File "/home/goida/.local/lib/python3.11/site-packages/telebot/apihelper.py", line 321, in get_updates
    return _make_request(token, method_url, params=payload)
           ^^^^^^^^^^^^^^^^^^^^^^^^^^^^^^^^^^^^^^^^^^^^^^^^
  File "/home/goida/.local/lib/python3.11/site-packages/telebot/apihelper.py", line 162, in _make_request
    json_result = _check_result(method_name, result)
                  ^^^^^^^^^^^^^^^^^^^^^^^^^^^^^^^^^^
  File "/home/goida/.local/lib/python3.11/site-packages/telebot/apihelper.py", line 189, in _check_result
    raise ApiTelegramException(method_name, result, result_json)
telebot.apihelper.ApiTelegramException: A request to the Telegram API was unsuccessful. Error code: 409. Description: Conflict: terminated by other getUpdates request; make sure that only one bot instance is running

2026-01-31 09:09:25,230 - TeleBot - ERROR - Threaded polling exception: A request to the Telegram API was unsuccessful. Error code: 409. Description: Conflict: terminated by other getUpdates request; make sure that only one bot instance is running
2026-01-31 09:09:25,231 - TeleBot - ERROR - Exception traceback:
Traceback (most recent call last):
  File "/home/goida/.local/lib/python3.11/site-packages/telebot/__init__.py", line 1073, in __threaded_polling
    polling_thread.raise_exceptions()
  File "/home/goida/.local/lib/python3.11/site-packages/telebot/util.py", line 108, in raise_exceptions
    raise self.exception_info
  File "/home/goida/.local/lib/python3.11/site-packages/telebot/util.py", line 90, in run
    task(*args, **kwargs)
  File "/home/goida/.local/lib/python3.11/site-packages/telebot/__init__.py", line 649, in __retrieve_updates
    updates = self.get_updates(offset=(self.last_update_id + 1),
             ^^^^^^^^^^^^^^^^^^^^^^^^^^^^^^^^^^^^^^^^^^^^^^^^^^
  File "/home/goida/.local/lib/python3.11/site-packages/telebot/__init__.py", line 623, in get_updates
    json_updates = apihelper.get_updates(self.token, offset, limit, timeout, allowed_updates, long_polling_timeout)
                   ^^^^^^^^^^^^^^^^^^^^^^^^^^^^^^^^^^^^^^^^^^^^^^^^^^^^^^^^^^^^^^^^^^^^^^^^^^^^^^^^^^^^^^^^^^^^^^^^
  File "/home/goida/.local/lib/python3.11/site-packages/telebot/apihelper.py", line 321, in get_updates
    return _make_request(token, method_url, params=payload)
           ^^^^^^^^^^^^^^^^^^^^^^^^^^^^^^^^^^^^^^^^^^^^^^^^
  File "/home/goida/.local/lib/python3.11/site-packages/telebot/apihelper.py", line 162, in _make_request
    json_result = _check_result(method_name, result)
                  ^^^^^^^^^^^^^^^^^^^^^^^^^^^^^^^^^^
  File "/home/goida/.local/lib/python3.11/site-packages/telebot/apihelper.py", line 189, in _check_result
    raise ApiTelegramException(method_name, result, result_json)
telebot.apihelper.ApiTelegramException: A request to the Telegram API was unsuccessful. Error code: 409. Description: Conflict: terminated by other getUpdates request; make sure that only one bot instance is running

2026-01-31 09:09:28,531 - TeleBot - ERROR - Threaded polling exception: A request to the Telegram API was unsuccessful. Error code: 409. Description: Conflict: terminated by other getUpdates request; make sure that only one bot instance is running
2026-01-31 09:09:28,532 - TeleBot - ERROR - Exception traceback:
Traceback (most recent call last):
  File "/home/goida/.local/lib/python3.11/site-packages/telebot/__init__.py", line 1073, in __threaded_polling
    polling_thread.raise_exceptions()
  File "/home/goida/.local/lib/python3.11/site-packages/telebot/util.py", line 108, in raise_exceptions
    raise self.exception_info
  File "/home/goida/.local/lib/python3.11/site-packages/telebot/util.py", line 90, in run
    task(*args, **kwargs)
  File "/home/goida/.local/lib/python3.11/site-packages/telebot/__init__.py", line 649, in __retrieve_updates
    updates = self.get_updates(offset=(self.last_update_id + 1),
             ^^^^^^^^^^^^^^^^^^^^^^^^^^^^^^^^^^^^^^^^^^^^^^^^^^
  File "/home/goida/.local/lib/python3.11/site-packages/telebot/__init__.py", line 623, in get_updates
    json_updates = apihelper.get_updates(self.token, offset, limit, timeout, allowed_updates, long_polling_timeout)
                   ^^^^^^^^^^^^^^^^^^^^^^^^^^^^^^^^^^^^^^^^^^^^^^^^^^^^^^^^^^^^^^^^^^^^^^^^^^^^^^^^^^^^^^^^^^^^^^^^
  File "/home/goida/.local/lib/python3.11/site-packages/telebot/apihelper.py", line 321, in get_updates
    return _make_request(token, method_url, params=payload)
           ^^^^^^^^^^^^^^^^^^^^^^^^^^^^^^^^^^^^^^^^^^^^^^^^
  File "/home/goida/.local/lib/python3.11/site-packages/telebot/apihelper.py", line 162, in _make_request
    json_result = _check_result(method_name, result)
                  ^^^^^^^^^^^^^^^^^^^^^^^^^^^^^^^^^^
  File "/home/goida/.local/lib/python3.11/site-packages/telebot/apihelper.py", line 189, in _check_result
    raise ApiTelegramException(method_name, result, result_json)
telebot.apihelper.ApiTelegramException: A request to the Telegram API was unsuccessful. Error code: 409. Description: Conflict: terminated by other getUpdates request; make sure that only one bot instance is running

2026-01-31 09:10:28,583 - TeleBot - ERROR - Threaded polling exception: A request to the Telegram API was unsuccessful. Error code: 409. Description: Conflict: terminated by other getUpdates request; make sure that only one bot instance is running
2026-01-31 09:10:28,584 - TeleBot - ERROR - Exception traceback:
Traceback (most recent call last):
  File "/home/goida/.local/lib/python3.11/site-packages/telebot/__init__.py", line 1073, in __threaded_polling
    polling_thread.raise_exceptions()
  File "/home/goida/.local/lib/python3.11/site-packages/telebot/util.py", line 108, in raise_exceptions
    raise self.exception_info
  File "/home/goida/.local/lib/python3.11/site-packages/telebot/util.py", line 90, in run
    task(*args, **kwargs)
  File "/home/goida/.local/lib/python3.11/site-packages/telebot/__init__.py", line 649, in __retrieve_updates
    updates = self.get_updates(offset=(self.last_update_id + 1),
             ^^^^^^^^^^^^^^^^^^^^^^^^^^^^^^^^^^^^^^^^^^^^^^^^^^
  File "/home/goida/.local/lib/python3.11/site-packages/telebot/__init__.py", line 623, in get_updates
    json_updates = apihelper.get_updates(self.token, offset, limit, timeout, allowed_updates, long_polling_timeout)
                   ^^^^^^^^^^^^^^^^^^^^^^^^^^^^^^^^^^^^^^^^^^^^^^^^^^^^^^^^^^^^^^^^^^^^^^^^^^^^^^^^^^^^^^^^^^^^^^^^
  File "/home/goida/.local/lib/python3.11/site-packages/telebot/apihelper.py", line 321, in get_updates
    return _make_request(token, method_url, params=payload)
           ^^^^^^^^^^^^^^^^^^^^^^^^^^^^^^^^^^^^^^^^^^^^^^^^
  File "/home/goida/.local/lib/python3.11/site-packages/telebot/apihelper.py", line 162, in _make_request
    json_result = _check_result(method_name, result)
                  ^^^^^^^^^^^^^^^^^^^^^^^^^^^^^^^^^^
  File "/home/goida/.local/lib/python3.11/site-packages/telebot/apihelper.py", line 189, in _check_result
    raise ApiTelegramException(method_name, result, result_json)
telebot.apihelper.ApiTelegramException: A request to the Telegram API was unsuccessful. Error code: 409. Description: Conflict: terminated by other getUpdates request; make sure that only one bot instance is running

2026-01-31 09:10:31,887 - TeleBot - ERROR - Threaded polling exception: A request to the Telegram API was unsuccessful. Error code: 409. Description: Conflict: terminated by other getUpdates request; make sure that only one bot instance is running
2026-01-31 09:10:31,888 - TeleBot - ERROR - Exception traceback:
Traceback (most recent call last):
  File "/home/goida/.local/lib/python3.11/site-packages/telebot/__init__.py", line 1073, in __threaded_polling
    polling_thread.raise_exceptions()
  File "/home/goida/.local/lib/python3.11/site-packages/telebot/util.py", line 108, in raise_exceptions
    raise self.exception_info
  File "/home/goida/.local/lib/python3.11/site-packages/telebot/util.py", line 90, in run
    task(*args, **kwargs)
  File "/home/goida/.local/lib/python3.11/site-packages/telebot/__init__.py", line 649, in __retrieve_updates
    updates = self.get_updates(offset=(self.last_update_id + 1),
             ^^^^^^^^^^^^^^^^^^^^^^^^^^^^^^^^^^^^^^^^^^^^^^^^^^
  File "/home/goida/.local/lib/python3.11/site-packages/telebot/__init__.py", line 623, in get_updates
    json_updates = apihelper.get_updates(self.token, offset, limit, timeout, allowed_updates, long_polling_timeout)
                   ^^^^^^^^^^^^^^^^^^^^^^^^^^^^^^^^^^^^^^^^^^^^^^^^^^^^^^^^^^^^^^^^^^^^^^^^^^^^^^^^^^^^^^^^^^^^^^^^
  File "/home/goida/.local/lib/python3.11/site-packages/telebot/apihelper.py", line 321, in get_updates
    return _make_request(token, method_url, params=payload)
           ^^^^^^^^^^^^^^^^^^^^^^^^^^^^^^^^^^^^^^^^^^^^^^^^
  File "/home/goida/.local/lib/python3.11/site-packages/telebot/apihelper.py", line 162, in _make_request
    json_result = _check_result(method_name, result)
                  ^^^^^^^^^^^^^^^^^^^^^^^^^^^^^^^^^^
  File "/home/goida/.local/lib/python3.11/site-packages/telebot/apihelper.py", line 189, in _check_result
    raise ApiTelegramException(method_name, result, result_json)
telebot.apihelper.ApiTelegramException: A request to the Telegram API was unsuccessful. Error code: 409. Description: Conflict: terminated by other getUpdates request; make sure that only one bot instance is running

2026-01-31 09:11:32,062 - TeleBot - ERROR - Threaded polling exception: A request to the Telegram API was unsuccessful. Error code: 409. Description: Conflict: terminated by other getUpdates request; make sure that only one bot instance is running
2026-01-31 09:11:32,063 - TeleBot - ERROR - Exception traceback:
Traceback (most recent call last):
  File "/home/goida/.local/lib/python3.11/site-packages/telebot/__init__.py", line 1073, in __threaded_polling
    polling_thread.raise_exceptions()
  File "/home/goida/.local/lib/python3.11/site-packages/telebot/util.py", line 108, in raise_exceptions
    raise self.exception_info
  File "/home/goida/.local/lib/python3.11/site-packages/telebot/util.py", line 90, in run
    task(*args, **kwargs)
  File "/home/goida/.local/lib/python3.11/site-packages/telebot/__init__.py", line 649, in __retrieve_updates
    updates = self.get_updates(offset=(self.last_update_id + 1),
             ^^^^^^^^^^^^^^^^^^^^^^^^^^^^^^^^^^^^^^^^^^^^^^^^^^
  File "/home/goida/.local/lib/python3.11/site-packages/telebot/__init__.py", line 623, in get_updates
    json_updates = apihelper.get_updates(self.token, offset, limit, timeout, allowed_updates, long_polling_timeout)
                   ^^^^^^^^^^^^^^^^^^^^^^^^^^^^^^^^^^^^^^^^^^^^^^^^^^^^^^^^^^^^^^^^^^^^^^^^^^^^^^^^^^^^^^^^^^^^^^^^
  File "/home/goida/.local/lib/python3.11/site-packages/telebot/apihelper.py", line 321, in get_updates
    return _make_request(token, method_url, params=payload)
           ^^^^^^^^^^^^^^^^^^^^^^^^^^^^^^^^^^^^^^^^^^^^^^^^
  File "/home/goida/.local/lib/python3.11/site-packages/telebot/apihelper.py", line 162, in _make_request
    json_result = _check_result(method_name, result)
                  ^^^^^^^^^^^^^^^^^^^^^^^^^^^^^^^^^^
  File "/home/goida/.local/lib/python3.11/site-packages/telebot/apihelper.py", line 189, in _check_result
    raise ApiTelegramException(method_name, result, result_json)
telebot.apihelper.ApiTelegramException: A request to the Telegram API was unsuccessful. Error code: 409. Description: Conflict: terminated by other getUpdates request; make sure that only one bot instance is running

2026-01-31 09:11:35,373 - TeleBot - ERROR - Threaded polling exception: A request to the Telegram API was unsuccessful. Error code: 409. Description: Conflict: terminated by other getUpdates request; make sure that only one bot instance is running
2026-01-31 09:11:35,376 - TeleBot - ERROR - Exception traceback:
Traceback (most recent call last):
  File "/home/goida/.local/lib/python3.11/site-packages/telebot/__init__.py", line 1073, in __threaded_polling
    polling_thread.raise_exceptions()
  File "/home/goida/.local/lib/python3.11/site-packages/telebot/util.py", line 108, in raise_exceptions
    raise self.exception_info
  File "/home/goida/.local/lib/python3.11/site-packages/telebot/util.py", line 90, in run
    task(*args, **kwargs)
  File "/home/goida/.local/lib/python3.11/site-packages/telebot/__init__.py", line 649, in __retrieve_updates
    updates = self.get_updates(offset=(self.last_update_id + 1),
             ^^^^^^^^^^^^^^^^^^^^^^^^^^^^^^^^^^^^^^^^^^^^^^^^^^
  File "/home/goida/.local/lib/python3.11/site-packages/telebot/__init__.py", line 623, in get_updates
    json_updates = apihelper.get_updates(self.token, offset, limit, timeout, allowed_updates, long_polling_timeout)
                   ^^^^^^^^^^^^^^^^^^^^^^^^^^^^^^^^^^^^^^^^^^^^^^^^^^^^^^^^^^^^^^^^^^^^^^^^^^^^^^^^^^^^^^^^^^^^^^^^
  File "/home/goida/.local/lib/python3.11/site-packages/telebot/apihelper.py", line 321, in get_updates
    return _make_request(token, method_url, params=payload)
           ^^^^^^^^^^^^^^^^^^^^^^^^^^^^^^^^^^^^^^^^^^^^^^^^
  File "/home/goida/.local/lib/python3.11/site-packages/telebot/apihelper.py", line 162, in _make_request
    json_result = _check_result(method_name, result)
                  ^^^^^^^^^^^^^^^^^^^^^^^^^^^^^^^^^^
  File "/home/goida/.local/lib/python3.11/site-packages/telebot/apihelper.py", line 189, in _check_result
    raise ApiTelegramException(method_name, result, result_json)
telebot.apihelper.ApiTelegramException: A request to the Telegram API was unsuccessful. Error code: 409. Description: Conflict: terminated by other getUpdates request; make sure that only one bot instance is running

2026-01-31 09:12:35,424 - TeleBot - ERROR - Threaded polling exception: A request to the Telegram API was unsuccessful. Error code: 409. Description: Conflict: terminated by other getUpdates request; make sure that only one bot instance is running
2026-01-31 09:12:35,425 - TeleBot - ERROR - Exception traceback:
Traceback (most recent call last):
  File "/home/goida/.local/lib/python3.11/site-packages/telebot/__init__.py", line 1073, in __threaded_polling
    polling_thread.raise_exceptions()
  File "/home/goida/.local/lib/python3.11/site-packages/telebot/util.py", line 108, in raise_exceptions
    raise self.exception_info
  File "/home/goida/.local/lib/python3.11/site-packages/telebot/util.py", line 90, in run
    task(*args, **kwargs)
  File "/home/goida/.local/lib/python3.11/site-packages/telebot/__init__.py", line 649, in __retrieve_updates
    updates = self.get_updates(offset=(self.last_update_id + 1),
             ^^^^^^^^^^^^^^^^^^^^^^^^^^^^^^^^^^^^^^^^^^^^^^^^^^
  File "/home/goida/.local/lib/python3.11/site-packages/telebot/__init__.py", line 623, in get_updates
    json_updates = apihelper.get_updates(self.token, offset, limit, timeout, allowed_updates, long_polling_timeout)
                   ^^^^^^^^^^^^^^^^^^^^^^^^^^^^^^^^^^^^^^^^^^^^^^^^^^^^^^^^^^^^^^^^^^^^^^^^^^^^^^^^^^^^^^^^^^^^^^^^
  File "/home/goida/.local/lib/python3.11/site-packages/telebot/apihelper.py", line 321, in get_updates
    return _make_request(token, method_url, params=payload)
           ^^^^^^^^^^^^^^^^^^^^^^^^^^^^^^^^^^^^^^^^^^^^^^^^
  File "/home/goida/.local/lib/python3.11/site-packages/telebot/apihelper.py", line 162, in _make_request
    json_result = _check_result(method_name, result)
                  ^^^^^^^^^^^^^^^^^^^^^^^^^^^^^^^^^^
  File "/home/goida/.local/lib/python3.11/site-packages/telebot/apihelper.py", line 189, in _check_result
    raise ApiTelegramException(method_name, result, result_json)
telebot.apihelper.ApiTelegramException: A request to the Telegram API was unsuccessful. Error code: 409. Description: Conflict: terminated by other getUpdates request; make sure that only one bot instance is running

2026-01-31 09:12:38,726 - TeleBot - ERROR - Threaded polling exception: A request to the Telegram API was unsuccessful. Error code: 409. Description: Conflict: terminated by other getUpdates request; make sure that only one bot instance is running
2026-01-31 09:12:38,727 - TeleBot - ERROR - Exception traceback:
Traceback (most recent call last):
  File "/home/goida/.local/lib/python3.11/site-packages/telebot/__init__.py", line 1073, in __threaded_polling
    polling_thread.raise_exceptions()
  File "/home/goida/.local/lib/python3.11/site-packages/telebot/util.py", line 108, in raise_exceptions
    raise self.exception_info
  File "/home/goida/.local/lib/python3.11/site-packages/telebot/util.py", line 90, in run
    task(*args, **kwargs)
  File "/home/goida/.local/lib/python3.11/site-packages/telebot/__init__.py", line 649, in __retrieve_updates
    updates = self.get_updates(offset=(self.last_update_id + 1),
             ^^^^^^^^^^^^^^^^^^^^^^^^^^^^^^^^^^^^^^^^^^^^^^^^^^
  File "/home/goida/.local/lib/python3.11/site-packages/telebot/__init__.py", line 623, in get_updates
    json_updates = apihelper.get_updates(self.token, offset, limit, timeout, allowed_updates, long_polling_timeout)
                   ^^^^^^^^^^^^^^^^^^^^^^^^^^^^^^^^^^^^^^^^^^^^^^^^^^^^^^^^^^^^^^^^^^^^^^^^^^^^^^^^^^^^^^^^^^^^^^^^
  File "/home/goida/.local/lib/python3.11/site-packages/telebot/apihelper.py", line 321, in get_updates
    return _make_request(token, method_url, params=payload)
           ^^^^^^^^^^^^^^^^^^^^^^^^^^^^^^^^^^^^^^^^^^^^^^^^
  File "/home/goida/.local/lib/python3.11/site-packages/telebot/apihelper.py", line 162, in _make_request
    json_result = _check_result(method_name, result)
                  ^^^^^^^^^^^^^^^^^^^^^^^^^^^^^^^^^^
  File "/home/goida/.local/lib/python3.11/site-packages/telebot/apihelper.py", line 189, in _check_result
    raise ApiTelegramException(method_name, result, result_json)
telebot.apihelper.ApiTelegramException: A request to the Telegram API was unsuccessful. Error code: 409. Description: Conflict: terminated by other getUpdates request; make sure that only one bot instance is running

2026-01-31 09:13:38,778 - TeleBot - ERROR - Threaded polling exception: A request to the Telegram API was unsuccessful. Error code: 409. Description: Conflict: terminated by other getUpdates request; make sure that only one bot instance is running
2026-01-31 09:13:38,779 - TeleBot - ERROR - Exception traceback:
Traceback (most recent call last):
  File "/home/goida/.local/lib/python3.11/site-packages/telebot/__init__.py", line 1073, in __threaded_polling
    polling_thread.raise_exceptions()
  File "/home/goida/.local/lib/python3.11/site-packages/telebot/util.py", line 108, in raise_exceptions
    raise self.exception_info
  File "/home/goida/.local/lib/python3.11/site-packages/telebot/util.py", line 90, in run
    task(*args, **kwargs)
  File "/home/goida/.local/lib/python3.11/site-packages/telebot/__init__.py", line 649, in __retrieve_updates
    updates = self.get_updates(offset=(self.last_update_id + 1),
             ^^^^^^^^^^^^^^^^^^^^^^^^^^^^^^^^^^^^^^^^^^^^^^^^^^
  File "/home/goida/.local/lib/python3.11/site-packages/telebot/__init__.py", line 623, in get_updates
    json_updates = apihelper.get_updates(self.token, offset, limit, timeout, allowed_updates, long_polling_timeout)
                   ^^^^^^^^^^^^^^^^^^^^^^^^^^^^^^^^^^^^^^^^^^^^^^^^^^^^^^^^^^^^^^^^^^^^^^^^^^^^^^^^^^^^^^^^^^^^^^^^
  File "/home/goida/.local/lib/python3.11/site-packages/telebot/apihelper.py", line 321, in get_updates
    return _make_request(token, method_url, params=payload)
           ^^^^^^^^^^^^^^^^^^^^^^^^^^^^^^^^^^^^^^^^^^^^^^^^
  File "/home/goida/.local/lib/python3.11/site-packages/telebot/apihelper.py", line 162, in _make_request
    json_result = _check_result(method_name, result)
                  ^^^^^^^^^^^^^^^^^^^^^^^^^^^^^^^^^^
  File "/home/goida/.local/lib/python3.11/site-packages/telebot/apihelper.py", line 189, in _check_result
    raise ApiTelegramException(method_name, result, result_json)
telebot.apihelper.ApiTelegramException: A request to the Telegram API was unsuccessful. Error code: 409. Description: Conflict: terminated by other getUpdates request; make sure that only one bot instance is running

2026-01-31 09:13:42,082 - TeleBot - ERROR - Threaded polling exception: A request to the Telegram API was unsuccessful. Error code: 409. Description: Conflict: terminated by other getUpdates request; make sure that only one bot instance is running
2026-01-31 09:13:42,083 - TeleBot - ERROR - Exception traceback:
Traceback (most recent call last):
  File "/home/goida/.local/lib/python3.11/site-packages/telebot/__init__.py", line 1073, in __threaded_polling
    polling_thread.raise_exceptions()
  File "/home/goida/.local/lib/python3.11/site-packages/telebot/util.py", line 108, in raise_exceptions
    raise self.exception_info
  File "/home/goida/.local/lib/python3.11/site-packages/telebot/util.py", line 90, in run
    task(*args, **kwargs)
  File "/home/goida/.local/lib/python3.11/site-packages/telebot/__init__.py", line 649, in __retrieve_updates
    updates = self.get_updates(offset=(self.last_update_id + 1),
             ^^^^^^^^^^^^^^^^^^^^^^^^^^^^^^^^^^^^^^^^^^^^^^^^^^
  File "/home/goida/.local/lib/python3.11/site-packages/telebot/__init__.py", line 623, in get_updates
    json_updates = apihelper.get_updates(self.token, offset, limit, timeout, allowed_updates, long_polling_timeout)
                   ^^^^^^^^^^^^^^^^^^^^^^^^^^^^^^^^^^^^^^^^^^^^^^^^^^^^^^^^^^^^^^^^^^^^^^^^^^^^^^^^^^^^^^^^^^^^^^^^
  File "/home/goida/.local/lib/python3.11/site-packages/telebot/apihelper.py", line 321, in get_updates
    return _make_request(token, method_url, params=payload)
           ^^^^^^^^^^^^^^^^^^^^^^^^^^^^^^^^^^^^^^^^^^^^^^^^
  File "/home/goida/.local/lib/python3.11/site-packages/telebot/apihelper.py", line 162, in _make_request
    json_result = _check_result(method_name, result)
                  ^^^^^^^^^^^^^^^^^^^^^^^^^^^^^^^^^^
  File "/home/goida/.local/lib/python3.11/site-packages/telebot/apihelper.py", line 189, in _check_result
    raise ApiTelegramException(method_name, result, result_json)
telebot.apihelper.ApiTelegramException: A request to the Telegram API was unsuccessful. Error code: 409. Description: Conflict: terminated by other getUpdates request; make sure that only one bot instance is running

2026-01-31 09:14:42,131 - TeleBot - ERROR - Threaded polling exception: A request to the Telegram API was unsuccessful. Error code: 409. Description: Conflict: terminated by other getUpdates request; make sure that only one bot instance is running
2026-01-31 09:14:42,132 - TeleBot - ERROR - Exception traceback:
Traceback (most recent call last):
  File "/home/goida/.local/lib/python3.11/site-packages/telebot/__init__.py", line 1073, in __threaded_polling
    polling_thread.raise_exceptions()
  File "/home/goida/.local/lib/python3.11/site-packages/telebot/util.py", line 108, in raise_exceptions
    raise self.exception_info
  File "/home/goida/.local/lib/python3.11/site-packages/telebot/util.py", line 90, in run
    task(*args, **kwargs)
  File "/home/goida/.local/lib/python3.11/site-packages/telebot/__init__.py", line 649, in __retrieve_updates
    updates = self.get_updates(offset=(self.last_update_id + 1),
             ^^^^^^^^^^^^^^^^^^^^^^^^^^^^^^^^^^^^^^^^^^^^^^^^^^
  File "/home/goida/.local/lib/python3.11/site-packages/telebot/__init__.py", line 623, in get_updates
    json_updates = apihelper.get_updates(self.token, offset, limit, timeout, allowed_updates, long_polling_timeout)
                   ^^^^^^^^^^^^^^^^^^^^^^^^^^^^^^^^^^^^^^^^^^^^^^^^^^^^^^^^^^^^^^^^^^^^^^^^^^^^^^^^^^^^^^^^^^^^^^^^
  File "/home/goida/.local/lib/python3.11/site-packages/telebot/apihelper.py", line 321, in get_updates
    return _make_request(token, method_url, params=payload)
           ^^^^^^^^^^^^^^^^^^^^^^^^^^^^^^^^^^^^^^^^^^^^^^^^
  File "/home/goida/.local/lib/python3.11/site-packages/telebot/apihelper.py", line 162, in _make_request
    json_result = _check_result(method_name, result)
                  ^^^^^^^^^^^^^^^^^^^^^^^^^^^^^^^^^^
  File "/home/goida/.local/lib/python3.11/site-packages/telebot/apihelper.py", line 189, in _check_result
    raise ApiTelegramException(method_name, result, result_json)
telebot.apihelper.ApiTelegramException: A request to the Telegram API was unsuccessful. Error code: 409. Description: Conflict: terminated by other getUpdates request; make sure that only one bot instance is running

2026-01-31 09:14:45,435 - TeleBot - ERROR - Threaded polling exception: A request to the Telegram API was unsuccessful. Error code: 409. Description: Conflict: terminated by other getUpdates request; make sure that only one bot instance is running
2026-01-31 09:14:45,435 - TeleBot - ERROR - Exception traceback:
Traceback (most recent call last):
  File "/home/goida/.local/lib/python3.11/site-packages/telebot/__init__.py", line 1073, in __threaded_polling
    polling_thread.raise_exceptions()
  File "/home/goida/.local/lib/python3.11/site-packages/telebot/util.py", line 108, in raise_exceptions
    raise self.exception_info
  File "/home/goida/.local/lib/python3.11/site-packages/telebot/util.py", line 90, in run
    task(*args, **kwargs)
  File "/home/goida/.local/lib/python3.11/site-packages/telebot/__init__.py", line 649, in __retrieve_updates
    updates = self.get_updates(offset=(self.last_update_id + 1),
             ^^^^^^^^^^^^^^^^^^^^^^^^^^^^^^^^^^^^^^^^^^^^^^^^^^
  File "/home/goida/.local/lib/python3.11/site-packages/telebot/__init__.py", line 623, in get_updates
    json_updates = apihelper.get_updates(self.token, offset, limit, timeout, allowed_updates, long_polling_timeout)
                   ^^^^^^^^^^^^^^^^^^^^^^^^^^^^^^^^^^^^^^^^^^^^^^^^^^^^^^^^^^^^^^^^^^^^^^^^^^^^^^^^^^^^^^^^^^^^^^^^
  File "/home/goida/.local/lib/python3.11/site-packages/telebot/apihelper.py", line 321, in get_updates
    return _make_request(token, method_url, params=payload)
           ^^^^^^^^^^^^^^^^^^^^^^^^^^^^^^^^^^^^^^^^^^^^^^^^
  File "/home/goida/.local/lib/python3.11/site-packages/telebot/apihelper.py", line 162, in _make_request
    json_result = _check_result(method_name, result)
                  ^^^^^^^^^^^^^^^^^^^^^^^^^^^^^^^^^^
  File "/home/goida/.local/lib/python3.11/site-packages/telebot/apihelper.py", line 189, in _check_result
    raise ApiTelegramException(method_name, result, result_json)
telebot.apihelper.ApiTelegramException: A request to the Telegram API was unsuccessful. Error code: 409. Description: Conflict: terminated by other getUpdates request; make sure that only one bot instance is running

2026-01-31 09:15:45,483 - TeleBot - ERROR - Threaded polling exception: A request to the Telegram API was unsuccessful. Error code: 409. Description: Conflict: terminated by other getUpdates request; make sure that only one bot instance is running
2026-01-31 09:15:45,484 - TeleBot - ERROR - Exception traceback:
Traceback (most recent call last):
  File "/home/goida/.local/lib/python3.11/site-packages/telebot/__init__.py", line 1073, in __threaded_polling
    polling_thread.raise_exceptions()
  File "/home/goida/.local/lib/python3.11/site-packages/telebot/util.py", line 108, in raise_exceptions
    raise self.exception_info
  File "/home/goida/.local/lib/python3.11/site-packages/telebot/util.py", line 90, in run
    task(*args, **kwargs)
  File "/home/goida/.local/lib/python3.11/site-packages/telebot/__init__.py", line 649, in __retrieve_updates
    updates = self.get_updates(offset=(self.last_update_id + 1),
             ^^^^^^^^^^^^^^^^^^^^^^^^^^^^^^^^^^^^^^^^^^^^^^^^^^
  File "/home/goida/.local/lib/python3.11/site-packages/telebot/__init__.py", line 623, in get_updates
    json_updates = apihelper.get_updates(self.token, offset, limit, timeout, allowed_updates, long_polling_timeout)
                   ^^^^^^^^^^^^^^^^^^^^^^^^^^^^^^^^^^^^^^^^^^^^^^^^^^^^^^^^^^^^^^^^^^^^^^^^^^^^^^^^^^^^^^^^^^^^^^^^
  File "/home/goida/.local/lib/python3.11/site-packages/telebot/apihelper.py", line 321, in get_updates
    return _make_request(token, method_url, params=payload)
           ^^^^^^^^^^^^^^^^^^^^^^^^^^^^^^^^^^^^^^^^^^^^^^^^
  File "/home/goida/.local/lib/python3.11/site-packages/telebot/apihelper.py", line 162, in _make_request
    json_result = _check_result(method_name, result)
                  ^^^^^^^^^^^^^^^^^^^^^^^^^^^^^^^^^^
  File "/home/goida/.local/lib/python3.11/site-packages/telebot/apihelper.py", line 189, in _check_result
    raise ApiTelegramException(method_name, result, result_json)
telebot.apihelper.ApiTelegramException: A request to the Telegram API was unsuccessful. Error code: 409. Description: Conflict: terminated by other getUpdates request; make sure that only one bot instance is running

2026-01-31 09:15:48,785 - TeleBot - ERROR - Threaded polling exception: A request to the Telegram API was unsuccessful. Error code: 409. Description: Conflict: terminated by other getUpdates request; make sure that only one bot instance is running
2026-01-31 09:15:48,786 - TeleBot - ERROR - Exception traceback:
Traceback (most recent call last):
  File "/home/goida/.local/lib/python3.11/site-packages/telebot/__init__.py", line 1073, in __threaded_polling
    polling_thread.raise_exceptions()
  File "/home/goida/.local/lib/python3.11/site-packages/telebot/util.py", line 108, in raise_exceptions
    raise self.exception_info
  File "/home/goida/.local/lib/python3.11/site-packages/telebot/util.py", line 90, in run
    task(*args, **kwargs)
  File "/home/goida/.local/lib/python3.11/site-packages/telebot/__init__.py", line 649, in __retrieve_updates
    updates = self.get_updates(offset=(self.last_update_id + 1),
             ^^^^^^^^^^^^^^^^^^^^^^^^^^^^^^^^^^^^^^^^^^^^^^^^^^
  File "/home/goida/.local/lib/python3.11/site-packages/telebot/__init__.py", line 623, in get_updates
    json_updates = apihelper.get_updates(self.token, offset, limit, timeout, allowed_updates, long_polling_timeout)
                   ^^^^^^^^^^^^^^^^^^^^^^^^^^^^^^^^^^^^^^^^^^^^^^^^^^^^^^^^^^^^^^^^^^^^^^^^^^^^^^^^^^^^^^^^^^^^^^^^
  File "/home/goida/.local/lib/python3.11/site-packages/telebot/apihelper.py", line 321, in get_updates
    return _make_request(token, method_url, params=payload)
           ^^^^^^^^^^^^^^^^^^^^^^^^^^^^^^^^^^^^^^^^^^^^^^^^
  File "/home/goida/.local/lib/python3.11/site-packages/telebot/apihelper.py", line 162, in _make_request
    json_result = _check_result(method_name, result)
                  ^^^^^^^^^^^^^^^^^^^^^^^^^^^^^^^^^^
  File "/home/goida/.local/lib/python3.11/site-packages/telebot/apihelper.py", line 189, in _check_result
    raise ApiTelegramException(method_name, result, result_json)
telebot.apihelper.ApiTelegramException: A request to the Telegram API was unsuccessful. Error code: 409. Description: Conflict: terminated by other getUpdates request; make sure that only one bot instance is running

2026-01-31 09:16:45,505 - __main__ - INFO - YooKassa configured with account_id: 1215507
2026-01-31 09:16:46,341 - __main__ - INFO - ✅ YooKassa configuration test successful with new credentials
2026-01-31 09:16:46,439 - __main__ - WARNING - openpyxl module not available. Excel report generation will be disabled.
2026-01-31 09:16:46,443 - __main__ - INFO - 🔧 Initializing database...
2026-01-31 09:16:46,443 - __main__ - INFO - Initializing DB connection pool to localhost:5432/postgres
2026-01-31 09:16:46,593 - __main__ - INFO - ✅ PostgreSQL connection pool initialized
2026-01-31 09:16:46,593 - __main__ - INFO - Starting database initialization...
2026-01-31 09:16:46,593 - __main__ - INFO - Creating label table...
2026-01-31 09:16:46,595 - __main__ - INFO - Creating reviews table...
2026-01-31 09:16:46,595 - __main__ - INFO - Creating releases table...
2026-01-31 09:16:46,596 - __main__ - INFO - Creating files table...
2026-01-31 09:16:46,596 - __main__ - INFO - Creating distribution_agreements table...
2026-01-31 09:16:46,596 - __main__ - INFO - Creating payments table...
2026-01-31 09:16:46,597 - __main__ - INFO - Creating user_sessions table...
2026-01-31 09:16:46,597 - __main__ - INFO - Creating admin_logs table...
2026-01-31 09:16:46,597 - __main__ - INFO - Creating orders table...
2026-01-31 09:16:46,597 - __main__ - INFO - Creating promo codes table...
2026-01-31 09:16:46,598 - __main__ - INFO - Creating report requests table...
2026-01-31 09:16:46,598 - __main__ - INFO - Creating contracts table...
2026-01-31 09:16:46,609 - __main__ - INFO - Adding missing columns to existing tables...
2026-01-31 09:16:46,610 - __main__ - INFO - ✅ Added column to label table: ALTER TABLE label ADD COLUMN IF NOT EXISTS created_date TIMESTAMP DEFAULT CURRENT_TIMESTAMP
2026-01-31 09:16:46,610 - __main__ - INFO - ✅ Added column to label table: ALTER TABLE label ADD COLUMN IF NOT EXISTS balance NUMERIC(10, 2) DEFAULT 0
2026-01-31 09:16:46,610 - __main__ - INFO - ✅ Added column to label table: ALTER TABLE label ADD COLUMN IF NOT EXISTS email TEXT
2026-01-31 09:16:46,611 - __main__ - INFO - ✅ Added column to label table: ALTER TABLE label ADD COLUMN IF NOT EXISTS fio TEXT
2026-01-31 09:16:46,611 - __main__ - INFO - ✅ Added column to label table: ALTER TABLE label ADD COLUMN IF NOT EXISTS phone VARCHAR(50)
2026-01-31 09:16:46,611 - __main__ - INFO - ✅ Added column to label table: ALTER TABLE label ADD COLUMN IF NOT EXISTS owner INTEGER DEFAULT 0
2026-01-31 09:16:46,612 - __main__ - INFO - ✅ Added column to label table: ALTER TABLE label ADD COLUMN IF NOT EXISTS steezy INTEGER DEFAULT 0
2026-01-31 09:16:46,612 - __main__ - INFO - ✅ Added column to label table: ALTER TABLE label ADD COLUMN IF NOT EXISTS bibi INTEGER DEFAULT 0
2026-01-31 09:16:46,612 - __main__ - INFO - ✅ Added column to label table: ALTER TABLE label ADD COLUMN IF NOT EXISTS shvepz INTEGER DEFAULT 0
2026-01-31 09:16:46,613 - __main__ - INFO - ✅ Added column to label table: ALTER TABLE label ADD COLUMN IF NOT EXISTS creator INTEGER DEFAULT 0
2026-01-31 09:16:46,621 - __main__ - INFO - ✅ Added column to report_requests table: ALTER TABLE report_requests ADD COLUMN IF NOT EXISTS updated_at TIMESTAMP
2026-01-31 09:16:46,638 - __main__ - INFO - ✅ Added column to report_requests table: ALTER TABLE report_requests ADD COLUMN IF NOT EXISTS rejection_reason TEXT
2026-01-31 09:16:46,639 - __main__ - INFO - ✅ Modified column in report_requests table: ALTER TABLE report_requests ALTER COLUMN release_type DROP NOT NULL
2026-01-31 09:16:46,658 - __main__ - WARNING - Could not verify role columns: column "owner" is of type boolean but expression is of type integer
LINE 1: UPDATE label SET owner = 0 WHERE owner IS NULL
                                 ^
HINT:  You will need to rewrite or cast the expression.

2026-01-31 09:16:46,659 - __main__ - WARNING - Could not add column to releases table: current transaction is aborted, commands ignored until end of transaction block

2026-01-31 09:16:46,659 - __main__ - WARNING - Could not add column to releases table: current transaction is aborted, commands ignored until end of transaction block

2026-01-31 09:16:46,659 - __main__ - WARNING - Could not add column to releases table: current transaction is aborted, commands ignored until end of transaction block

2026-01-31 09:16:46,659 - __main__ - WARNING - Could not add column to releases table: current transaction is aborted, commands ignored until end of transaction block

2026-01-31 09:16:46,660 - __main__ - WARNING - Could not add column to releases table: current transaction is aborted, commands ignored until end of transaction block

2026-01-31 09:16:46,660 - __main__ - WARNING - Could not add column to files table: current transaction is aborted, commands ignored until end of transaction block

2026-01-31 09:16:46,660 - __main__ - WARNING - Could not add column to files table: current transaction is aborted, commands ignored until end of transaction block

2026-01-31 09:16:46,661 - __main__ - WARNING - Could not add column to files table: current transaction is aborted, commands ignored until end of transaction block

2026-01-31 09:16:46,661 - __main__ - WARNING - Could not add column to orders table: current transaction is aborted, commands ignored until end of transaction block

2026-01-31 09:16:46,661 - __main__ - WARNING - Could not add column to orders table: current transaction is aborted, commands ignored until end of transaction block

2026-01-31 09:16:46,661 - __main__ - WARNING - Could not add column to orders table: current transaction is aborted, commands ignored until end of transaction block

2026-01-31 09:16:46,662 - __main__ - WARNING - Could not handle promo_codes table structure: current transaction is aborted, commands ignored until end of transaction block

2026-01-31 09:16:46,662 - __main__ - ERROR - Failed to recreate promo_codes table: current transaction is aborted, commands ignored until end of transaction block

2026-01-31 09:16:46,662 - __main__ - INFO - Creating indexes...
2026-01-31 09:16:46,662 - __main__ - WARNING - Could not create index: current transaction is aborted, commands ignored until end of transaction block

2026-01-31 09:16:46,663 - __main__ - WARNING - Could not create index: current transaction is aborted, commands ignored until end of transaction block

2026-01-31 09:16:46,663 - __main__ - WARNING - Could not create index: current transaction is aborted, commands ignored until end of transaction block

2026-01-31 09:16:46,663 - __main__ - WARNING - Could not create index: current transaction is aborted, commands ignored until end of transaction block

2026-01-31 09:16:46,664 - __main__ - WARNING - Could not create index: current transaction is aborted, commands ignored until end of transaction block

2026-01-31 09:16:46,664 - __main__ - WARNING - Could not create index: current transaction is aborted, commands ignored until end of transaction block

2026-01-31 09:16:46,664 - __main__ - WARNING - Could not create index: current transaction is aborted, commands ignored until end of transaction block

2026-01-31 09:16:46,664 - __main__ - WARNING - Could not create index: current transaction is aborted, commands ignored until end of transaction block

2026-01-31 09:16:46,665 - __main__ - WARNING - Could not create index: current transaction is aborted, commands ignored until end of transaction block

2026-01-31 09:16:46,665 - __main__ - WARNING - Could not create index: current transaction is aborted, commands ignored until end of transaction block

2026-01-31 09:16:46,665 - __main__ - WARNING - Could not create index: current transaction is aborted, commands ignored until end of transaction block

2026-01-31 09:16:46,666 - __main__ - WARNING - Could not create index: current transaction is aborted, commands ignored until end of transaction block

2026-01-31 09:16:46,666 - __main__ - WARNING - Could not create index: current transaction is aborted, commands ignored until end of transaction block

2026-01-31 09:16:46,666 - __main__ - WARNING - Could not create index: current transaction is aborted, commands ignored until end of transaction block

2026-01-31 09:16:46,666 - __main__ - WARNING - Could not create index: current transaction is aborted, commands ignored until end of transaction block

2026-01-31 09:16:46,667 - __main__ - WARNING - Could not create index: current transaction is aborted, commands ignored until end of transaction block

2026-01-31 09:16:46,667 - __main__ - WARNING - Could not create index: current transaction is aborted, commands ignored until end of transaction block

2026-01-31 09:16:46,667 - __main__ - WARNING - Could not create index: current transaction is aborted, commands ignored until end of transaction block

2026-01-31 09:16:46,667 - __main__ - WARNING - Could not create index: current transaction is aborted, commands ignored until end of transaction block

2026-01-31 09:16:46,668 - __main__ - WARNING - Could not create index: current transaction is aborted, commands ignored until end of transaction block

2026-01-31 09:16:46,668 - __main__ - WARNING - Could not create index: current transaction is aborted, commands ignored until end of transaction block

2026-01-31 09:16:46,668 - __main__ - WARNING - Could not create index: current transaction is aborted, commands ignored until end of transaction block

2026-01-31 09:16:46,669 - __main__ - WARNING - Could not create index: current transaction is aborted, commands ignored until end of transaction block

2026-01-31 09:16:46,669 - __main__ - WARNING - Could not create index: current transaction is aborted, commands ignored until end of transaction block

2026-01-31 09:16:46,669 - __main__ - INFO - Setting up permanent admins...
2026-01-31 09:16:46,669 - __main__ - WARNING - Could not set up admin 464793425: current transaction is aborted, commands ignored until end of transaction block

2026-01-31 09:16:46,670 - __main__ - WARNING - Could not set up admin 1398275867: current transaction is aborted, commands ignored until end of transaction block

2026-01-31 09:16:46,670 - __main__ - INFO - ✅ Database initialization completed successfully - all tables created with indexes
2026-01-31 09:16:46,670 - __main__ - INFO - ✅ Database initialization completed
2026-01-31 09:16:46,670 - __main__ - INFO - 🔧 Ensuring database columns...
2026-01-31 09:16:46,671 - __main__ - INFO - ✅ Ensured column email exists in label table
2026-01-31 09:16:46,671 - __main__ - INFO - ✅ Ensured column fio exists in label table
2026-01-31 09:16:46,671 - __main__ - INFO - ✅ Ensured column phone exists in label table
2026-01-31 09:16:46,671 - __main__ - INFO - ✅ Ensured column steezy exists in label table
2026-01-31 09:16:46,672 - __main__ - INFO - ✅ Ensured column bibi exists in label table
2026-01-31 09:16:46,672 - __main__ - INFO - ✅ Ensured column shvepz exists in label table
2026-01-31 09:16:46,672 - __main__ - INFO - ✅ Ensured column referral_code exists in label table
2026-01-31 09:16:46,673 - __main__ - INFO - ✅ Ensured column referral_count exists in label table
2026-01-31 09:16:46,673 - __main__ - INFO - ✅ Ensured column referral_earnings exists in label table
2026-01-31 09:16:46,677 - __main__ - INFO - ✅ All required label columns verified
2026-01-31 09:16:46,677 - __main__ - INFO - ✅ Database columns ensured
2026-01-31 09:16:46,677 - __main__ - INFO - 🔧 Adding platform links column...
2026-01-31 09:16:46,677 - __main__ - INFO - Adding platform_links column to releases table...
2026-01-31 09:16:46,679 - __main__ - INFO - ✅ Added platform_links column to releases table
2026-01-31 09:16:46,679 - __main__ - INFO - ✅ Platform links column added
2026-01-31 09:16:46,679 - __main__ - INFO - 🔧 Creating referrals table...
2026-01-31 09:16:46,679 - __main__ - INFO - Creating referrals table...
2026-01-31 09:16:46,681 - __main__ - INFO - ✅ referrals table created successfully
2026-01-31 09:16:46,681 - __main__ - INFO - ✅ Referrals table created
2026-01-31 09:16:46,681 - __main__ - INFO - 🔧 Testing bot token and checking for conflicts...
2026-01-31 09:16:46,843 - __main__ - INFO - ✅ Bot connected: @twaslabel_bot
2026-01-31 09:16:46,893 - __main__ - INFO - ✅ Bot instance check passed: @twaslabel_bot
2026-01-31 09:16:46,893 - __main__ - INFO - 🚀 Starting bot with enhanced error handling...
2026-01-31 09:16:46,893 - __main__ - INFO - 🔧 Testing channel access...
2026-01-31 09:16:47,035 - __main__ - INFO - ✅ Channel access test successful: talk with a star // label
2026-01-31 09:16:47,127 - __main__ - INFO - ✅ Bot member status: administrator
2026-01-31 09:16:47,128 - __main__ - INFO - ✅ Bot has admin rights in channel
2026-01-31 09:16:47,128 - __main__ - INFO - ✅ Channel access test passed, starting bot...
2026-01-31 09:16:47,128 - __main__ - INFO - ✅ Таймауты API настроены: READ=30s, CONNECT=10s
2026-01-31 09:16:47,128 - __main__ - INFO - 🤖 Starting Telegram bot...
2026-01-31 09:16:47,176 - TeleBot - ERROR - Threaded polling exception: A request to the Telegram API was unsuccessful. Error code: 409. Description: Conflict: terminated by other getUpdates request; make sure that only one bot instance is running
2026-01-31 09:16:47,177 - TeleBot - ERROR - Exception traceback:
Traceback (most recent call last):
  File "/home/goida/.local/lib/python3.11/site-packages/telebot/__init__.py", line 1073, in __threaded_polling
    polling_thread.raise_exceptions()
  File "/home/goida/.local/lib/python3.11/site-packages/telebot/util.py", line 108, in raise_exceptions
    raise self.exception_info
  File "/home/goida/.local/lib/python3.11/site-packages/telebot/util.py", line 90, in run
    task(*args, **kwargs)
  File "/home/goida/.local/lib/python3.11/site-packages/telebot/__init__.py", line 649, in __retrieve_updates
    updates = self.get_updates(offset=(self.last_update_id + 1),
             ^^^^^^^^^^^^^^^^^^^^^^^^^^^^^^^^^^^^^^^^^^^^^^^^^^
  File "/home/goida/.local/lib/python3.11/site-packages/telebot/__init__.py", line 623, in get_updates
    json_updates = apihelper.get_updates(self.token, offset, limit, timeout, allowed_updates, long_polling_timeout)
                   ^^^^^^^^^^^^^^^^^^^^^^^^^^^^^^^^^^^^^^^^^^^^^^^^^^^^^^^^^^^^^^^^^^^^^^^^^^^^^^^^^^^^^^^^^^^^^^^^
  File "/home/goida/.local/lib/python3.11/site-packages/telebot/apihelper.py", line 321, in get_updates
    return _make_request(token, method_url, params=payload)
           ^^^^^^^^^^^^^^^^^^^^^^^^^^^^^^^^^^^^^^^^^^^^^^^^
  File "/home/goida/.local/lib/python3.11/site-packages/telebot/apihelper.py", line 162, in _make_request
    json_result = _check_result(method_name, result)
                  ^^^^^^^^^^^^^^^^^^^^^^^^^^^^^^^^^^
  File "/home/goida/.local/lib/python3.11/site-packages/telebot/apihelper.py", line 189, in _check_result
    raise ApiTelegramException(method_name, result, result_json)
telebot.apihelper.ApiTelegramException: A request to the Telegram API was unsuccessful. Error code: 409. Description: Conflict: terminated by other getUpdates request; make sure that only one bot instance is running

2026-01-31 09:16:50,485 - __main__ - ERROR - ❌ Telegram API error: A request to the Telegram API was unsuccessful. Error code: 409. Description: Conflict: terminated by other getUpdates request; make sure that only one bot instance is running
2026-01-31 09:16:50,485 - connection - ERROR - API Error: A request to the Telegram API was unsuccessful. Error code: 409. Description: Conflict: terminated by other getUpdates request; make sure that only one bot instance is running
2026-01-31 09:16:50,485 - __main__ - ERROR - 🚨 CRITICAL: Multiple bot instances detected!
2026-01-31 09:16:50,485 - __main__ - ERROR - 🛑 Another bot instance is already running with the same token
2026-01-31 09:16:50,485 - __main__ - ERROR - 💡 Please stop all other bot instances before starting this one
2026-01-31 09:16:50,485 - connection - ERROR - Multiple bot instances conflict
2026-01-31 09:16:51,842 - TeleBot - ERROR - Threaded polling exception: A request to the Telegram API was unsuccessful. Error code: 409. Description: Conflict: terminated by other getUpdates request; make sure that only one bot instance is running
2026-01-31 09:16:51,843 - TeleBot - ERROR - Exception traceback:
Traceback (most recent call last):
  File "/home/goida/.local/lib/python3.11/site-packages/telebot/__init__.py", line 1073, in __threaded_polling
    polling_thread.raise_exceptions()
  File "/home/goida/.local/lib/python3.11/site-packages/telebot/util.py", line 108, in raise_exceptions
    raise self.exception_info
  File "/home/goida/.local/lib/python3.11/site-packages/telebot/util.py", line 90, in run
    task(*args, **kwargs)
  File "/home/goida/.local/lib/python3.11/site-packages/telebot/__init__.py", line 649, in __retrieve_updates
    updates = self.get_updates(offset=(self.last_update_id + 1),
             ^^^^^^^^^^^^^^^^^^^^^^^^^^^^^^^^^^^^^^^^^^^^^^^^^^
  File "/home/goida/.local/lib/python3.11/site-packages/telebot/__init__.py", line 623, in get_updates
    json_updates = apihelper.get_updates(self.token, offset, limit, timeout, allowed_updates, long_polling_timeout)
                   ^^^^^^^^^^^^^^^^^^^^^^^^^^^^^^^^^^^^^^^^^^^^^^^^^^^^^^^^^^^^^^^^^^^^^^^^^^^^^^^^^^^^^^^^^^^^^^^^
  File "/home/goida/.local/lib/python3.11/site-packages/telebot/apihelper.py", line 321, in get_updates
    return _make_request(token, method_url, params=payload)
           ^^^^^^^^^^^^^^^^^^^^^^^^^^^^^^^^^^^^^^^^^^^^^^^^
  File "/home/goida/.local/lib/python3.11/site-packages/telebot/apihelper.py", line 162, in _make_request
    json_result = _check_result(method_name, result)
                  ^^^^^^^^^^^^^^^^^^^^^^^^^^^^^^^^^^
  File "/home/goida/.local/lib/python3.11/site-packages/telebot/apihelper.py", line 189, in _check_result
    raise ApiTelegramException(method_name, result, result_json)
telebot.apihelper.ApiTelegramException: A request to the Telegram API was unsuccessful. Error code: 409. Description: Conflict: terminated by other getUpdates request; make sure that only one bot instance is running

2026-01-31 09:16:52,409 - TeleBot - ERROR - Threaded polling exception: A request to the Telegram API was unsuccessful. Error code: 409. Description: Conflict: terminated by other getUpdates request; make sure that only one bot instance is running
2026-01-31 09:16:52,410 - TeleBot - ERROR - Exception traceback:
Traceback (most recent call last):
  File "/home/goida/.local/lib/python3.11/site-packages/telebot/__init__.py", line 1073, in __threaded_polling
    polling_thread.raise_exceptions()
  File "/home/goida/.local/lib/python3.11/site-packages/telebot/util.py", line 108, in raise_exceptions
    raise self.exception_info
  File "/home/goida/.local/lib/python3.11/site-packages/telebot/util.py", line 90, in run
    task(*args, **kwargs)
  File "/home/goida/.local/lib/python3.11/site-packages/telebot/__init__.py", line 649, in __retrieve_updates
    updates = self.get_updates(offset=(self.last_update_id + 1),
             ^^^^^^^^^^^^^^^^^^^^^^^^^^^^^^^^^^^^^^^^^^^^^^^^^^
  File "/home/goida/.local/lib/python3.11/site-packages/telebot/__init__.py", line 623, in get_updates
    json_updates = apihelper.get_updates(self.token, offset, limit, timeout, allowed_updates, long_polling_timeout)
                   ^^^^^^^^^^^^^^^^^^^^^^^^^^^^^^^^^^^^^^^^^^^^^^^^^^^^^^^^^^^^^^^^^^^^^^^^^^^^^^^^^^^^^^^^^^^^^^^^
  File "/home/goida/.local/lib/python3.11/site-packages/telebot/apihelper.py", line 321, in get_updates
    return _make_request(token, method_url, params=payload)
           ^^^^^^^^^^^^^^^^^^^^^^^^^^^^^^^^^^^^^^^^^^^^^^^^
  File "/home/goida/.local/lib/python3.11/site-packages/telebot/apihelper.py", line 162, in _make_request
    json_result = _check_result(method_name, result)
                  ^^^^^^^^^^^^^^^^^^^^^^^^^^^^^^^^^^
  File "/home/goida/.local/lib/python3.11/site-packages/telebot/apihelper.py", line 189, in _check_result
    raise ApiTelegramException(method_name, result, result_json)
telebot.apihelper.ApiTelegramException: A request to the Telegram API was unsuccessful. Error code: 409. Description: Conflict: terminated by other getUpdates request; make sure that only one bot instance is running

2026-01-31 09:17:00,486 - __main__ - ERROR - 🔄 Retrying in 5 seconds...
2026-01-31 09:17:05,486 - __main__ - INFO - ✅ Database connection OK
2026-01-31 09:17:05,486 - __main__ - INFO - 🤖 Starting Telegram bot...
2026-01-31 09:17:05,536 - TeleBot - ERROR - Threaded polling exception: A request to the Telegram API was unsuccessful. Error code: 409. Description: Conflict: terminated by other getUpdates request; make sure that only one bot instance is running
2026-01-31 09:17:05,537 - TeleBot - ERROR - Exception traceback:
Traceback (most recent call last):
  File "/home/goida/.local/lib/python3.11/site-packages/telebot/__init__.py", line 1073, in __threaded_polling
    polling_thread.raise_exceptions()
  File "/home/goida/.local/lib/python3.11/site-packages/telebot/util.py", line 108, in raise_exceptions
    raise self.exception_info
  File "/home/goida/.local/lib/python3.11/site-packages/telebot/util.py", line 90, in run
    task(*args, **kwargs)
  File "/home/goida/.local/lib/python3.11/site-packages/telebot/__init__.py", line 649, in __retrieve_updates
    updates = self.get_updates(offset=(self.last_update_id + 1),
             ^^^^^^^^^^^^^^^^^^^^^^^^^^^^^^^^^^^^^^^^^^^^^^^^^^
  File "/home/goida/.local/lib/python3.11/site-packages/telebot/__init__.py", line 623, in get_updates
    json_updates = apihelper.get_updates(self.token, offset, limit, timeout, allowed_updates, long_polling_timeout)
                   ^^^^^^^^^^^^^^^^^^^^^^^^^^^^^^^^^^^^^^^^^^^^^^^^^^^^^^^^^^^^^^^^^^^^^^^^^^^^^^^^^^^^^^^^^^^^^^^^
  File "/home/goida/.local/lib/python3.11/site-packages/telebot/apihelper.py", line 321, in get_updates
    return _make_request(token, method_url, params=payload)
           ^^^^^^^^^^^^^^^^^^^^^^^^^^^^^^^^^^^^^^^^^^^^^^^^
  File "/home/goida/.local/lib/python3.11/site-packages/telebot/apihelper.py", line 162, in _make_request
    json_result = _check_result(method_name, result)
                  ^^^^^^^^^^^^^^^^^^^^^^^^^^^^^^^^^^
  File "/home/goida/.local/lib/python3.11/site-packages/telebot/apihelper.py", line 189, in _check_result
    raise ApiTelegramException(method_name, result, result_json)
telebot.apihelper.ApiTelegramException: A request to the Telegram API was unsuccessful. Error code: 409. Description: Conflict: terminated by other getUpdates request; make sure that only one bot instance is running

2026-01-31 09:17:09,594 - __main__ - ERROR - ❌ Telegram API error: A request to the Telegram API was unsuccessful. Error code: 409. Description: Conflict: terminated by other getUpdates request; make sure that only one bot instance is running
2026-01-31 09:17:09,594 - connection - ERROR - API Error: A request to the Telegram API was unsuccessful. Error code: 409. Description: Conflict: terminated by other getUpdates request; make sure that only one bot instance is running
2026-01-31 09:17:09,595 - __main__ - ERROR - 🚨 CRITICAL: Multiple bot instances detected!
2026-01-31 09:17:09,595 - __main__ - ERROR - 🛑 Another bot instance is already running with the same token
2026-01-31 09:17:09,595 - __main__ - ERROR - 💡 Please stop all other bot instances before starting this one
2026-01-31 09:17:09,595 - connection - ERROR - Multiple bot instances conflict
2026-01-31 09:17:19,595 - __main__ - ERROR - 🔄 Retrying in 5 seconds...
2026-01-31 09:17:24,596 - __main__ - INFO - ✅ Database connection OK
2026-01-31 09:17:24,596 - __main__ - INFO - 🤖 Starting Telegram bot...
2026-01-31 09:17:24,642 - TeleBot - ERROR - Threaded polling exception: A request to the Telegram API was unsuccessful. Error code: 409. Description: Conflict: terminated by other getUpdates request; make sure that only one bot instance is running
2026-01-31 09:17:24,643 - TeleBot - ERROR - Exception traceback:
Traceback (most recent call last):
  File "/home/goida/.local/lib/python3.11/site-packages/telebot/__init__.py", line 1073, in __threaded_polling
    polling_thread.raise_exceptions()
  File "/home/goida/.local/lib/python3.11/site-packages/telebot/util.py", line 108, in raise_exceptions
    raise self.exception_info
  File "/home/goida/.local/lib/python3.11/site-packages/telebot/util.py", line 90, in run
    task(*args, **kwargs)
  File "/home/goida/.local/lib/python3.11/site-packages/telebot/__init__.py", line 649, in __retrieve_updates
    updates = self.get_updates(offset=(self.last_update_id + 1),
             ^^^^^^^^^^^^^^^^^^^^^^^^^^^^^^^^^^^^^^^^^^^^^^^^^^
  File "/home/goida/.local/lib/python3.11/site-packages/telebot/__init__.py", line 623, in get_updates
    json_updates = apihelper.get_updates(self.token, offset, limit, timeout, allowed_updates, long_polling_timeout)
                   ^^^^^^^^^^^^^^^^^^^^^^^^^^^^^^^^^^^^^^^^^^^^^^^^^^^^^^^^^^^^^^^^^^^^^^^^^^^^^^^^^^^^^^^^^^^^^^^^
  File "/home/goida/.local/lib/python3.11/site-packages/telebot/apihelper.py", line 321, in get_updates
    return _make_request(token, method_url, params=payload)
           ^^^^^^^^^^^^^^^^^^^^^^^^^^^^^^^^^^^^^^^^^^^^^^^^
  File "/home/goida/.local/lib/python3.11/site-packages/telebot/apihelper.py", line 162, in _make_request
    json_result = _check_result(method_name, result)
                  ^^^^^^^^^^^^^^^^^^^^^^^^^^^^^^^^^^
  File "/home/goida/.local/lib/python3.11/site-packages/telebot/apihelper.py", line 189, in _check_result
    raise ApiTelegramException(method_name, result, result_json)
telebot.apihelper.ApiTelegramException: A request to the Telegram API was unsuccessful. Error code: 409. Description: Conflict: terminated by other getUpdates request; make sure that only one bot instance is running

2026-01-31 09:17:29,692 - __main__ - ERROR - ❌ Telegram API error: A request to the Telegram API was unsuccessful. Error code: 409. Description: Conflict: terminated by other getUpdates request; make sure that only one bot instance is running
2026-01-31 09:17:29,692 - connection - ERROR - API Error: A request to the Telegram API was unsuccessful. Error code: 409. Description: Conflict: terminated by other getUpdates request; make sure that only one bot instance is running
2026-01-31 09:17:29,693 - __main__ - ERROR - 🚨 CRITICAL: Multiple bot instances detected!
2026-01-31 09:17:29,693 - __main__ - ERROR - 🛑 Another bot instance is already running with the same token
2026-01-31 09:17:29,693 - __main__ - ERROR - 💡 Please stop all other bot instances before starting this one
2026-01-31 09:17:29,693 - connection - ERROR - Multiple bot instances conflict
2026-01-31 09:17:39,693 - __main__ - ERROR - 🔄 Retrying in 5 seconds...
2026-01-31 09:17:44,693 - __main__ - INFO - ✅ Database connection OK
2026-01-31 09:17:44,694 - __main__ - INFO - 🤖 Starting Telegram bot...
2026-01-31 09:17:44,743 - TeleBot - ERROR - Threaded polling exception: A request to the Telegram API was unsuccessful. Error code: 409. Description: Conflict: terminated by other getUpdates request; make sure that only one bot instance is running
2026-01-31 09:17:44,744 - TeleBot - ERROR - Exception traceback:
Traceback (most recent call last):
  File "/home/goida/.local/lib/python3.11/site-packages/telebot/__init__.py", line 1073, in __threaded_polling
    polling_thread.raise_exceptions()
  File "/home/goida/.local/lib/python3.11/site-packages/telebot/util.py", line 108, in raise_exceptions
    raise self.exception_info
  File "/home/goida/.local/lib/python3.11/site-packages/telebot/util.py", line 90, in run
    task(*args, **kwargs)
  File "/home/goida/.local/lib/python3.11/site-packages/telebot/__init__.py", line 649, in __retrieve_updates
    updates = self.get_updates(offset=(self.last_update_id + 1),
             ^^^^^^^^^^^^^^^^^^^^^^^^^^^^^^^^^^^^^^^^^^^^^^^^^^
  File "/home/goida/.local/lib/python3.11/site-packages/telebot/__init__.py", line 623, in get_updates
    json_updates = apihelper.get_updates(self.token, offset, limit, timeout, allowed_updates, long_polling_timeout)
                   ^^^^^^^^^^^^^^^^^^^^^^^^^^^^^^^^^^^^^^^^^^^^^^^^^^^^^^^^^^^^^^^^^^^^^^^^^^^^^^^^^^^^^^^^^^^^^^^^
  File "/home/goida/.local/lib/python3.11/site-packages/telebot/apihelper.py", line 321, in get_updates
    return _make_request(token, method_url, params=payload)
           ^^^^^^^^^^^^^^^^^^^^^^^^^^^^^^^^^^^^^^^^^^^^^^^^
  File "/home/goida/.local/lib/python3.11/site-packages/telebot/apihelper.py", line 162, in _make_request
    json_result = _check_result(method_name, result)
                  ^^^^^^^^^^^^^^^^^^^^^^^^^^^^^^^^^^
  File "/home/goida/.local/lib/python3.11/site-packages/telebot/apihelper.py", line 189, in _check_result
    raise ApiTelegramException(method_name, result, result_json)
telebot.apihelper.ApiTelegramException: A request to the Telegram API was unsuccessful. Error code: 409. Description: Conflict: terminated by other getUpdates request; make sure that only one bot instance is running

2026-01-31 09:17:48,903 - __main__ - ERROR - ❌ Telegram API error: A request to the Telegram API was unsuccessful. Error code: 409. Description: Conflict: terminated by other getUpdates request; make sure that only one bot instance is running
2026-01-31 09:17:48,903 - connection - ERROR - API Error: A request to the Telegram API was unsuccessful. Error code: 409. Description: Conflict: terminated by other getUpdates request; make sure that only one bot instance is running
2026-01-31 09:17:48,903 - __main__ - ERROR - 🚨 CRITICAL: Multiple bot instances detected!
2026-01-31 09:17:48,903 - __main__ - ERROR - 🛑 Another bot instance is already running with the same token
2026-01-31 09:17:48,903 - __main__ - ERROR - 💡 Please stop all other bot instances before starting this one
2026-01-31 09:17:48,903 - connection - ERROR - Multiple bot instances conflict
2026-01-31 09:17:52,460 - TeleBot - ERROR - Threaded polling exception: A request to the Telegram API was unsuccessful. Error code: 409. Description: Conflict: terminated by other getUpdates request; make sure that only one bot instance is running
2026-01-31 09:17:52,461 - TeleBot - ERROR - Exception traceback:
Traceback (most recent call last):
  File "/home/goida/.local/lib/python3.11/site-packages/telebot/__init__.py", line 1073, in __threaded_polling
    polling_thread.raise_exceptions()
  File "/home/goida/.local/lib/python3.11/site-packages/telebot/util.py", line 108, in raise_exceptions
    raise self.exception_info
  File "/home/goida/.local/lib/python3.11/site-packages/telebot/util.py", line 90, in run
    task(*args, **kwargs)
  File "/home/goida/.local/lib/python3.11/site-packages/telebot/__init__.py", line 649, in __retrieve_updates
    updates = self.get_updates(offset=(self.last_update_id + 1),
             ^^^^^^^^^^^^^^^^^^^^^^^^^^^^^^^^^^^^^^^^^^^^^^^^^^
  File "/home/goida/.local/lib/python3.11/site-packages/telebot/__init__.py", line 623, in get_updates
    json_updates = apihelper.get_updates(self.token, offset, limit, timeout, allowed_updates, long_polling_timeout)
                   ^^^^^^^^^^^^^^^^^^^^^^^^^^^^^^^^^^^^^^^^^^^^^^^^^^^^^^^^^^^^^^^^^^^^^^^^^^^^^^^^^^^^^^^^^^^^^^^^
  File "/home/goida/.local/lib/python3.11/site-packages/telebot/apihelper.py", line 321, in get_updates
    return _make_request(token, method_url, params=payload)
           ^^^^^^^^^^^^^^^^^^^^^^^^^^^^^^^^^^^^^^^^^^^^^^^^
  File "/home/goida/.local/lib/python3.11/site-packages/telebot/apihelper.py", line 162, in _make_request
    json_result = _check_result(method_name, result)
                  ^^^^^^^^^^^^^^^^^^^^^^^^^^^^^^^^^^
  File "/home/goida/.local/lib/python3.11/site-packages/telebot/apihelper.py", line 189, in _check_result
    raise ApiTelegramException(method_name, result, result_json)
telebot.apihelper.ApiTelegramException: A request to the Telegram API was unsuccessful. Error code: 409. Description: Conflict: terminated by other getUpdates request; make sure that only one bot instance is running

2026-01-31 09:17:58,904 - __main__ - ERROR - 🔄 Retrying in 5 seconds...
2026-01-31 09:18:00,508 - TeleBot - ERROR - Threaded polling exception: A request to the Telegram API was unsuccessful. Error code: 409. Description: Conflict: terminated by other getUpdates request; make sure that only one bot instance is running
2026-01-31 09:18:00,509 - TeleBot - ERROR - Exception traceback:
Traceback (most recent call last):
  File "/home/goida/.local/lib/python3.11/site-packages/telebot/__init__.py", line 1073, in __threaded_polling
    polling_thread.raise_exceptions()
  File "/home/goida/.local/lib/python3.11/site-packages/telebot/util.py", line 108, in raise_exceptions
    raise self.exception_info
  File "/home/goida/.local/lib/python3.11/site-packages/telebot/util.py", line 90, in run
    task(*args, **kwargs)
  File "/home/goida/.local/lib/python3.11/site-packages/telebot/__init__.py", line 649, in __retrieve_updates
    updates = self.get_updates(offset=(self.last_update_id + 1),
             ^^^^^^^^^^^^^^^^^^^^^^^^^^^^^^^^^^^^^^^^^^^^^^^^^^
  File "/home/goida/.local/lib/python3.11/site-packages/telebot/__init__.py", line 623, in get_updates
    json_updates = apihelper.get_updates(self.token, offset, limit, timeout, allowed_updates, long_polling_timeout)
                   ^^^^^^^^^^^^^^^^^^^^^^^^^^^^^^^^^^^^^^^^^^^^^^^^^^^^^^^^^^^^^^^^^^^^^^^^^^^^^^^^^^^^^^^^^^^^^^^^
  File "/home/goida/.local/lib/python3.11/site-packages/telebot/apihelper.py", line 321, in get_updates
    return _make_request(token, method_url, params=payload)
           ^^^^^^^^^^^^^^^^^^^^^^^^^^^^^^^^^^^^^^^^^^^^^^^^
  File "/home/goida/.local/lib/python3.11/site-packages/telebot/apihelper.py", line 162, in _make_request
    json_result = _check_result(method_name, result)
                  ^^^^^^^^^^^^^^^^^^^^^^^^^^^^^^^^^^
  File "/home/goida/.local/lib/python3.11/site-packages/telebot/apihelper.py", line 189, in _check_result
    raise ApiTelegramException(method_name, result, result_json)
telebot.apihelper.ApiTelegramException: A request to the Telegram API was unsuccessful. Error code: 409. Description: Conflict: terminated by other getUpdates request; make sure that only one bot instance is running

2026-01-31 09:18:03,904 - __main__ - INFO - ✅ Database connection OK
2026-01-31 09:18:03,904 - __main__ - INFO - 🤖 Starting Telegram bot...
2026-01-31 09:18:03,950 - TeleBot - ERROR - Threaded polling exception: A request to the Telegram API was unsuccessful. Error code: 409. Description: Conflict: terminated by other getUpdates request; make sure that only one bot instance is running
2026-01-31 09:18:03,952 - TeleBot - ERROR - Exception traceback:
Traceback (most recent call last):
  File "/home/goida/.local/lib/python3.11/site-packages/telebot/__init__.py", line 1073, in __threaded_polling
    polling_thread.raise_exceptions()
  File "/home/goida/.local/lib/python3.11/site-packages/telebot/util.py", line 108, in raise_exceptions
    raise self.exception_info
  File "/home/goida/.local/lib/python3.11/site-packages/telebot/util.py", line 90, in run
    task(*args, **kwargs)
  File "/home/goida/.local/lib/python3.11/site-packages/telebot/__init__.py", line 649, in __retrieve_updates
    updates = self.get_updates(offset=(self.last_update_id + 1),
             ^^^^^^^^^^^^^^^^^^^^^^^^^^^^^^^^^^^^^^^^^^^^^^^^^^
  File "/home/goida/.local/lib/python3.11/site-packages/telebot/__init__.py", line 623, in get_updates
    json_updates = apihelper.get_updates(self.token, offset, limit, timeout, allowed_updates, long_polling_timeout)
                   ^^^^^^^^^^^^^^^^^^^^^^^^^^^^^^^^^^^^^^^^^^^^^^^^^^^^^^^^^^^^^^^^^^^^^^^^^^^^^^^^^^^^^^^^^^^^^^^^
  File "/home/goida/.local/lib/python3.11/site-packages/telebot/apihelper.py", line 321, in get_updates
    return _make_request(token, method_url, params=payload)
           ^^^^^^^^^^^^^^^^^^^^^^^^^^^^^^^^^^^^^^^^^^^^^^^^
  File "/home/goida/.local/lib/python3.11/site-packages/telebot/apihelper.py", line 162, in _make_request
    json_result = _check_result(method_name, result)
                  ^^^^^^^^^^^^^^^^^^^^^^^^^^^^^^^^^^
  File "/home/goida/.local/lib/python3.11/site-packages/telebot/apihelper.py", line 189, in _check_result
    raise ApiTelegramException(method_name, result, result_json)
telebot.apihelper.ApiTelegramException: A request to the Telegram API was unsuccessful. Error code: 409. Description: Conflict: terminated by other getUpdates request; make sure that only one bot instance is running

2026-01-31 09:18:19,997 - __main__ - ERROR - ❌ Telegram API error: A request to the Telegram API was unsuccessful. Error code: 409. Description: Conflict: terminated by other getUpdates request; make sure that only one bot instance is running
2026-01-31 09:18:19,998 - connection - ERROR - API Error: A request to the Telegram API was unsuccessful. Error code: 409. Description: Conflict: terminated by other getUpdates request; make sure that only one bot instance is running
2026-01-31 09:18:19,998 - __main__ - ERROR - 🚨 CRITICAL: Multiple bot instances detected!
2026-01-31 09:18:19,998 - __main__ - ERROR - 🛑 Another bot instance is already running with the same token
2026-01-31 09:18:19,998 - __main__ - ERROR - 💡 Please stop all other bot instances before starting this one
2026-01-31 09:18:19,998 - connection - ERROR - Multiple bot instances conflict
2026-01-31 09:18:29,998 - __main__ - ERROR - 🔄 Retrying in 5 seconds...
2026-01-31 09:18:34,999 - __main__ - INFO - ✅ Database connection OK
2026-01-31 09:18:34,999 - __main__ - INFO - 🤖 Starting Telegram bot...
2026-01-31 09:18:35,045 - TeleBot - ERROR - Threaded polling exception: A request to the Telegram API was unsuccessful. Error code: 409. Description: Conflict: terminated by other getUpdates request; make sure that only one bot instance is running
2026-01-31 09:18:35,046 - TeleBot - ERROR - Exception traceback:
Traceback (most recent call last):
  File "/home/goida/.local/lib/python3.11/site-packages/telebot/__init__.py", line 1073, in __threaded_polling
    polling_thread.raise_exceptions()
  File "/home/goida/.local/lib/python3.11/site-packages/telebot/util.py", line 108, in raise_exceptions
    raise self.exception_info
  File "/home/goida/.local/lib/python3.11/site-packages/telebot/util.py", line 90, in run
    task(*args, **kwargs)
  File "/home/goida/.local/lib/python3.11/site-packages/telebot/__init__.py", line 649, in __retrieve_updates
    updates = self.get_updates(offset=(self.last_update_id + 1),
             ^^^^^^^^^^^^^^^^^^^^^^^^^^^^^^^^^^^^^^^^^^^^^^^^^^
  File "/home/goida/.local/lib/python3.11/site-packages/telebot/__init__.py", line 623, in get_updates
    json_updates = apihelper.get_updates(self.token, offset, limit, timeout, allowed_updates, long_polling_timeout)
                   ^^^^^^^^^^^^^^^^^^^^^^^^^^^^^^^^^^^^^^^^^^^^^^^^^^^^^^^^^^^^^^^^^^^^^^^^^^^^^^^^^^^^^^^^^^^^^^^^
  File "/home/goida/.local/lib/python3.11/site-packages/telebot/apihelper.py", line 321, in get_updates
    return _make_request(token, method_url, params=payload)
           ^^^^^^^^^^^^^^^^^^^^^^^^^^^^^^^^^^^^^^^^^^^^^^^^
  File "/home/goida/.local/lib/python3.11/site-packages/telebot/apihelper.py", line 162, in _make_request
    json_result = _check_result(method_name, result)
                  ^^^^^^^^^^^^^^^^^^^^^^^^^^^^^^^^^^
  File "/home/goida/.local/lib/python3.11/site-packages/telebot/apihelper.py", line 189, in _check_result
    raise ApiTelegramException(method_name, result, result_json)
telebot.apihelper.ApiTelegramException: A request to the Telegram API was unsuccessful. Error code: 409. Description: Conflict: terminated by other getUpdates request; make sure that only one bot instance is running

2026-01-31 09:19:00,562 - TeleBot - ERROR - Threaded polling exception: A request to the Telegram API was unsuccessful. Error code: 409. Description: Conflict: terminated by other getUpdates request; make sure that only one bot instance is running
2026-01-31 09:19:00,563 - TeleBot - ERROR - Exception traceback:
Traceback (most recent call last):
  File "/home/goida/.local/lib/python3.11/site-packages/telebot/__init__.py", line 1073, in __threaded_polling
    polling_thread.raise_exceptions()
  File "/home/goida/.local/lib/python3.11/site-packages/telebot/util.py", line 108, in raise_exceptions
    raise self.exception_info
  File "/home/goida/.local/lib/python3.11/site-packages/telebot/util.py", line 90, in run
    task(*args, **kwargs)
  File "/home/goida/.local/lib/python3.11/site-packages/telebot/__init__.py", line 649, in __retrieve_updates
    updates = self.get_updates(offset=(self.last_update_id + 1),
             ^^^^^^^^^^^^^^^^^^^^^^^^^^^^^^^^^^^^^^^^^^^^^^^^^^
  File "/home/goida/.local/lib/python3.11/site-packages/telebot/__init__.py", line 623, in get_updates
    json_updates = apihelper.get_updates(self.token, offset, limit, timeout, allowed_updates, long_polling_timeout)
                   ^^^^^^^^^^^^^^^^^^^^^^^^^^^^^^^^^^^^^^^^^^^^^^^^^^^^^^^^^^^^^^^^^^^^^^^^^^^^^^^^^^^^^^^^^^^^^^^^
  File "/home/goida/.local/lib/python3.11/site-packages/telebot/apihelper.py", line 321, in get_updates
    return _make_request(token, method_url, params=payload)
           ^^^^^^^^^^^^^^^^^^^^^^^^^^^^^^^^^^^^^^^^^^^^^^^^
  File "/home/goida/.local/lib/python3.11/site-packages/telebot/apihelper.py", line 162, in _make_request
    json_result = _check_result(method_name, result)
                  ^^^^^^^^^^^^^^^^^^^^^^^^^^^^^^^^^^
  File "/home/goida/.local/lib/python3.11/site-packages/telebot/apihelper.py", line 189, in _check_result
    raise ApiTelegramException(method_name, result, result_json)
telebot.apihelper.ApiTelegramException: A request to the Telegram API was unsuccessful. Error code: 409. Description: Conflict: terminated by other getUpdates request; make sure that only one bot instance is running

2026-01-31 09:19:03,864 - TeleBot - ERROR - Threaded polling exception: A request to the Telegram API was unsuccessful. Error code: 409. Description: Conflict: terminated by other getUpdates request; make sure that only one bot instance is running
2026-01-31 09:19:03,865 - TeleBot - ERROR - Exception traceback:
Traceback (most recent call last):
  File "/home/goida/.local/lib/python3.11/site-packages/telebot/__init__.py", line 1073, in __threaded_polling
    polling_thread.raise_exceptions()
  File "/home/goida/.local/lib/python3.11/site-packages/telebot/util.py", line 108, in raise_exceptions
    raise self.exception_info
  File "/home/goida/.local/lib/python3.11/site-packages/telebot/util.py", line 90, in run
    task(*args, **kwargs)
  File "/home/goida/.local/lib/python3.11/site-packages/telebot/__init__.py", line 649, in __retrieve_updates
    updates = self.get_updates(offset=(self.last_update_id + 1),
             ^^^^^^^^^^^^^^^^^^^^^^^^^^^^^^^^^^^^^^^^^^^^^^^^^^
  File "/home/goida/.local/lib/python3.11/site-packages/telebot/__init__.py", line 623, in get_updates
    json_updates = apihelper.get_updates(self.token, offset, limit, timeout, allowed_updates, long_polling_timeout)
                   ^^^^^^^^^^^^^^^^^^^^^^^^^^^^^^^^^^^^^^^^^^^^^^^^^^^^^^^^^^^^^^^^^^^^^^^^^^^^^^^^^^^^^^^^^^^^^^^^
  File "/home/goida/.local/lib/python3.11/site-packages/telebot/apihelper.py", line 321, in get_updates
    return _make_request(token, method_url, params=payload)
           ^^^^^^^^^^^^^^^^^^^^^^^^^^^^^^^^^^^^^^^^^^^^^^^^
  File "/home/goida/.local/lib/python3.11/site-packages/telebot/apihelper.py", line 162, in _make_request
    json_result = _check_result(method_name, result)
                  ^^^^^^^^^^^^^^^^^^^^^^^^^^^^^^^^^^
  File "/home/goida/.local/lib/python3.11/site-packages/telebot/apihelper.py", line 189, in _check_result
    raise ApiTelegramException(method_name, result, result_json)
telebot.apihelper.ApiTelegramException: A request to the Telegram API was unsuccessful. Error code: 409. Description: Conflict: terminated by other getUpdates request; make sure that only one bot instance is running

2026-01-31 09:19:07,091 - TeleBot - ERROR - Threaded polling exception: A request to the Telegram API was unsuccessful. Error code: 409. Description: Conflict: terminated by other getUpdates request; make sure that only one bot instance is running
2026-01-31 09:19:07,092 - TeleBot - ERROR - Exception traceback:
Traceback (most recent call last):
  File "/home/goida/.local/lib/python3.11/site-packages/telebot/__init__.py", line 1073, in __threaded_polling
    polling_thread.raise_exceptions()
  File "/home/goida/.local/lib/python3.11/site-packages/telebot/util.py", line 108, in raise_exceptions
    raise self.exception_info
  File "/home/goida/.local/lib/python3.11/site-packages/telebot/util.py", line 90, in run
    task(*args, **kwargs)
  File "/home/goida/.local/lib/python3.11/site-packages/telebot/__init__.py", line 649, in __retrieve_updates
    updates = self.get_updates(offset=(self.last_update_id + 1),
             ^^^^^^^^^^^^^^^^^^^^^^^^^^^^^^^^^^^^^^^^^^^^^^^^^^
  File "/home/goida/.local/lib/python3.11/site-packages/telebot/__init__.py", line 623, in get_updates
    json_updates = apihelper.get_updates(self.token, offset, limit, timeout, allowed_updates, long_polling_timeout)
                   ^^^^^^^^^^^^^^^^^^^^^^^^^^^^^^^^^^^^^^^^^^^^^^^^^^^^^^^^^^^^^^^^^^^^^^^^^^^^^^^^^^^^^^^^^^^^^^^^
  File "/home/goida/.local/lib/python3.11/site-packages/telebot/apihelper.py", line 321, in get_updates
    return _make_request(token, method_url, params=payload)
           ^^^^^^^^^^^^^^^^^^^^^^^^^^^^^^^^^^^^^^^^^^^^^^^^
  File "/home/goida/.local/lib/python3.11/site-packages/telebot/apihelper.py", line 162, in _make_request
    json_result = _check_result(method_name, result)
                  ^^^^^^^^^^^^^^^^^^^^^^^^^^^^^^^^^^
  File "/home/goida/.local/lib/python3.11/site-packages/telebot/apihelper.py", line 189, in _check_result
    raise ApiTelegramException(method_name, result, result_json)
telebot.apihelper.ApiTelegramException: A request to the Telegram API was unsuccessful. Error code: 409. Description: Conflict: terminated by other getUpdates request; make sure that only one bot instance is running

2026-01-31 09:19:10,652 - TeleBot - ERROR - Threaded polling exception: A request to the Telegram API was unsuccessful. Error code: 409. Description: Conflict: terminated by other getUpdates request; make sure that only one bot instance is running
2026-01-31 09:19:10,655 - TeleBot - ERROR - Exception traceback:
Traceback (most recent call last):
  File "/home/goida/.local/lib/python3.11/site-packages/telebot/__init__.py", line 1073, in __threaded_polling
    polling_thread.raise_exceptions()
  File "/home/goida/.local/lib/python3.11/site-packages/telebot/util.py", line 108, in raise_exceptions
    raise self.exception_info
  File "/home/goida/.local/lib/python3.11/site-packages/telebot/util.py", line 90, in run
    task(*args, **kwargs)
  File "/home/goida/.local/lib/python3.11/site-packages/telebot/__init__.py", line 649, in __retrieve_updates
    updates = self.get_updates(offset=(self.last_update_id + 1),
             ^^^^^^^^^^^^^^^^^^^^^^^^^^^^^^^^^^^^^^^^^^^^^^^^^^
  File "/home/goida/.local/lib/python3.11/site-packages/telebot/__init__.py", line 623, in get_updates
    json_updates = apihelper.get_updates(self.token, offset, limit, timeout, allowed_updates, long_polling_timeout)
                   ^^^^^^^^^^^^^^^^^^^^^^^^^^^^^^^^^^^^^^^^^^^^^^^^^^^^^^^^^^^^^^^^^^^^^^^^^^^^^^^^^^^^^^^^^^^^^^^^
  File "/home/goida/.local/lib/python3.11/site-packages/telebot/apihelper.py", line 321, in get_updates
    return _make_request(token, method_url, params=payload)
           ^^^^^^^^^^^^^^^^^^^^^^^^^^^^^^^^^^^^^^^^^^^^^^^^
  File "/home/goida/.local/lib/python3.11/site-packages/telebot/apihelper.py", line 162, in _make_request
    json_result = _check_result(method_name, result)
                  ^^^^^^^^^^^^^^^^^^^^^^^^^^^^^^^^^^
  File "/home/goida/.local/lib/python3.11/site-packages/telebot/apihelper.py", line 189, in _check_result
    raise ApiTelegramException(method_name, result, result_json)
telebot.apihelper.ApiTelegramException: A request to the Telegram API was unsuccessful. Error code: 409. Description: Conflict: terminated by other getUpdates request; make sure that only one bot instance is running

2026-01-31 09:20:03,914 - TeleBot - ERROR - Threaded polling exception: A request to the Telegram API was unsuccessful. Error code: 409. Description: Conflict: terminated by other getUpdates request; make sure that only one bot instance is running
2026-01-31 09:20:03,915 - TeleBot - ERROR - Exception traceback:
Traceback (most recent call last):
  File "/home/goida/.local/lib/python3.11/site-packages/telebot/__init__.py", line 1073, in __threaded_polling
    polling_thread.raise_exceptions()
  File "/home/goida/.local/lib/python3.11/site-packages/telebot/util.py", line 108, in raise_exceptions
    raise self.exception_info
  File "/home/goida/.local/lib/python3.11/site-packages/telebot/util.py", line 90, in run
    task(*args, **kwargs)
  File "/home/goida/.local/lib/python3.11/site-packages/telebot/__init__.py", line 649, in __retrieve_updates
    updates = self.get_updates(offset=(self.last_update_id + 1),
             ^^^^^^^^^^^^^^^^^^^^^^^^^^^^^^^^^^^^^^^^^^^^^^^^^^
  File "/home/goida/.local/lib/python3.11/site-packages/telebot/__init__.py", line 623, in get_updates
    json_updates = apihelper.get_updates(self.token, offset, limit, timeout, allowed_updates, long_polling_timeout)
                   ^^^^^^^^^^^^^^^^^^^^^^^^^^^^^^^^^^^^^^^^^^^^^^^^^^^^^^^^^^^^^^^^^^^^^^^^^^^^^^^^^^^^^^^^^^^^^^^^
  File "/home/goida/.local/lib/python3.11/site-packages/telebot/apihelper.py", line 321, in get_updates
    return _make_request(token, method_url, params=payload)
           ^^^^^^^^^^^^^^^^^^^^^^^^^^^^^^^^^^^^^^^^^^^^^^^^
  File "/home/goida/.local/lib/python3.11/site-packages/telebot/apihelper.py", line 162, in _make_request
    json_result = _check_result(method_name, result)
                  ^^^^^^^^^^^^^^^^^^^^^^^^^^^^^^^^^^
  File "/home/goida/.local/lib/python3.11/site-packages/telebot/apihelper.py", line 189, in _check_result
    raise ApiTelegramException(method_name, result, result_json)
telebot.apihelper.ApiTelegramException: A request to the Telegram API was unsuccessful. Error code: 409. Description: Conflict: terminated by other getUpdates request; make sure that only one bot instance is running

2026-01-31 09:20:07,217 - TeleBot - ERROR - Threaded polling exception: A request to the Telegram API was unsuccessful. Error code: 409. Description: Conflict: terminated by other getUpdates request; make sure that only one bot instance is running
2026-01-31 09:20:07,218 - TeleBot - ERROR - Exception traceback:
Traceback (most recent call last):
  File "/home/goida/.local/lib/python3.11/site-packages/telebot/__init__.py", line 1073, in __threaded_polling
    polling_thread.raise_exceptions()
  File "/home/goida/.local/lib/python3.11/site-packages/telebot/util.py", line 108, in raise_exceptions
    raise self.exception_info
  File "/home/goida/.local/lib/python3.11/site-packages/telebot/util.py", line 90, in run
    task(*args, **kwargs)
  File "/home/goida/.local/lib/python3.11/site-packages/telebot/__init__.py", line 649, in __retrieve_updates
    updates = self.get_updates(offset=(self.last_update_id + 1),
             ^^^^^^^^^^^^^^^^^^^^^^^^^^^^^^^^^^^^^^^^^^^^^^^^^^
  File "/home/goida/.local/lib/python3.11/site-packages/telebot/__init__.py", line 623, in get_updates
    json_updates = apihelper.get_updates(self.token, offset, limit, timeout, allowed_updates, long_polling_timeout)
                   ^^^^^^^^^^^^^^^^^^^^^^^^^^^^^^^^^^^^^^^^^^^^^^^^^^^^^^^^^^^^^^^^^^^^^^^^^^^^^^^^^^^^^^^^^^^^^^^^
  File "/home/goida/.local/lib/python3.11/site-packages/telebot/apihelper.py", line 321, in get_updates
    return _make_request(token, method_url, params=payload)
           ^^^^^^^^^^^^^^^^^^^^^^^^^^^^^^^^^^^^^^^^^^^^^^^^
  File "/home/goida/.local/lib/python3.11/site-packages/telebot/apihelper.py", line 162, in _make_request
    json_result = _check_result(method_name, result)
                  ^^^^^^^^^^^^^^^^^^^^^^^^^^^^^^^^^^
  File "/home/goida/.local/lib/python3.11/site-packages/telebot/apihelper.py", line 189, in _check_result
    raise ApiTelegramException(method_name, result, result_json)
telebot.apihelper.ApiTelegramException: A request to the Telegram API was unsuccessful. Error code: 409. Description: Conflict: terminated by other getUpdates request; make sure that only one bot instance is running

2026-01-31 09:20:10,708 - TeleBot - ERROR - Threaded polling exception: A request to the Telegram API was unsuccessful. Error code: 409. Description: Conflict: terminated by other getUpdates request; make sure that only one bot instance is running
2026-01-31 09:20:10,709 - TeleBot - ERROR - Exception traceback:
Traceback (most recent call last):
  File "/home/goida/.local/lib/python3.11/site-packages/telebot/__init__.py", line 1073, in __threaded_polling
    polling_thread.raise_exceptions()
  File "/home/goida/.local/lib/python3.11/site-packages/telebot/util.py", line 108, in raise_exceptions
    raise self.exception_info
  File "/home/goida/.local/lib/python3.11/site-packages/telebot/util.py", line 90, in run
    task(*args, **kwargs)
  File "/home/goida/.local/lib/python3.11/site-packages/telebot/__init__.py", line 649, in __retrieve_updates
    updates = self.get_updates(offset=(self.last_update_id + 1),
             ^^^^^^^^^^^^^^^^^^^^^^^^^^^^^^^^^^^^^^^^^^^^^^^^^^
  File "/home/goida/.local/lib/python3.11/site-packages/telebot/__init__.py", line 623, in get_updates
    json_updates = apihelper.get_updates(self.token, offset, limit, timeout, allowed_updates, long_polling_timeout)
                   ^^^^^^^^^^^^^^^^^^^^^^^^^^^^^^^^^^^^^^^^^^^^^^^^^^^^^^^^^^^^^^^^^^^^^^^^^^^^^^^^^^^^^^^^^^^^^^^^
  File "/home/goida/.local/lib/python3.11/site-packages/telebot/apihelper.py", line 321, in get_updates
    return _make_request(token, method_url, params=payload)
           ^^^^^^^^^^^^^^^^^^^^^^^^^^^^^^^^^^^^^^^^^^^^^^^^
  File "/home/goida/.local/lib/python3.11/site-packages/telebot/apihelper.py", line 162, in _make_request
    json_result = _check_result(method_name, result)
                  ^^^^^^^^^^^^^^^^^^^^^^^^^^^^^^^^^^
  File "/home/goida/.local/lib/python3.11/site-packages/telebot/apihelper.py", line 189, in _check_result
    raise ApiTelegramException(method_name, result, result_json)
telebot.apihelper.ApiTelegramException: A request to the Telegram API was unsuccessful. Error code: 409. Description: Conflict: terminated by other getUpdates request; make sure that only one bot instance is running

2026-01-31 09:20:14,267 - TeleBot - ERROR - Threaded polling exception: A request to the Telegram API was unsuccessful. Error code: 409. Description: Conflict: terminated by other getUpdates request; make sure that only one bot instance is running
2026-01-31 09:20:14,268 - TeleBot - ERROR - Exception traceback:
Traceback (most recent call last):
  File "/home/goida/.local/lib/python3.11/site-packages/telebot/__init__.py", line 1073, in __threaded_polling
    polling_thread.raise_exceptions()
  File "/home/goida/.local/lib/python3.11/site-packages/telebot/util.py", line 108, in raise_exceptions
    raise self.exception_info
  File "/home/goida/.local/lib/python3.11/site-packages/telebot/util.py", line 90, in run
    task(*args, **kwargs)
  File "/home/goida/.local/lib/python3.11/site-packages/telebot/__init__.py", line 649, in __retrieve_updates
    updates = self.get_updates(offset=(self.last_update_id + 1),
             ^^^^^^^^^^^^^^^^^^^^^^^^^^^^^^^^^^^^^^^^^^^^^^^^^^
  File "/home/goida/.local/lib/python3.11/site-packages/telebot/__init__.py", line 623, in get_updates
    json_updates = apihelper.get_updates(self.token, offset, limit, timeout, allowed_updates, long_polling_timeout)
                   ^^^^^^^^^^^^^^^^^^^^^^^^^^^^^^^^^^^^^^^^^^^^^^^^^^^^^^^^^^^^^^^^^^^^^^^^^^^^^^^^^^^^^^^^^^^^^^^^
  File "/home/goida/.local/lib/python3.11/site-packages/telebot/apihelper.py", line 321, in get_updates
    return _make_request(token, method_url, params=payload)
           ^^^^^^^^^^^^^^^^^^^^^^^^^^^^^^^^^^^^^^^^^^^^^^^^
  File "/home/goida/.local/lib/python3.11/site-packages/telebot/apihelper.py", line 162, in _make_request
    json_result = _check_result(method_name, result)
                  ^^^^^^^^^^^^^^^^^^^^^^^^^^^^^^^^^^
  File "/home/goida/.local/lib/python3.11/site-packages/telebot/apihelper.py", line 189, in _check_result
    raise ApiTelegramException(method_name, result, result_json)
telebot.apihelper.ApiTelegramException: A request to the Telegram API was unsuccessful. Error code: 409. Description: Conflict: terminated by other getUpdates request; make sure that only one bot instance is running

2026-01-31 09:21:07,266 - TeleBot - ERROR - Threaded polling exception: A request to the Telegram API was unsuccessful. Error code: 409. Description: Conflict: terminated by other getUpdates request; make sure that only one bot instance is running
2026-01-31 09:21:07,267 - TeleBot - ERROR - Exception traceback:
Traceback (most recent call last):
  File "/home/goida/.local/lib/python3.11/site-packages/telebot/__init__.py", line 1073, in __threaded_polling
    polling_thread.raise_exceptions()
  File "/home/goida/.local/lib/python3.11/site-packages/telebot/util.py", line 108, in raise_exceptions
    raise self.exception_info
  File "/home/goida/.local/lib/python3.11/site-packages/telebot/util.py", line 90, in run
    task(*args, **kwargs)
  File "/home/goida/.local/lib/python3.11/site-packages/telebot/__init__.py", line 649, in __retrieve_updates
    updates = self.get_updates(offset=(self.last_update_id + 1),
             ^^^^^^^^^^^^^^^^^^^^^^^^^^^^^^^^^^^^^^^^^^^^^^^^^^
  File "/home/goida/.local/lib/python3.11/site-packages/telebot/__init__.py", line 623, in get_updates
    json_updates = apihelper.get_updates(self.token, offset, limit, timeout, allowed_updates, long_polling_timeout)
                   ^^^^^^^^^^^^^^^^^^^^^^^^^^^^^^^^^^^^^^^^^^^^^^^^^^^^^^^^^^^^^^^^^^^^^^^^^^^^^^^^^^^^^^^^^^^^^^^^
  File "/home/goida/.local/lib/python3.11/site-packages/telebot/apihelper.py", line 321, in get_updates
    return _make_request(token, method_url, params=payload)
           ^^^^^^^^^^^^^^^^^^^^^^^^^^^^^^^^^^^^^^^^^^^^^^^^
  File "/home/goida/.local/lib/python3.11/site-packages/telebot/apihelper.py", line 162, in _make_request
    json_result = _check_result(method_name, result)
                  ^^^^^^^^^^^^^^^^^^^^^^^^^^^^^^^^^^
  File "/home/goida/.local/lib/python3.11/site-packages/telebot/apihelper.py", line 189, in _check_result
    raise ApiTelegramException(method_name, result, result_json)
telebot.apihelper.ApiTelegramException: A request to the Telegram API was unsuccessful. Error code: 409. Description: Conflict: terminated by other getUpdates request; make sure that only one bot instance is running

2026-01-31 09:21:10,566 - TeleBot - ERROR - Threaded polling exception: A request to the Telegram API was unsuccessful. Error code: 409. Description: Conflict: terminated by other getUpdates request; make sure that only one bot instance is running
2026-01-31 09:21:10,567 - TeleBot - ERROR - Exception traceback:
Traceback (most recent call last):
  File "/home/goida/.local/lib/python3.11/site-packages/telebot/__init__.py", line 1073, in __threaded_polling
    polling_thread.raise_exceptions()
  File "/home/goida/.local/lib/python3.11/site-packages/telebot/util.py", line 108, in raise_exceptions
    raise self.exception_info
  File "/home/goida/.local/lib/python3.11/site-packages/telebot/util.py", line 90, in run
    task(*args, **kwargs)
  File "/home/goida/.local/lib/python3.11/site-packages/telebot/__init__.py", line 649, in __retrieve_updates
    updates = self.get_updates(offset=(self.last_update_id + 1),
             ^^^^^^^^^^^^^^^^^^^^^^^^^^^^^^^^^^^^^^^^^^^^^^^^^^
  File "/home/goida/.local/lib/python3.11/site-packages/telebot/__init__.py", line 623, in get_updates
    json_updates = apihelper.get_updates(self.token, offset, limit, timeout, allowed_updates, long_polling_timeout)
                   ^^^^^^^^^^^^^^^^^^^^^^^^^^^^^^^^^^^^^^^^^^^^^^^^^^^^^^^^^^^^^^^^^^^^^^^^^^^^^^^^^^^^^^^^^^^^^^^^
  File "/home/goida/.local/lib/python3.11/site-packages/telebot/apihelper.py", line 321, in get_updates
    return _make_request(token, method_url, params=payload)
           ^^^^^^^^^^^^^^^^^^^^^^^^^^^^^^^^^^^^^^^^^^^^^^^^
  File "/home/goida/.local/lib/python3.11/site-packages/telebot/apihelper.py", line 162, in _make_request
    json_result = _check_result(method_name, result)
                  ^^^^^^^^^^^^^^^^^^^^^^^^^^^^^^^^^^
  File "/home/goida/.local/lib/python3.11/site-packages/telebot/apihelper.py", line 189, in _check_result
    raise ApiTelegramException(method_name, result, result_json)
telebot.apihelper.ApiTelegramException: A request to the Telegram API was unsuccessful. Error code: 409. Description: Conflict: terminated by other getUpdates request; make sure that only one bot instance is running

2026-01-31 09:21:14,314 - TeleBot - ERROR - Threaded polling exception: A request to the Telegram API was unsuccessful. Error code: 409. Description: Conflict: terminated by other getUpdates request; make sure that only one bot instance is running
2026-01-31 09:21:14,315 - TeleBot - ERROR - Exception traceback:
Traceback (most recent call last):
  File "/home/goida/.local/lib/python3.11/site-packages/telebot/__init__.py", line 1073, in __threaded_polling
    polling_thread.raise_exceptions()
  File "/home/goida/.local/lib/python3.11/site-packages/telebot/util.py", line 108, in raise_exceptions
    raise self.exception_info
  File "/home/goida/.local/lib/python3.11/site-packages/telebot/util.py", line 90, in run
    task(*args, **kwargs)
  File "/home/goida/.local/lib/python3.11/site-packages/telebot/__init__.py", line 649, in __retrieve_updates
    updates = self.get_updates(offset=(self.last_update_id + 1),
             ^^^^^^^^^^^^^^^^^^^^^^^^^^^^^^^^^^^^^^^^^^^^^^^^^^
  File "/home/goida/.local/lib/python3.11/site-packages/telebot/__init__.py", line 623, in get_updates
    json_updates = apihelper.get_updates(self.token, offset, limit, timeout, allowed_updates, long_polling_timeout)
                   ^^^^^^^^^^^^^^^^^^^^^^^^^^^^^^^^^^^^^^^^^^^^^^^^^^^^^^^^^^^^^^^^^^^^^^^^^^^^^^^^^^^^^^^^^^^^^^^^
  File "/home/goida/.local/lib/python3.11/site-packages/telebot/apihelper.py", line 321, in get_updates
    return _make_request(token, method_url, params=payload)
           ^^^^^^^^^^^^^^^^^^^^^^^^^^^^^^^^^^^^^^^^^^^^^^^^
  File "/home/goida/.local/lib/python3.11/site-packages/telebot/apihelper.py", line 162, in _make_request
    json_result = _check_result(method_name, result)
                  ^^^^^^^^^^^^^^^^^^^^^^^^^^^^^^^^^^
  File "/home/goida/.local/lib/python3.11/site-packages/telebot/apihelper.py", line 189, in _check_result
    raise ApiTelegramException(method_name, result, result_json)
telebot.apihelper.ApiTelegramException: A request to the Telegram API was unsuccessful. Error code: 409. Description: Conflict: terminated by other getUpdates request; make sure that only one bot instance is running

2026-01-31 09:21:14,857 - __main__ - INFO - Заявка поддержки сохранена в БД с ID: 9
2026-01-31 09:21:17,725 - TeleBot - ERROR - Threaded polling exception: A request to the Telegram API was unsuccessful. Error code: 409. Description: Conflict: terminated by other getUpdates request; make sure that only one bot instance is running
2026-01-31 09:21:17,726 - TeleBot - ERROR - Exception traceback:
Traceback (most recent call last):
  File "/home/goida/.local/lib/python3.11/site-packages/telebot/__init__.py", line 1073, in __threaded_polling
    polling_thread.raise_exceptions()
  File "/home/goida/.local/lib/python3.11/site-packages/telebot/util.py", line 108, in raise_exceptions
    raise self.exception_info
  File "/home/goida/.local/lib/python3.11/site-packages/telebot/util.py", line 90, in run
    task(*args, **kwargs)
  File "/home/goida/.local/lib/python3.11/site-packages/telebot/__init__.py", line 649, in __retrieve_updates
    updates = self.get_updates(offset=(self.last_update_id + 1),
             ^^^^^^^^^^^^^^^^^^^^^^^^^^^^^^^^^^^^^^^^^^^^^^^^^^
  File "/home/goida/.local/lib/python3.11/site-packages/telebot/__init__.py", line 623, in get_updates
    json_updates = apihelper.get_updates(self.token, offset, limit, timeout, allowed_updates, long_polling_timeout)
                   ^^^^^^^^^^^^^^^^^^^^^^^^^^^^^^^^^^^^^^^^^^^^^^^^^^^^^^^^^^^^^^^^^^^^^^^^^^^^^^^^^^^^^^^^^^^^^^^^
  File "/home/goida/.local/lib/python3.11/site-packages/telebot/apihelper.py", line 321, in get_updates
    return _make_request(token, method_url, params=payload)
           ^^^^^^^^^^^^^^^^^^^^^^^^^^^^^^^^^^^^^^^^^^^^^^^^
  File "/home/goida/.local/lib/python3.11/site-packages/telebot/apihelper.py", line 162, in _make_request
    json_result = _check_result(method_name, result)
                  ^^^^^^^^^^^^^^^^^^^^^^^^^^^^^^^^^^
  File "/home/goida/.local/lib/python3.11/site-packages/telebot/apihelper.py", line 189, in _check_result
    raise ApiTelegramException(method_name, result, result_json)
telebot.apihelper.ApiTelegramException: A request to the Telegram API was unsuccessful. Error code: 409. Description: Conflict: terminated by other getUpdates request; make sure that only one bot instance is running

2026-01-31 09:21:18,027 - TeleBot - ERROR - Threaded polling exception: A request to the Telegram API was unsuccessful. Error code: 409. Description: Conflict: terminated by other getUpdates request; make sure that only one bot instance is running
2026-01-31 09:21:18,028 - TeleBot - ERROR - Exception traceback:
Traceback (most recent call last):
  File "/home/goida/.local/lib/python3.11/site-packages/telebot/__init__.py", line 1073, in __threaded_polling
    polling_thread.raise_exceptions()
  File "/home/goida/.local/lib/python3.11/site-packages/telebot/util.py", line 108, in raise_exceptions
    raise self.exception_info
  File "/home/goida/.local/lib/python3.11/site-packages/telebot/util.py", line 90, in run
    task(*args, **kwargs)
  File "/home/goida/.local/lib/python3.11/site-packages/telebot/__init__.py", line 649, in __retrieve_updates
    updates = self.get_updates(offset=(self.last_update_id + 1),
             ^^^^^^^^^^^^^^^^^^^^^^^^^^^^^^^^^^^^^^^^^^^^^^^^^^
  File "/home/goida/.local/lib/python3.11/site-packages/telebot/__init__.py", line 623, in get_updates
    json_updates = apihelper.get_updates(self.token, offset, limit, timeout, allowed_updates, long_polling_timeout)
                   ^^^^^^^^^^^^^^^^^^^^^^^^^^^^^^^^^^^^^^^^^^^^^^^^^^^^^^^^^^^^^^^^^^^^^^^^^^^^^^^^^^^^^^^^^^^^^^^^
  File "/home/goida/.local/lib/python3.11/site-packages/telebot/apihelper.py", line 321, in get_updates
    return _make_request(token, method_url, params=payload)
           ^^^^^^^^^^^^^^^^^^^^^^^^^^^^^^^^^^^^^^^^^^^^^^^^
  File "/home/goida/.local/lib/python3.11/site-packages/telebot/apihelper.py", line 162, in _make_request
    json_result = _check_result(method_name, result)
                  ^^^^^^^^^^^^^^^^^^^^^^^^^^^^^^^^^^
  File "/home/goida/.local/lib/python3.11/site-packages/telebot/apihelper.py", line 189, in _check_result
    raise ApiTelegramException(method_name, result, result_json)
telebot.apihelper.ApiTelegramException: A request to the Telegram API was unsuccessful. Error code: 409. Description: Conflict: terminated by other getUpdates request; make sure that only one bot instance is running

2026-01-31 09:21:21,326 - TeleBot - ERROR - Threaded polling exception: A request to the Telegram API was unsuccessful. Error code: 409. Description: Conflict: terminated by other getUpdates request; make sure that only one bot instance is running
2026-01-31 09:21:21,327 - TeleBot - ERROR - Exception traceback:
Traceback (most recent call last):
  File "/home/goida/.local/lib/python3.11/site-packages/telebot/__init__.py", line 1073, in __threaded_polling
    polling_thread.raise_exceptions()
  File "/home/goida/.local/lib/python3.11/site-packages/telebot/util.py", line 108, in raise_exceptions
    raise self.exception_info
  File "/home/goida/.local/lib/python3.11/site-packages/telebot/util.py", line 90, in run
    task(*args, **kwargs)
  File "/home/goida/.local/lib/python3.11/site-packages/telebot/__init__.py", line 649, in __retrieve_updates
    updates = self.get_updates(offset=(self.last_update_id + 1),
             ^^^^^^^^^^^^^^^^^^^^^^^^^^^^^^^^^^^^^^^^^^^^^^^^^^
  File "/home/goida/.local/lib/python3.11/site-packages/telebot/__init__.py", line 623, in get_updates
    json_updates = apihelper.get_updates(self.token, offset, limit, timeout, allowed_updates, long_polling_timeout)
                   ^^^^^^^^^^^^^^^^^^^^^^^^^^^^^^^^^^^^^^^^^^^^^^^^^^^^^^^^^^^^^^^^^^^^^^^^^^^^^^^^^^^^^^^^^^^^^^^^
  File "/home/goida/.local/lib/python3.11/site-packages/telebot/apihelper.py", line 321, in get_updates
    return _make_request(token, method_url, params=payload)
           ^^^^^^^^^^^^^^^^^^^^^^^^^^^^^^^^^^^^^^^^^^^^^^^^
  File "/home/goida/.local/lib/python3.11/site-packages/telebot/apihelper.py", line 162, in _make_request
    json_result = _check_result(method_name, result)
                  ^^^^^^^^^^^^^^^^^^^^^^^^^^^^^^^^^^
  File "/home/goida/.local/lib/python3.11/site-packages/telebot/apihelper.py", line 189, in _check_result
    raise ApiTelegramException(method_name, result, result_json)
telebot.apihelper.ApiTelegramException: A request to the Telegram API was unsuccessful. Error code: 409. Description: Conflict: terminated by other getUpdates request; make sure that only one bot instance is running

2026-01-31 09:21:21,875 - TeleBot - ERROR - Threaded polling exception: A request to the Telegram API was unsuccessful. Error code: 409. Description: Conflict: terminated by other getUpdates request; make sure that only one bot instance is running
2026-01-31 09:21:21,876 - TeleBot - ERROR - Exception traceback:
Traceback (most recent call last):
  File "/home/goida/.local/lib/python3.11/site-packages/telebot/__init__.py", line 1073, in __threaded_polling
    polling_thread.raise_exceptions()
  File "/home/goida/.local/lib/python3.11/site-packages/telebot/util.py", line 108, in raise_exceptions
    raise self.exception_info
  File "/home/goida/.local/lib/python3.11/site-packages/telebot/util.py", line 90, in run
    task(*args, **kwargs)
  File "/home/goida/.local/lib/python3.11/site-packages/telebot/__init__.py", line 649, in __retrieve_updates
    updates = self.get_updates(offset=(self.last_update_id + 1),
             ^^^^^^^^^^^^^^^^^^^^^^^^^^^^^^^^^^^^^^^^^^^^^^^^^^
  File "/home/goida/.local/lib/python3.11/site-packages/telebot/__init__.py", line 623, in get_updates
    json_updates = apihelper.get_updates(self.token, offset, limit, timeout, allowed_updates, long_polling_timeout)
                   ^^^^^^^^^^^^^^^^^^^^^^^^^^^^^^^^^^^^^^^^^^^^^^^^^^^^^^^^^^^^^^^^^^^^^^^^^^^^^^^^^^^^^^^^^^^^^^^^
  File "/home/goida/.local/lib/python3.11/site-packages/telebot/apihelper.py", line 321, in get_updates
    return _make_request(token, method_url, params=payload)
           ^^^^^^^^^^^^^^^^^^^^^^^^^^^^^^^^^^^^^^^^^^^^^^^^
  File "/home/goida/.local/lib/python3.11/site-packages/telebot/apihelper.py", line 162, in _make_request
    json_result = _check_result(method_name, result)
                  ^^^^^^^^^^^^^^^^^^^^^^^^^^^^^^^^^^
  File "/home/goida/.local/lib/python3.11/site-packages/telebot/apihelper.py", line 189, in _check_result
    raise ApiTelegramException(method_name, result, result_json)
telebot.apihelper.ApiTelegramException: A request to the Telegram API was unsuccessful. Error code: 409. Description: Conflict: terminated by other getUpdates request; make sure that only one bot instance is running

2026-01-31 09:21:25,174 - TeleBot - ERROR - Threaded polling exception: A request to the Telegram API was unsuccessful. Error code: 409. Description: Conflict: terminated by other getUpdates request; make sure that only one bot instance is running
2026-01-31 09:21:25,175 - TeleBot - ERROR - Exception traceback:
Traceback (most recent call last):
  File "/home/goida/.local/lib/python3.11/site-packages/telebot/__init__.py", line 1073, in __threaded_polling
    polling_thread.raise_exceptions()
  File "/home/goida/.local/lib/python3.11/site-packages/telebot/util.py", line 108, in raise_exceptions
    raise self.exception_info
  File "/home/goida/.local/lib/python3.11/site-packages/telebot/util.py", line 90, in run
    task(*args, **kwargs)
  File "/home/goida/.local/lib/python3.11/site-packages/telebot/__init__.py", line 649, in __retrieve_updates
    updates = self.get_updates(offset=(self.last_update_id + 1),
             ^^^^^^^^^^^^^^^^^^^^^^^^^^^^^^^^^^^^^^^^^^^^^^^^^^
  File "/home/goida/.local/lib/python3.11/site-packages/telebot/__init__.py", line 623, in get_updates
    json_updates = apihelper.get_updates(self.token, offset, limit, timeout, allowed_updates, long_polling_timeout)
                   ^^^^^^^^^^^^^^^^^^^^^^^^^^^^^^^^^^^^^^^^^^^^^^^^^^^^^^^^^^^^^^^^^^^^^^^^^^^^^^^^^^^^^^^^^^^^^^^^
  File "/home/goida/.local/lib/python3.11/site-packages/telebot/apihelper.py", line 321, in get_updates
    return _make_request(token, method_url, params=payload)
           ^^^^^^^^^^^^^^^^^^^^^^^^^^^^^^^^^^^^^^^^^^^^^^^^
  File "/home/goida/.local/lib/python3.11/site-packages/telebot/apihelper.py", line 162, in _make_request
    json_result = _check_result(method_name, result)
                  ^^^^^^^^^^^^^^^^^^^^^^^^^^^^^^^^^^
  File "/home/goida/.local/lib/python3.11/site-packages/telebot/apihelper.py", line 189, in _check_result
    raise ApiTelegramException(method_name, result, result_json)
telebot.apihelper.ApiTelegramException: A request to the Telegram API was unsuccessful. Error code: 409. Description: Conflict: terminated by other getUpdates request; make sure that only one bot instance is running

2026-01-31 09:21:26,225 - TeleBot - ERROR - Threaded polling exception: A request to the Telegram API was unsuccessful. Error code: 409. Description: Conflict: terminated by other getUpdates request; make sure that only one bot instance is running
2026-01-31 09:21:26,225 - TeleBot - ERROR - Exception traceback:
Traceback (most recent call last):
  File "/home/goida/.local/lib/python3.11/site-packages/telebot/__init__.py", line 1073, in __threaded_polling
    polling_thread.raise_exceptions()
  File "/home/goida/.local/lib/python3.11/site-packages/telebot/util.py", line 108, in raise_exceptions
    raise self.exception_info
  File "/home/goida/.local/lib/python3.11/site-packages/telebot/util.py", line 90, in run
    task(*args, **kwargs)
  File "/home/goida/.local/lib/python3.11/site-packages/telebot/__init__.py", line 649, in __retrieve_updates
    updates = self.get_updates(offset=(self.last_update_id + 1),
             ^^^^^^^^^^^^^^^^^^^^^^^^^^^^^^^^^^^^^^^^^^^^^^^^^^
  File "/home/goida/.local/lib/python3.11/site-packages/telebot/__init__.py", line 623, in get_updates
    json_updates = apihelper.get_updates(self.token, offset, limit, timeout, allowed_updates, long_polling_timeout)
                   ^^^^^^^^^^^^^^^^^^^^^^^^^^^^^^^^^^^^^^^^^^^^^^^^^^^^^^^^^^^^^^^^^^^^^^^^^^^^^^^^^^^^^^^^^^^^^^^^
  File "/home/goida/.local/lib/python3.11/site-packages/telebot/apihelper.py", line 321, in get_updates
    return _make_request(token, method_url, params=payload)
           ^^^^^^^^^^^^^^^^^^^^^^^^^^^^^^^^^^^^^^^^^^^^^^^^
  File "/home/goida/.local/lib/python3.11/site-packages/telebot/apihelper.py", line 162, in _make_request
    json_result = _check_result(method_name, result)
                  ^^^^^^^^^^^^^^^^^^^^^^^^^^^^^^^^^^
  File "/home/goida/.local/lib/python3.11/site-packages/telebot/apihelper.py", line 189, in _check_result
    raise ApiTelegramException(method_name, result, result_json)
telebot.apihelper.ApiTelegramException: A request to the Telegram API was unsuccessful. Error code: 409. Description: Conflict: terminated by other getUpdates request; make sure that only one bot instance is running

2026-01-31 09:21:29,522 - TeleBot - ERROR - Threaded polling exception: A request to the Telegram API was unsuccessful. Error code: 409. Description: Conflict: terminated by other getUpdates request; make sure that only one bot instance is running
2026-01-31 09:21:29,523 - TeleBot - ERROR - Exception traceback:
Traceback (most recent call last):
  File "/home/goida/.local/lib/python3.11/site-packages/telebot/__init__.py", line 1073, in __threaded_polling
    polling_thread.raise_exceptions()
  File "/home/goida/.local/lib/python3.11/site-packages/telebot/util.py", line 108, in raise_exceptions
    raise self.exception_info
  File "/home/goida/.local/lib/python3.11/site-packages/telebot/util.py", line 90, in run
    task(*args, **kwargs)
  File "/home/goida/.local/lib/python3.11/site-packages/telebot/__init__.py", line 649, in __retrieve_updates
    updates = self.get_updates(offset=(self.last_update_id + 1),
             ^^^^^^^^^^^^^^^^^^^^^^^^^^^^^^^^^^^^^^^^^^^^^^^^^^
  File "/home/goida/.local/lib/python3.11/site-packages/telebot/__init__.py", line 623, in get_updates
    json_updates = apihelper.get_updates(self.token, offset, limit, timeout, allowed_updates, long_polling_timeout)
                   ^^^^^^^^^^^^^^^^^^^^^^^^^^^^^^^^^^^^^^^^^^^^^^^^^^^^^^^^^^^^^^^^^^^^^^^^^^^^^^^^^^^^^^^^^^^^^^^^
  File "/home/goida/.local/lib/python3.11/site-packages/telebot/apihelper.py", line 321, in get_updates
    return _make_request(token, method_url, params=payload)
           ^^^^^^^^^^^^^^^^^^^^^^^^^^^^^^^^^^^^^^^^^^^^^^^^
  File "/home/goida/.local/lib/python3.11/site-packages/telebot/apihelper.py", line 162, in _make_request
    json_result = _check_result(method_name, result)
                  ^^^^^^^^^^^^^^^^^^^^^^^^^^^^^^^^^^
  File "/home/goida/.local/lib/python3.11/site-packages/telebot/apihelper.py", line 189, in _check_result
    raise ApiTelegramException(method_name, result, result_json)
telebot.apihelper.ApiTelegramException: A request to the Telegram API was unsuccessful. Error code: 409. Description: Conflict: terminated by other getUpdates request; make sure that only one bot instance is running

2026-01-31 09:21:31,574 - TeleBot - ERROR - Threaded polling exception: A request to the Telegram API was unsuccessful. Error code: 409. Description: Conflict: terminated by other getUpdates request; make sure that only one bot instance is running
2026-01-31 09:21:31,575 - TeleBot - ERROR - Exception traceback:
Traceback (most recent call last):
  File "/home/goida/.local/lib/python3.11/site-packages/telebot/__init__.py", line 1073, in __threaded_polling
    polling_thread.raise_exceptions()
  File "/home/goida/.local/lib/python3.11/site-packages/telebot/util.py", line 108, in raise_exceptions
    raise self.exception_info
  File "/home/goida/.local/lib/python3.11/site-packages/telebot/util.py", line 90, in run
    task(*args, **kwargs)
  File "/home/goida/.local/lib/python3.11/site-packages/telebot/__init__.py", line 649, in __retrieve_updates
    updates = self.get_updates(offset=(self.last_update_id + 1),
             ^^^^^^^^^^^^^^^^^^^^^^^^^^^^^^^^^^^^^^^^^^^^^^^^^^
  File "/home/goida/.local/lib/python3.11/site-packages/telebot/__init__.py", line 623, in get_updates
    json_updates = apihelper.get_updates(self.token, offset, limit, timeout, allowed_updates, long_polling_timeout)
                   ^^^^^^^^^^^^^^^^^^^^^^^^^^^^^^^^^^^^^^^^^^^^^^^^^^^^^^^^^^^^^^^^^^^^^^^^^^^^^^^^^^^^^^^^^^^^^^^^
  File "/home/goida/.local/lib/python3.11/site-packages/telebot/apihelper.py", line 321, in get_updates
    return _make_request(token, method_url, params=payload)
           ^^^^^^^^^^^^^^^^^^^^^^^^^^^^^^^^^^^^^^^^^^^^^^^^
  File "/home/goida/.local/lib/python3.11/site-packages/telebot/apihelper.py", line 162, in _make_request
    json_result = _check_result(method_name, result)
                  ^^^^^^^^^^^^^^^^^^^^^^^^^^^^^^^^^^
  File "/home/goida/.local/lib/python3.11/site-packages/telebot/apihelper.py", line 189, in _check_result
    raise ApiTelegramException(method_name, result, result_json)
telebot.apihelper.ApiTelegramException: A request to the Telegram API was unsuccessful. Error code: 409. Description: Conflict: terminated by other getUpdates request; make sure that only one bot instance is running

2026-01-31 09:21:34,873 - TeleBot - ERROR - Threaded polling exception: A request to the Telegram API was unsuccessful. Error code: 409. Description: Conflict: terminated by other getUpdates request; make sure that only one bot instance is running
2026-01-31 09:21:34,874 - TeleBot - ERROR - Exception traceback:
Traceback (most recent call last):
  File "/home/goida/.local/lib/python3.11/site-packages/telebot/__init__.py", line 1073, in __threaded_polling
    polling_thread.raise_exceptions()
  File "/home/goida/.local/lib/python3.11/site-packages/telebot/util.py", line 108, in raise_exceptions
    raise self.exception_info
  File "/home/goida/.local/lib/python3.11/site-packages/telebot/util.py", line 90, in run
    task(*args, **kwargs)
  File "/home/goida/.local/lib/python3.11/site-packages/telebot/__init__.py", line 649, in __retrieve_updates
    updates = self.get_updates(offset=(self.last_update_id + 1),
             ^^^^^^^^^^^^^^^^^^^^^^^^^^^^^^^^^^^^^^^^^^^^^^^^^^
  File "/home/goida/.local/lib/python3.11/site-packages/telebot/__init__.py", line 623, in get_updates
    json_updates = apihelper.get_updates(self.token, offset, limit, timeout, allowed_updates, long_polling_timeout)
                   ^^^^^^^^^^^^^^^^^^^^^^^^^^^^^^^^^^^^^^^^^^^^^^^^^^^^^^^^^^^^^^^^^^^^^^^^^^^^^^^^^^^^^^^^^^^^^^^^
  File "/home/goida/.local/lib/python3.11/site-packages/telebot/apihelper.py", line 321, in get_updates
    return _make_request(token, method_url, params=payload)
           ^^^^^^^^^^^^^^^^^^^^^^^^^^^^^^^^^^^^^^^^^^^^^^^^
  File "/home/goida/.local/lib/python3.11/site-packages/telebot/apihelper.py", line 162, in _make_request
    json_result = _check_result(method_name, result)
                  ^^^^^^^^^^^^^^^^^^^^^^^^^^^^^^^^^^
  File "/home/goida/.local/lib/python3.11/site-packages/telebot/apihelper.py", line 189, in _check_result
    raise ApiTelegramException(method_name, result, result_json)
telebot.apihelper.ApiTelegramException: A request to the Telegram API was unsuccessful. Error code: 409. Description: Conflict: terminated by other getUpdates request; make sure that only one bot instance is running

2026-01-31 09:21:35,292 - __main__ - INFO - Заявка поддержки сохранена в БД с ID: 10
2026-01-31 09:21:38,923 - TeleBot - ERROR - Threaded polling exception: A request to the Telegram API was unsuccessful. Error code: 409. Description: Conflict: terminated by other getUpdates request; make sure that only one bot instance is running
2026-01-31 09:21:38,924 - TeleBot - ERROR - Exception traceback:
Traceback (most recent call last):
  File "/home/goida/.local/lib/python3.11/site-packages/telebot/__init__.py", line 1073, in __threaded_polling
    polling_thread.raise_exceptions()
  File "/home/goida/.local/lib/python3.11/site-packages/telebot/util.py", line 108, in raise_exceptions
    raise self.exception_info
  File "/home/goida/.local/lib/python3.11/site-packages/telebot/util.py", line 90, in run
    task(*args, **kwargs)
  File "/home/goida/.local/lib/python3.11/site-packages/telebot/__init__.py", line 649, in __retrieve_updates
    updates = self.get_updates(offset=(self.last_update_id + 1),
             ^^^^^^^^^^^^^^^^^^^^^^^^^^^^^^^^^^^^^^^^^^^^^^^^^^
  File "/home/goida/.local/lib/python3.11/site-packages/telebot/__init__.py", line 623, in get_updates
    json_updates = apihelper.get_updates(self.token, offset, limit, timeout, allowed_updates, long_polling_timeout)
                   ^^^^^^^^^^^^^^^^^^^^^^^^^^^^^^^^^^^^^^^^^^^^^^^^^^^^^^^^^^^^^^^^^^^^^^^^^^^^^^^^^^^^^^^^^^^^^^^^
  File "/home/goida/.local/lib/python3.11/site-packages/telebot/apihelper.py", line 321, in get_updates
    return _make_request(token, method_url, params=payload)
           ^^^^^^^^^^^^^^^^^^^^^^^^^^^^^^^^^^^^^^^^^^^^^^^^
  File "/home/goida/.local/lib/python3.11/site-packages/telebot/apihelper.py", line 162, in _make_request
    json_result = _check_result(method_name, result)
                  ^^^^^^^^^^^^^^^^^^^^^^^^^^^^^^^^^^
  File "/home/goida/.local/lib/python3.11/site-packages/telebot/apihelper.py", line 189, in _check_result
    raise ApiTelegramException(method_name, result, result_json)
telebot.apihelper.ApiTelegramException: A request to the Telegram API was unsuccessful. Error code: 409. Description: Conflict: terminated by other getUpdates request; make sure that only one bot instance is running

2026-01-31 09:21:42,223 - TeleBot - ERROR - Threaded polling exception: A request to the Telegram API was unsuccessful. Error code: 409. Description: Conflict: terminated by other getUpdates request; make sure that only one bot instance is running
2026-01-31 09:21:42,224 - TeleBot - ERROR - Exception traceback:
Traceback (most recent call last):
  File "/home/goida/.local/lib/python3.11/site-packages/telebot/__init__.py", line 1073, in __threaded_polling
    polling_thread.raise_exceptions()
  File "/home/goida/.local/lib/python3.11/site-packages/telebot/util.py", line 108, in raise_exceptions
    raise self.exception_info
  File "/home/goida/.local/lib/python3.11/site-packages/telebot/util.py", line 90, in run
    task(*args, **kwargs)
  File "/home/goida/.local/lib/python3.11/site-packages/telebot/__init__.py", line 649, in __retrieve_updates
    updates = self.get_updates(offset=(self.last_update_id + 1),
             ^^^^^^^^^^^^^^^^^^^^^^^^^^^^^^^^^^^^^^^^^^^^^^^^^^
  File "/home/goida/.local/lib/python3.11/site-packages/telebot/__init__.py", line 623, in get_updates
    json_updates = apihelper.get_updates(self.token, offset, limit, timeout, allowed_updates, long_polling_timeout)
                   ^^^^^^^^^^^^^^^^^^^^^^^^^^^^^^^^^^^^^^^^^^^^^^^^^^^^^^^^^^^^^^^^^^^^^^^^^^^^^^^^^^^^^^^^^^^^^^^^
  File "/home/goida/.local/lib/python3.11/site-packages/telebot/apihelper.py", line 321, in get_updates
    return _make_request(token, method_url, params=payload)
           ^^^^^^^^^^^^^^^^^^^^^^^^^^^^^^^^^^^^^^^^^^^^^^^^
  File "/home/goida/.local/lib/python3.11/site-packages/telebot/apihelper.py", line 162, in _make_request
    json_result = _check_result(method_name, result)
                  ^^^^^^^^^^^^^^^^^^^^^^^^^^^^^^^^^^
  File "/home/goida/.local/lib/python3.11/site-packages/telebot/apihelper.py", line 189, in _check_result
    raise ApiTelegramException(method_name, result, result_json)
telebot.apihelper.ApiTelegramException: A request to the Telegram API was unsuccessful. Error code: 409. Description: Conflict: terminated by other getUpdates request; make sure that only one bot instance is running

2026-01-31 09:21:50,557 - TeleBot - ERROR - Threaded polling exception: A request to the Telegram API was unsuccessful. Error code: 409. Description: Conflict: terminated by other getUpdates request; make sure that only one bot instance is running
2026-01-31 09:21:50,558 - TeleBot - ERROR - Exception traceback:
Traceback (most recent call last):
  File "/home/goida/.local/lib/python3.11/site-packages/telebot/__init__.py", line 1073, in __threaded_polling
    polling_thread.raise_exceptions()
  File "/home/goida/.local/lib/python3.11/site-packages/telebot/util.py", line 108, in raise_exceptions
    raise self.exception_info
  File "/home/goida/.local/lib/python3.11/site-packages/telebot/util.py", line 90, in run
    task(*args, **kwargs)
  File "/home/goida/.local/lib/python3.11/site-packages/telebot/__init__.py", line 649, in __retrieve_updates
    updates = self.get_updates(offset=(self.last_update_id + 1),
             ^^^^^^^^^^^^^^^^^^^^^^^^^^^^^^^^^^^^^^^^^^^^^^^^^^
  File "/home/goida/.local/lib/python3.11/site-packages/telebot/__init__.py", line 623, in get_updates
    json_updates = apihelper.get_updates(self.token, offset, limit, timeout, allowed_updates, long_polling_timeout)
                   ^^^^^^^^^^^^^^^^^^^^^^^^^^^^^^^^^^^^^^^^^^^^^^^^^^^^^^^^^^^^^^^^^^^^^^^^^^^^^^^^^^^^^^^^^^^^^^^^
  File "/home/goida/.local/lib/python3.11/site-packages/telebot/apihelper.py", line 321, in get_updates
    return _make_request(token, method_url, params=payload)
           ^^^^^^^^^^^^^^^^^^^^^^^^^^^^^^^^^^^^^^^^^^^^^^^^
  File "/home/goida/.local/lib/python3.11/site-packages/telebot/apihelper.py", line 162, in _make_request
    json_result = _check_result(method_name, result)
                  ^^^^^^^^^^^^^^^^^^^^^^^^^^^^^^^^^^
  File "/home/goida/.local/lib/python3.11/site-packages/telebot/apihelper.py", line 189, in _check_result
    raise ApiTelegramException(method_name, result, result_json)
telebot.apihelper.ApiTelegramException: A request to the Telegram API was unsuccessful. Error code: 409. Description: Conflict: terminated by other getUpdates request; make sure that only one bot instance is running

2026-01-31 09:21:54,103 - TeleBot - ERROR - Threaded polling exception: A request to the Telegram API was unsuccessful. Error code: 409. Description: Conflict: terminated by other getUpdates request; make sure that only one bot instance is running
2026-01-31 09:21:54,104 - TeleBot - ERROR - Exception traceback:
Traceback (most recent call last):
  File "/home/goida/.local/lib/python3.11/site-packages/telebot/__init__.py", line 1073, in __threaded_polling
    polling_thread.raise_exceptions()
  File "/home/goida/.local/lib/python3.11/site-packages/telebot/util.py", line 108, in raise_exceptions
    raise self.exception_info
  File "/home/goida/.local/lib/python3.11/site-packages/telebot/util.py", line 90, in run
    task(*args, **kwargs)
  File "/home/goida/.local/lib/python3.11/site-packages/telebot/__init__.py", line 649, in __retrieve_updates
    updates = self.get_updates(offset=(self.last_update_id + 1),
             ^^^^^^^^^^^^^^^^^^^^^^^^^^^^^^^^^^^^^^^^^^^^^^^^^^
  File "/home/goida/.local/lib/python3.11/site-packages/telebot/__init__.py", line 623, in get_updates
    json_updates = apihelper.get_updates(self.token, offset, limit, timeout, allowed_updates, long_polling_timeout)
                   ^^^^^^^^^^^^^^^^^^^^^^^^^^^^^^^^^^^^^^^^^^^^^^^^^^^^^^^^^^^^^^^^^^^^^^^^^^^^^^^^^^^^^^^^^^^^^^^^
  File "/home/goida/.local/lib/python3.11/site-packages/telebot/apihelper.py", line 321, in get_updates
    return _make_request(token, method_url, params=payload)
           ^^^^^^^^^^^^^^^^^^^^^^^^^^^^^^^^^^^^^^^^^^^^^^^^
  File "/home/goida/.local/lib/python3.11/site-packages/telebot/apihelper.py", line 162, in _make_request
    json_result = _check_result(method_name, result)
                  ^^^^^^^^^^^^^^^^^^^^^^^^^^^^^^^^^^
  File "/home/goida/.local/lib/python3.11/site-packages/telebot/apihelper.py", line 189, in _check_result
    raise ApiTelegramException(method_name, result, result_json)
telebot.apihelper.ApiTelegramException: A request to the Telegram API was unsuccessful. Error code: 409. Description: Conflict: terminated by other getUpdates request; make sure that only one bot instance is running

2026-01-31 09:22:09,752 - __main__ - INFO - Заявка поддержки сохранена в БД с ID: 11
2026-01-31 09:22:10,152 - TeleBot - ERROR - Threaded polling exception: A request to the Telegram API was unsuccessful. Error code: 409. Description: Conflict: terminated by other getUpdates request; make sure that only one bot instance is running
2026-01-31 09:22:10,153 - TeleBot - ERROR - Exception traceback:
Traceback (most recent call last):
  File "/home/goida/.local/lib/python3.11/site-packages/telebot/__init__.py", line 1073, in __threaded_polling
    polling_thread.raise_exceptions()
  File "/home/goida/.local/lib/python3.11/site-packages/telebot/util.py", line 108, in raise_exceptions
    raise self.exception_info
  File "/home/goida/.local/lib/python3.11/site-packages/telebot/util.py", line 90, in run
    task(*args, **kwargs)
  File "/home/goida/.local/lib/python3.11/site-packages/telebot/__init__.py", line 649, in __retrieve_updates
    updates = self.get_updates(offset=(self.last_update_id + 1),
             ^^^^^^^^^^^^^^^^^^^^^^^^^^^^^^^^^^^^^^^^^^^^^^^^^^
  File "/home/goida/.local/lib/python3.11/site-packages/telebot/__init__.py", line 623, in get_updates
    json_updates = apihelper.get_updates(self.token, offset, limit, timeout, allowed_updates, long_polling_timeout)
                   ^^^^^^^^^^^^^^^^^^^^^^^^^^^^^^^^^^^^^^^^^^^^^^^^^^^^^^^^^^^^^^^^^^^^^^^^^^^^^^^^^^^^^^^^^^^^^^^^
  File "/home/goida/.local/lib/python3.11/site-packages/telebot/apihelper.py", line 321, in get_updates
    return _make_request(token, method_url, params=payload)
           ^^^^^^^^^^^^^^^^^^^^^^^^^^^^^^^^^^^^^^^^^^^^^^^^
  File "/home/goida/.local/lib/python3.11/site-packages/telebot/apihelper.py", line 162, in _make_request
    json_result = _check_result(method_name, result)
                  ^^^^^^^^^^^^^^^^^^^^^^^^^^^^^^^^^^
  File "/home/goida/.local/lib/python3.11/site-packages/telebot/apihelper.py", line 189, in _check_result
    raise ApiTelegramException(method_name, result, result_json)
telebot.apihelper.ApiTelegramException: A request to the Telegram API was unsuccessful. Error code: 409. Description: Conflict: terminated by other getUpdates request; make sure that only one bot instance is running

2026-01-31 09:22:13,449 - TeleBot - ERROR - Threaded polling exception: A request to the Telegram API was unsuccessful. Error code: 409. Description: Conflict: terminated by other getUpdates request; make sure that only one bot instance is running
2026-01-31 09:22:13,450 - TeleBot - ERROR - Exception traceback:
Traceback (most recent call last):
  File "/home/goida/.local/lib/python3.11/site-packages/telebot/__init__.py", line 1073, in __threaded_polling
    polling_thread.raise_exceptions()
  File "/home/goida/.local/lib/python3.11/site-packages/telebot/util.py", line 108, in raise_exceptions
    raise self.exception_info
  File "/home/goida/.local/lib/python3.11/site-packages/telebot/util.py", line 90, in run
    task(*args, **kwargs)
  File "/home/goida/.local/lib/python3.11/site-packages/telebot/__init__.py", line 649, in __retrieve_updates
    updates = self.get_updates(offset=(self.last_update_id + 1),
             ^^^^^^^^^^^^^^^^^^^^^^^^^^^^^^^^^^^^^^^^^^^^^^^^^^
  File "/home/goida/.local/lib/python3.11/site-packages/telebot/__init__.py", line 623, in get_updates
    json_updates = apihelper.get_updates(self.token, offset, limit, timeout, allowed_updates, long_polling_timeout)
                   ^^^^^^^^^^^^^^^^^^^^^^^^^^^^^^^^^^^^^^^^^^^^^^^^^^^^^^^^^^^^^^^^^^^^^^^^^^^^^^^^^^^^^^^^^^^^^^^^
  File "/home/goida/.local/lib/python3.11/site-packages/telebot/apihelper.py", line 321, in get_updates
    return _make_request(token, method_url, params=payload)
           ^^^^^^^^^^^^^^^^^^^^^^^^^^^^^^^^^^^^^^^^^^^^^^^^
  File "/home/goida/.local/lib/python3.11/site-packages/telebot/apihelper.py", line 162, in _make_request
    json_result = _check_result(method_name, result)
                  ^^^^^^^^^^^^^^^^^^^^^^^^^^^^^^^^^^
  File "/home/goida/.local/lib/python3.11/site-packages/telebot/apihelper.py", line 189, in _check_result
    raise ApiTelegramException(method_name, result, result_json)
telebot.apihelper.ApiTelegramException: A request to the Telegram API was unsuccessful. Error code: 409. Description: Conflict: terminated by other getUpdates request; make sure that only one bot instance is running

2026-01-31 09:22:13,748 - TeleBot - ERROR - Threaded polling exception: A request to the Telegram API was unsuccessful. Error code: 409. Description: Conflict: terminated by other getUpdates request; make sure that only one bot instance is running
2026-01-31 09:22:13,749 - TeleBot - ERROR - Exception traceback:
Traceback (most recent call last):
  File "/home/goida/.local/lib/python3.11/site-packages/telebot/__init__.py", line 1073, in __threaded_polling
    polling_thread.raise_exceptions()
  File "/home/goida/.local/lib/python3.11/site-packages/telebot/util.py", line 108, in raise_exceptions
    raise self.exception_info
  File "/home/goida/.local/lib/python3.11/site-packages/telebot/util.py", line 90, in run
    task(*args, **kwargs)
  File "/home/goida/.local/lib/python3.11/site-packages/telebot/__init__.py", line 649, in __retrieve_updates
    updates = self.get_updates(offset=(self.last_update_id + 1),
             ^^^^^^^^^^^^^^^^^^^^^^^^^^^^^^^^^^^^^^^^^^^^^^^^^^
  File "/home/goida/.local/lib/python3.11/site-packages/telebot/__init__.py", line 623, in get_updates
    json_updates = apihelper.get_updates(self.token, offset, limit, timeout, allowed_updates, long_polling_timeout)
                   ^^^^^^^^^^^^^^^^^^^^^^^^^^^^^^^^^^^^^^^^^^^^^^^^^^^^^^^^^^^^^^^^^^^^^^^^^^^^^^^^^^^^^^^^^^^^^^^^
  File "/home/goida/.local/lib/python3.11/site-packages/telebot/apihelper.py", line 321, in get_updates
    return _make_request(token, method_url, params=payload)
           ^^^^^^^^^^^^^^^^^^^^^^^^^^^^^^^^^^^^^^^^^^^^^^^^
  File "/home/goida/.local/lib/python3.11/site-packages/telebot/apihelper.py", line 162, in _make_request
    json_result = _check_result(method_name, result)
                  ^^^^^^^^^^^^^^^^^^^^^^^^^^^^^^^^^^
  File "/home/goida/.local/lib/python3.11/site-packages/telebot/apihelper.py", line 189, in _check_result
    raise ApiTelegramException(method_name, result, result_json)
telebot.apihelper.ApiTelegramException: A request to the Telegram API was unsuccessful. Error code: 409. Description: Conflict: terminated by other getUpdates request; make sure that only one bot instance is running

2026-01-31 09:22:14,543 - TeleBot - ERROR - Threaded polling exception: A request to the Telegram API was unsuccessful. Error code: 409. Description: Conflict: terminated by other getUpdates request; make sure that only one bot instance is running
2026-01-31 09:22:14,544 - TeleBot - ERROR - Exception traceback:
Traceback (most recent call last):
  File "/home/goida/.local/lib/python3.11/site-packages/telebot/__init__.py", line 1073, in __threaded_polling
    polling_thread.raise_exceptions()
  File "/home/goida/.local/lib/python3.11/site-packages/telebot/util.py", line 108, in raise_exceptions
    raise self.exception_info
  File "/home/goida/.local/lib/python3.11/site-packages/telebot/util.py", line 90, in run
    task(*args, **kwargs)
  File "/home/goida/.local/lib/python3.11/site-packages/telebot/__init__.py", line 649, in __retrieve_updates
    updates = self.get_updates(offset=(self.last_update_id + 1),
             ^^^^^^^^^^^^^^^^^^^^^^^^^^^^^^^^^^^^^^^^^^^^^^^^^^
  File "/home/goida/.local/lib/python3.11/site-packages/telebot/__init__.py", line 623, in get_updates
    json_updates = apihelper.get_updates(self.token, offset, limit, timeout, allowed_updates, long_polling_timeout)
                   ^^^^^^^^^^^^^^^^^^^^^^^^^^^^^^^^^^^^^^^^^^^^^^^^^^^^^^^^^^^^^^^^^^^^^^^^^^^^^^^^^^^^^^^^^^^^^^^^
  File "/home/goida/.local/lib/python3.11/site-packages/telebot/apihelper.py", line 321, in get_updates
    return _make_request(token, method_url, params=payload)
           ^^^^^^^^^^^^^^^^^^^^^^^^^^^^^^^^^^^^^^^^^^^^^^^^
  File "/home/goida/.local/lib/python3.11/site-packages/telebot/apihelper.py", line 162, in _make_request
    json_result = _check_result(method_name, result)
                  ^^^^^^^^^^^^^^^^^^^^^^^^^^^^^^^^^^
  File "/home/goida/.local/lib/python3.11/site-packages/telebot/apihelper.py", line 189, in _check_result
    raise ApiTelegramException(method_name, result, result_json)
telebot.apihelper.ApiTelegramException: A request to the Telegram API was unsuccessful. Error code: 409. Description: Conflict: terminated by other getUpdates request; make sure that only one bot instance is running

2026-01-31 09:22:45,500 - TeleBot - ERROR - Threaded polling exception: A request to the Telegram API was unsuccessful. Error code: 409. Description: Conflict: terminated by other getUpdates request; make sure that only one bot instance is running
2026-01-31 09:22:45,501 - TeleBot - ERROR - Exception traceback:
Traceback (most recent call last):
  File "/home/goida/.local/lib/python3.11/site-packages/telebot/__init__.py", line 1073, in __threaded_polling
    polling_thread.raise_exceptions()
  File "/home/goida/.local/lib/python3.11/site-packages/telebot/util.py", line 108, in raise_exceptions
    raise self.exception_info
  File "/home/goida/.local/lib/python3.11/site-packages/telebot/util.py", line 90, in run
    task(*args, **kwargs)
  File "/home/goida/.local/lib/python3.11/site-packages/telebot/__init__.py", line 649, in __retrieve_updates
    updates = self.get_updates(offset=(self.last_update_id + 1),
             ^^^^^^^^^^^^^^^^^^^^^^^^^^^^^^^^^^^^^^^^^^^^^^^^^^
  File "/home/goida/.local/lib/python3.11/site-packages/telebot/__init__.py", line 623, in get_updates
    json_updates = apihelper.get_updates(self.token, offset, limit, timeout, allowed_updates, long_polling_timeout)
                   ^^^^^^^^^^^^^^^^^^^^^^^^^^^^^^^^^^^^^^^^^^^^^^^^^^^^^^^^^^^^^^^^^^^^^^^^^^^^^^^^^^^^^^^^^^^^^^^^
  File "/home/goida/.local/lib/python3.11/site-packages/telebot/apihelper.py", line 321, in get_updates
    return _make_request(token, method_url, params=payload)
           ^^^^^^^^^^^^^^^^^^^^^^^^^^^^^^^^^^^^^^^^^^^^^^^^
  File "/home/goida/.local/lib/python3.11/site-packages/telebot/apihelper.py", line 162, in _make_request
    json_result = _check_result(method_name, result)
                  ^^^^^^^^^^^^^^^^^^^^^^^^^^^^^^^^^^
  File "/home/goida/.local/lib/python3.11/site-packages/telebot/apihelper.py", line 189, in _check_result
    raise ApiTelegramException(method_name, result, result_json)
telebot.apihelper.ApiTelegramException: A request to the Telegram API was unsuccessful. Error code: 409. Description: Conflict: terminated by other getUpdates request; make sure that only one bot instance is running

2026-01-31 09:22:49,075 - TeleBot - ERROR - Threaded polling exception: A request to the Telegram API was unsuccessful. Error code: 409. Description: Conflict: terminated by other getUpdates request; make sure that only one bot instance is running
2026-01-31 09:22:49,076 - TeleBot - ERROR - Exception traceback:
Traceback (most recent call last):
  File "/home/goida/.local/lib/python3.11/site-packages/telebot/__init__.py", line 1073, in __threaded_polling
    polling_thread.raise_exceptions()
  File "/home/goida/.local/lib/python3.11/site-packages/telebot/util.py", line 108, in raise_exceptions
    raise self.exception_info
  File "/home/goida/.local/lib/python3.11/site-packages/telebot/util.py", line 90, in run
    task(*args, **kwargs)
  File "/home/goida/.local/lib/python3.11/site-packages/telebot/__init__.py", line 649, in __retrieve_updates
    updates = self.get_updates(offset=(self.last_update_id + 1),
             ^^^^^^^^^^^^^^^^^^^^^^^^^^^^^^^^^^^^^^^^^^^^^^^^^^
  File "/home/goida/.local/lib/python3.11/site-packages/telebot/__init__.py", line 623, in get_updates
    json_updates = apihelper.get_updates(self.token, offset, limit, timeout, allowed_updates, long_polling_timeout)
                   ^^^^^^^^^^^^^^^^^^^^^^^^^^^^^^^^^^^^^^^^^^^^^^^^^^^^^^^^^^^^^^^^^^^^^^^^^^^^^^^^^^^^^^^^^^^^^^^^
  File "/home/goida/.local/lib/python3.11/site-packages/telebot/apihelper.py", line 321, in get_updates
    return _make_request(token, method_url, params=payload)
           ^^^^^^^^^^^^^^^^^^^^^^^^^^^^^^^^^^^^^^^^^^^^^^^^
  File "/home/goida/.local/lib/python3.11/site-packages/telebot/apihelper.py", line 162, in _make_request
    json_result = _check_result(method_name, result)
                  ^^^^^^^^^^^^^^^^^^^^^^^^^^^^^^^^^^
  File "/home/goida/.local/lib/python3.11/site-packages/telebot/apihelper.py", line 189, in _check_result
    raise ApiTelegramException(method_name, result, result_json)
telebot.apihelper.ApiTelegramException: A request to the Telegram API was unsuccessful. Error code: 409. Description: Conflict: terminated by other getUpdates request; make sure that only one bot instance is running

2026-01-31 09:23:14,594 - TeleBot - ERROR - Threaded polling exception: A request to the Telegram API was unsuccessful. Error code: 409. Description: Conflict: terminated by other getUpdates request; make sure that only one bot instance is running
2026-01-31 09:23:14,595 - TeleBot - ERROR - Exception traceback:
Traceback (most recent call last):
  File "/home/goida/.local/lib/python3.11/site-packages/telebot/__init__.py", line 1073, in __threaded_polling
    polling_thread.raise_exceptions()
  File "/home/goida/.local/lib/python3.11/site-packages/telebot/util.py", line 108, in raise_exceptions
    raise self.exception_info
  File "/home/goida/.local/lib/python3.11/site-packages/telebot/util.py", line 90, in run
    task(*args, **kwargs)
  File "/home/goida/.local/lib/python3.11/site-packages/telebot/__init__.py", line 649, in __retrieve_updates
    updates = self.get_updates(offset=(self.last_update_id + 1),
             ^^^^^^^^^^^^^^^^^^^^^^^^^^^^^^^^^^^^^^^^^^^^^^^^^^
  File "/home/goida/.local/lib/python3.11/site-packages/telebot/__init__.py", line 623, in get_updates
    json_updates = apihelper.get_updates(self.token, offset, limit, timeout, allowed_updates, long_polling_timeout)
                   ^^^^^^^^^^^^^^^^^^^^^^^^^^^^^^^^^^^^^^^^^^^^^^^^^^^^^^^^^^^^^^^^^^^^^^^^^^^^^^^^^^^^^^^^^^^^^^^^
  File "/home/goida/.local/lib/python3.11/site-packages/telebot/apihelper.py", line 321, in get_updates
    return _make_request(token, method_url, params=payload)
           ^^^^^^^^^^^^^^^^^^^^^^^^^^^^^^^^^^^^^^^^^^^^^^^^
  File "/home/goida/.local/lib/python3.11/site-packages/telebot/apihelper.py", line 162, in _make_request
    json_result = _check_result(method_name, result)
                  ^^^^^^^^^^^^^^^^^^^^^^^^^^^^^^^^^^
  File "/home/goida/.local/lib/python3.11/site-packages/telebot/apihelper.py", line 189, in _check_result
    raise ApiTelegramException(method_name, result, result_json)
telebot.apihelper.ApiTelegramException: A request to the Telegram API was unsuccessful. Error code: 409. Description: Conflict: terminated by other getUpdates request; make sure that only one bot instance is running

2026-01-31 09:23:17,897 - TeleBot - ERROR - Threaded polling exception: A request to the Telegram API was unsuccessful. Error code: 409. Description: Conflict: terminated by other getUpdates request; make sure that only one bot instance is running
2026-01-31 09:23:17,897 - TeleBot - ERROR - Exception traceback:
Traceback (most recent call last):
  File "/home/goida/.local/lib/python3.11/site-packages/telebot/__init__.py", line 1073, in __threaded_polling
    polling_thread.raise_exceptions()
  File "/home/goida/.local/lib/python3.11/site-packages/telebot/util.py", line 108, in raise_exceptions
    raise self.exception_info
  File "/home/goida/.local/lib/python3.11/site-packages/telebot/util.py", line 90, in run
    task(*args, **kwargs)
  File "/home/goida/.local/lib/python3.11/site-packages/telebot/__init__.py", line 649, in __retrieve_updates
    updates = self.get_updates(offset=(self.last_update_id + 1),
             ^^^^^^^^^^^^^^^^^^^^^^^^^^^^^^^^^^^^^^^^^^^^^^^^^^
  File "/home/goida/.local/lib/python3.11/site-packages/telebot/__init__.py", line 623, in get_updates
    json_updates = apihelper.get_updates(self.token, offset, limit, timeout, allowed_updates, long_polling_timeout)
                   ^^^^^^^^^^^^^^^^^^^^^^^^^^^^^^^^^^^^^^^^^^^^^^^^^^^^^^^^^^^^^^^^^^^^^^^^^^^^^^^^^^^^^^^^^^^^^^^^
  File "/home/goida/.local/lib/python3.11/site-packages/telebot/apihelper.py", line 321, in get_updates
    return _make_request(token, method_url, params=payload)
           ^^^^^^^^^^^^^^^^^^^^^^^^^^^^^^^^^^^^^^^^^^^^^^^^
  File "/home/goida/.local/lib/python3.11/site-packages/telebot/apihelper.py", line 162, in _make_request
    json_result = _check_result(method_name, result)
                  ^^^^^^^^^^^^^^^^^^^^^^^^^^^^^^^^^^
  File "/home/goida/.local/lib/python3.11/site-packages/telebot/apihelper.py", line 189, in _check_result
    raise ApiTelegramException(method_name, result, result_json)
telebot.apihelper.ApiTelegramException: A request to the Telegram API was unsuccessful. Error code: 409. Description: Conflict: terminated by other getUpdates request; make sure that only one bot instance is running

2026-01-31 09:23:40,653 - __main__ - INFO - Заявка поддержки сохранена в БД с ID: 12
2026-01-31 09:23:49,125 - TeleBot - ERROR - Threaded polling exception: A request to the Telegram API was unsuccessful. Error code: 409. Description: Conflict: terminated by other getUpdates request; make sure that only one bot instance is running
2026-01-31 09:23:49,125 - TeleBot - ERROR - Exception traceback:
Traceback (most recent call last):
  File "/home/goida/.local/lib/python3.11/site-packages/telebot/__init__.py", line 1073, in __threaded_polling
    polling_thread.raise_exceptions()
  File "/home/goida/.local/lib/python3.11/site-packages/telebot/util.py", line 108, in raise_exceptions
    raise self.exception_info
  File "/home/goida/.local/lib/python3.11/site-packages/telebot/util.py", line 90, in run
    task(*args, **kwargs)
  File "/home/goida/.local/lib/python3.11/site-packages/telebot/__init__.py", line 649, in __retrieve_updates
    updates = self.get_updates(offset=(self.last_update_id + 1),
             ^^^^^^^^^^^^^^^^^^^^^^^^^^^^^^^^^^^^^^^^^^^^^^^^^^
  File "/home/goida/.local/lib/python3.11/site-packages/telebot/__init__.py", line 623, in get_updates
    json_updates = apihelper.get_updates(self.token, offset, limit, timeout, allowed_updates, long_polling_timeout)
                   ^^^^^^^^^^^^^^^^^^^^^^^^^^^^^^^^^^^^^^^^^^^^^^^^^^^^^^^^^^^^^^^^^^^^^^^^^^^^^^^^^^^^^^^^^^^^^^^^
  File "/home/goida/.local/lib/python3.11/site-packages/telebot/apihelper.py", line 321, in get_updates
    return _make_request(token, method_url, params=payload)
           ^^^^^^^^^^^^^^^^^^^^^^^^^^^^^^^^^^^^^^^^^^^^^^^^
  File "/home/goida/.local/lib/python3.11/site-packages/telebot/apihelper.py", line 162, in _make_request
    json_result = _check_result(method_name, result)
                  ^^^^^^^^^^^^^^^^^^^^^^^^^^^^^^^^^^
  File "/home/goida/.local/lib/python3.11/site-packages/telebot/apihelper.py", line 189, in _check_result
    raise ApiTelegramException(method_name, result, result_json)
telebot.apihelper.ApiTelegramException: A request to the Telegram API was unsuccessful. Error code: 409. Description: Conflict: terminated by other getUpdates request; make sure that only one bot instance is running

2026-01-31 09:23:52,444 - TeleBot - ERROR - Threaded polling exception: A request to the Telegram API was unsuccessful. Error code: 409. Description: Conflict: terminated by other getUpdates request; make sure that only one bot instance is running
2026-01-31 09:23:52,445 - TeleBot - ERROR - Exception traceback:
Traceback (most recent call last):
  File "/home/goida/.local/lib/python3.11/site-packages/telebot/__init__.py", line 1073, in __threaded_polling
    polling_thread.raise_exceptions()
  File "/home/goida/.local/lib/python3.11/site-packages/telebot/util.py", line 108, in raise_exceptions
    raise self.exception_info
  File "/home/goida/.local/lib/python3.11/site-packages/telebot/util.py", line 90, in run
    task(*args, **kwargs)
  File "/home/goida/.local/lib/python3.11/site-packages/telebot/__init__.py", line 649, in __retrieve_updates
    updates = self.get_updates(offset=(self.last_update_id + 1),
             ^^^^^^^^^^^^^^^^^^^^^^^^^^^^^^^^^^^^^^^^^^^^^^^^^^
  File "/home/goida/.local/lib/python3.11/site-packages/telebot/__init__.py", line 623, in get_updates
    json_updates = apihelper.get_updates(self.token, offset, limit, timeout, allowed_updates, long_polling_timeout)
                   ^^^^^^^^^^^^^^^^^^^^^^^^^^^^^^^^^^^^^^^^^^^^^^^^^^^^^^^^^^^^^^^^^^^^^^^^^^^^^^^^^^^^^^^^^^^^^^^^
  File "/home/goida/.local/lib/python3.11/site-packages/telebot/apihelper.py", line 321, in get_updates
    return _make_request(token, method_url, params=payload)
           ^^^^^^^^^^^^^^^^^^^^^^^^^^^^^^^^^^^^^^^^^^^^^^^^
  File "/home/goida/.local/lib/python3.11/site-packages/telebot/apihelper.py", line 162, in _make_request
    json_result = _check_result(method_name, result)
                  ^^^^^^^^^^^^^^^^^^^^^^^^^^^^^^^^^^
  File "/home/goida/.local/lib/python3.11/site-packages/telebot/apihelper.py", line 189, in _check_result
    raise ApiTelegramException(method_name, result, result_json)
telebot.apihelper.ApiTelegramException: A request to the Telegram API was unsuccessful. Error code: 409. Description: Conflict: terminated by other getUpdates request; make sure that only one bot instance is running

2026-01-31 09:24:03,630 - __main__ - INFO - Заявка поддержки сохранена в БД с ID: 13
2026-01-31 09:24:17,946 - TeleBot - ERROR - Threaded polling exception: A request to the Telegram API was unsuccessful. Error code: 409. Description: Conflict: terminated by other getUpdates request; make sure that only one bot instance is running
2026-01-31 09:24:17,947 - TeleBot - ERROR - Exception traceback:
Traceback (most recent call last):
  File "/home/goida/.local/lib/python3.11/site-packages/telebot/__init__.py", line 1073, in __threaded_polling
    polling_thread.raise_exceptions()
  File "/home/goida/.local/lib/python3.11/site-packages/telebot/util.py", line 108, in raise_exceptions
    raise self.exception_info
  File "/home/goida/.local/lib/python3.11/site-packages/telebot/util.py", line 90, in run
    task(*args, **kwargs)
  File "/home/goida/.local/lib/python3.11/site-packages/telebot/__init__.py", line 649, in __retrieve_updates
    updates = self.get_updates(offset=(self.last_update_id + 1),
             ^^^^^^^^^^^^^^^^^^^^^^^^^^^^^^^^^^^^^^^^^^^^^^^^^^
  File "/home/goida/.local/lib/python3.11/site-packages/telebot/__init__.py", line 623, in get_updates
    json_updates = apihelper.get_updates(self.token, offset, limit, timeout, allowed_updates, long_polling_timeout)
                   ^^^^^^^^^^^^^^^^^^^^^^^^^^^^^^^^^^^^^^^^^^^^^^^^^^^^^^^^^^^^^^^^^^^^^^^^^^^^^^^^^^^^^^^^^^^^^^^^
  File "/home/goida/.local/lib/python3.11/site-packages/telebot/apihelper.py", line 321, in get_updates
    return _make_request(token, method_url, params=payload)
           ^^^^^^^^^^^^^^^^^^^^^^^^^^^^^^^^^^^^^^^^^^^^^^^^
  File "/home/goida/.local/lib/python3.11/site-packages/telebot/apihelper.py", line 162, in _make_request
    json_result = _check_result(method_name, result)
                  ^^^^^^^^^^^^^^^^^^^^^^^^^^^^^^^^^^
  File "/home/goida/.local/lib/python3.11/site-packages/telebot/apihelper.py", line 189, in _check_result
    raise ApiTelegramException(method_name, result, result_json)
telebot.apihelper.ApiTelegramException: A request to the Telegram API was unsuccessful. Error code: 409. Description: Conflict: terminated by other getUpdates request; make sure that only one bot instance is running

2026-01-31 09:24:21,254 - TeleBot - ERROR - Threaded polling exception: A request to the Telegram API was unsuccessful. Error code: 409. Description: Conflict: terminated by other getUpdates request; make sure that only one bot instance is running
2026-01-31 09:24:21,254 - TeleBot - ERROR - Exception traceback:
Traceback (most recent call last):
  File "/home/goida/.local/lib/python3.11/site-packages/telebot/__init__.py", line 1073, in __threaded_polling
    polling_thread.raise_exceptions()
  File "/home/goida/.local/lib/python3.11/site-packages/telebot/util.py", line 108, in raise_exceptions
    raise self.exception_info
  File "/home/goida/.local/lib/python3.11/site-packages/telebot/util.py", line 90, in run
    task(*args, **kwargs)
  File "/home/goida/.local/lib/python3.11/site-packages/telebot/__init__.py", line 649, in __retrieve_updates
    updates = self.get_updates(offset=(self.last_update_id + 1),
             ^^^^^^^^^^^^^^^^^^^^^^^^^^^^^^^^^^^^^^^^^^^^^^^^^^
  File "/home/goida/.local/lib/python3.11/site-packages/telebot/__init__.py", line 623, in get_updates
    json_updates = apihelper.get_updates(self.token, offset, limit, timeout, allowed_updates, long_polling_timeout)
                   ^^^^^^^^^^^^^^^^^^^^^^^^^^^^^^^^^^^^^^^^^^^^^^^^^^^^^^^^^^^^^^^^^^^^^^^^^^^^^^^^^^^^^^^^^^^^^^^^
  File "/home/goida/.local/lib/python3.11/site-packages/telebot/apihelper.py", line 321, in get_updates
    return _make_request(token, method_url, params=payload)
           ^^^^^^^^^^^^^^^^^^^^^^^^^^^^^^^^^^^^^^^^^^^^^^^^
  File "/home/goida/.local/lib/python3.11/site-packages/telebot/apihelper.py", line 162, in _make_request
    json_result = _check_result(method_name, result)
                  ^^^^^^^^^^^^^^^^^^^^^^^^^^^^^^^^^^
  File "/home/goida/.local/lib/python3.11/site-packages/telebot/apihelper.py", line 189, in _check_result
    raise ApiTelegramException(method_name, result, result_json)
telebot.apihelper.ApiTelegramException: A request to the Telegram API was unsuccessful. Error code: 409. Description: Conflict: terminated by other getUpdates request; make sure that only one bot instance is running

2026-01-31 09:24:39,693 - __main__ - INFO - Заявка поддержки сохранена в БД с ID: 14
2026-01-31 09:24:52,496 - TeleBot - ERROR - Threaded polling exception: A request to the Telegram API was unsuccessful. Error code: 409. Description: Conflict: terminated by other getUpdates request; make sure that only one bot instance is running
2026-01-31 09:24:52,497 - TeleBot - ERROR - Exception traceback:
Traceback (most recent call last):
  File "/home/goida/.local/lib/python3.11/site-packages/telebot/__init__.py", line 1073, in __threaded_polling
    polling_thread.raise_exceptions()
  File "/home/goida/.local/lib/python3.11/site-packages/telebot/util.py", line 108, in raise_exceptions
    raise self.exception_info
  File "/home/goida/.local/lib/python3.11/site-packages/telebot/util.py", line 90, in run
    task(*args, **kwargs)
  File "/home/goida/.local/lib/python3.11/site-packages/telebot/__init__.py", line 649, in __retrieve_updates
    updates = self.get_updates(offset=(self.last_update_id + 1),
             ^^^^^^^^^^^^^^^^^^^^^^^^^^^^^^^^^^^^^^^^^^^^^^^^^^
  File "/home/goida/.local/lib/python3.11/site-packages/telebot/__init__.py", line 623, in get_updates
    json_updates = apihelper.get_updates(self.token, offset, limit, timeout, allowed_updates, long_polling_timeout)
                   ^^^^^^^^^^^^^^^^^^^^^^^^^^^^^^^^^^^^^^^^^^^^^^^^^^^^^^^^^^^^^^^^^^^^^^^^^^^^^^^^^^^^^^^^^^^^^^^^
  File "/home/goida/.local/lib/python3.11/site-packages/telebot/apihelper.py", line 321, in get_updates
    return _make_request(token, method_url, params=payload)
           ^^^^^^^^^^^^^^^^^^^^^^^^^^^^^^^^^^^^^^^^^^^^^^^^
  File "/home/goida/.local/lib/python3.11/site-packages/telebot/apihelper.py", line 162, in _make_request
    json_result = _check_result(method_name, result)
                  ^^^^^^^^^^^^^^^^^^^^^^^^^^^^^^^^^^
  File "/home/goida/.local/lib/python3.11/site-packages/telebot/apihelper.py", line 189, in _check_result
    raise ApiTelegramException(method_name, result, result_json)
telebot.apihelper.ApiTelegramException: A request to the Telegram API was unsuccessful. Error code: 409. Description: Conflict: terminated by other getUpdates request; make sure that only one bot instance is running

2026-01-31 09:24:55,792 - TeleBot - ERROR - Threaded polling exception: A request to the Telegram API was unsuccessful. Error code: 409. Description: Conflict: terminated by other getUpdates request; make sure that only one bot instance is running
2026-01-31 09:24:55,793 - TeleBot - ERROR - Exception traceback:
Traceback (most recent call last):
  File "/home/goida/.local/lib/python3.11/site-packages/telebot/__init__.py", line 1073, in __threaded_polling
    polling_thread.raise_exceptions()
  File "/home/goida/.local/lib/python3.11/site-packages/telebot/util.py", line 108, in raise_exceptions
    raise self.exception_info
  File "/home/goida/.local/lib/python3.11/site-packages/telebot/util.py", line 90, in run
    task(*args, **kwargs)
  File "/home/goida/.local/lib/python3.11/site-packages/telebot/__init__.py", line 649, in __retrieve_updates
    updates = self.get_updates(offset=(self.last_update_id + 1),
             ^^^^^^^^^^^^^^^^^^^^^^^^^^^^^^^^^^^^^^^^^^^^^^^^^^
  File "/home/goida/.local/lib/python3.11/site-packages/telebot/__init__.py", line 623, in get_updates
    json_updates = apihelper.get_updates(self.token, offset, limit, timeout, allowed_updates, long_polling_timeout)
                   ^^^^^^^^^^^^^^^^^^^^^^^^^^^^^^^^^^^^^^^^^^^^^^^^^^^^^^^^^^^^^^^^^^^^^^^^^^^^^^^^^^^^^^^^^^^^^^^^
  File "/home/goida/.local/lib/python3.11/site-packages/telebot/apihelper.py", line 321, in get_updates
    return _make_request(token, method_url, params=payload)
           ^^^^^^^^^^^^^^^^^^^^^^^^^^^^^^^^^^^^^^^^^^^^^^^^
  File "/home/goida/.local/lib/python3.11/site-packages/telebot/apihelper.py", line 162, in _make_request
    json_result = _check_result(method_name, result)
                  ^^^^^^^^^^^^^^^^^^^^^^^^^^^^^^^^^^
  File "/home/goida/.local/lib/python3.11/site-packages/telebot/apihelper.py", line 189, in _check_result
    raise ApiTelegramException(method_name, result, result_json)
telebot.apihelper.ApiTelegramException: A request to the Telegram API was unsuccessful. Error code: 409. Description: Conflict: terminated by other getUpdates request; make sure that only one bot instance is running

2026-01-31 09:25:21,303 - TeleBot - ERROR - Threaded polling exception: A request to the Telegram API was unsuccessful. Error code: 409. Description: Conflict: terminated by other getUpdates request; make sure that only one bot instance is running
2026-01-31 09:25:21,304 - TeleBot - ERROR - Exception traceback:
Traceback (most recent call last):
  File "/home/goida/.local/lib/python3.11/site-packages/telebot/__init__.py", line 1073, in __threaded_polling
    polling_thread.raise_exceptions()
  File "/home/goida/.local/lib/python3.11/site-packages/telebot/util.py", line 108, in raise_exceptions
    raise self.exception_info
  File "/home/goida/.local/lib/python3.11/site-packages/telebot/util.py", line 90, in run
    task(*args, **kwargs)
  File "/home/goida/.local/lib/python3.11/site-packages/telebot/__init__.py", line 649, in __retrieve_updates
    updates = self.get_updates(offset=(self.last_update_id + 1),
             ^^^^^^^^^^^^^^^^^^^^^^^^^^^^^^^^^^^^^^^^^^^^^^^^^^
  File "/home/goida/.local/lib/python3.11/site-packages/telebot/__init__.py", line 623, in get_updates
    json_updates = apihelper.get_updates(self.token, offset, limit, timeout, allowed_updates, long_polling_timeout)
                   ^^^^^^^^^^^^^^^^^^^^^^^^^^^^^^^^^^^^^^^^^^^^^^^^^^^^^^^^^^^^^^^^^^^^^^^^^^^^^^^^^^^^^^^^^^^^^^^^
  File "/home/goida/.local/lib/python3.11/site-packages/telebot/apihelper.py", line 321, in get_updates
    return _make_request(token, method_url, params=payload)
           ^^^^^^^^^^^^^^^^^^^^^^^^^^^^^^^^^^^^^^^^^^^^^^^^
  File "/home/goida/.local/lib/python3.11/site-packages/telebot/apihelper.py", line 162, in _make_request
    json_result = _check_result(method_name, result)
                  ^^^^^^^^^^^^^^^^^^^^^^^^^^^^^^^^^^
  File "/home/goida/.local/lib/python3.11/site-packages/telebot/apihelper.py", line 189, in _check_result
    raise ApiTelegramException(method_name, result, result_json)
telebot.apihelper.ApiTelegramException: A request to the Telegram API was unsuccessful. Error code: 409. Description: Conflict: terminated by other getUpdates request; make sure that only one bot instance is running

2026-01-31 09:25:24,603 - TeleBot - ERROR - Threaded polling exception: A request to the Telegram API was unsuccessful. Error code: 409. Description: Conflict: terminated by other getUpdates request; make sure that only one bot instance is running
2026-01-31 09:25:24,604 - TeleBot - ERROR - Exception traceback:
Traceback (most recent call last):
  File "/home/goida/.local/lib/python3.11/site-packages/telebot/__init__.py", line 1073, in __threaded_polling
    polling_thread.raise_exceptions()
  File "/home/goida/.local/lib/python3.11/site-packages/telebot/util.py", line 108, in raise_exceptions
    raise self.exception_info
  File "/home/goida/.local/lib/python3.11/site-packages/telebot/util.py", line 90, in run
    task(*args, **kwargs)
  File "/home/goida/.local/lib/python3.11/site-packages/telebot/__init__.py", line 649, in __retrieve_updates
    updates = self.get_updates(offset=(self.last_update_id + 1),
             ^^^^^^^^^^^^^^^^^^^^^^^^^^^^^^^^^^^^^^^^^^^^^^^^^^
  File "/home/goida/.local/lib/python3.11/site-packages/telebot/__init__.py", line 623, in get_updates
    json_updates = apihelper.get_updates(self.token, offset, limit, timeout, allowed_updates, long_polling_timeout)
                   ^^^^^^^^^^^^^^^^^^^^^^^^^^^^^^^^^^^^^^^^^^^^^^^^^^^^^^^^^^^^^^^^^^^^^^^^^^^^^^^^^^^^^^^^^^^^^^^^
  File "/home/goida/.local/lib/python3.11/site-packages/telebot/apihelper.py", line 321, in get_updates
    return _make_request(token, method_url, params=payload)
           ^^^^^^^^^^^^^^^^^^^^^^^^^^^^^^^^^^^^^^^^^^^^^^^^
  File "/home/goida/.local/lib/python3.11/site-packages/telebot/apihelper.py", line 162, in _make_request
    json_result = _check_result(method_name, result)
                  ^^^^^^^^^^^^^^^^^^^^^^^^^^^^^^^^^^
  File "/home/goida/.local/lib/python3.11/site-packages/telebot/apihelper.py", line 189, in _check_result
    raise ApiTelegramException(method_name, result, result_json)
telebot.apihelper.ApiTelegramException: A request to the Telegram API was unsuccessful. Error code: 409. Description: Conflict: terminated by other getUpdates request; make sure that only one bot instance is running

2026-01-31 09:25:55,846 - TeleBot - ERROR - Threaded polling exception: A request to the Telegram API was unsuccessful. Error code: 409. Description: Conflict: terminated by other getUpdates request; make sure that only one bot instance is running
2026-01-31 09:25:55,847 - TeleBot - ERROR - Exception traceback:
Traceback (most recent call last):
  File "/home/goida/.local/lib/python3.11/site-packages/telebot/__init__.py", line 1073, in __threaded_polling
    polling_thread.raise_exceptions()
  File "/home/goida/.local/lib/python3.11/site-packages/telebot/util.py", line 108, in raise_exceptions
    raise self.exception_info
  File "/home/goida/.local/lib/python3.11/site-packages/telebot/util.py", line 90, in run
    task(*args, **kwargs)
  File "/home/goida/.local/lib/python3.11/site-packages/telebot/__init__.py", line 649, in __retrieve_updates
    updates = self.get_updates(offset=(self.last_update_id + 1),
             ^^^^^^^^^^^^^^^^^^^^^^^^^^^^^^^^^^^^^^^^^^^^^^^^^^
  File "/home/goida/.local/lib/python3.11/site-packages/telebot/__init__.py", line 623, in get_updates
    json_updates = apihelper.get_updates(self.token, offset, limit, timeout, allowed_updates, long_polling_timeout)
                   ^^^^^^^^^^^^^^^^^^^^^^^^^^^^^^^^^^^^^^^^^^^^^^^^^^^^^^^^^^^^^^^^^^^^^^^^^^^^^^^^^^^^^^^^^^^^^^^^
  File "/home/goida/.local/lib/python3.11/site-packages/telebot/apihelper.py", line 321, in get_updates
    return _make_request(token, method_url, params=payload)
           ^^^^^^^^^^^^^^^^^^^^^^^^^^^^^^^^^^^^^^^^^^^^^^^^
  File "/home/goida/.local/lib/python3.11/site-packages/telebot/apihelper.py", line 162, in _make_request
    json_result = _check_result(method_name, result)
                  ^^^^^^^^^^^^^^^^^^^^^^^^^^^^^^^^^^
  File "/home/goida/.local/lib/python3.11/site-packages/telebot/apihelper.py", line 189, in _check_result
    raise ApiTelegramException(method_name, result, result_json)
telebot.apihelper.ApiTelegramException: A request to the Telegram API was unsuccessful. Error code: 409. Description: Conflict: terminated by other getUpdates request; make sure that only one bot instance is running

2026-01-31 09:25:59,146 - TeleBot - ERROR - Threaded polling exception: A request to the Telegram API was unsuccessful. Error code: 409. Description: Conflict: terminated by other getUpdates request; make sure that only one bot instance is running
2026-01-31 09:25:59,148 - TeleBot - ERROR - Exception traceback:
Traceback (most recent call last):
  File "/home/goida/.local/lib/python3.11/site-packages/telebot/__init__.py", line 1073, in __threaded_polling
    polling_thread.raise_exceptions()
  File "/home/goida/.local/lib/python3.11/site-packages/telebot/util.py", line 108, in raise_exceptions
    raise self.exception_info
  File "/home/goida/.local/lib/python3.11/site-packages/telebot/util.py", line 90, in run
    task(*args, **kwargs)
  File "/home/goida/.local/lib/python3.11/site-packages/telebot/__init__.py", line 649, in __retrieve_updates
    updates = self.get_updates(offset=(self.last_update_id + 1),
             ^^^^^^^^^^^^^^^^^^^^^^^^^^^^^^^^^^^^^^^^^^^^^^^^^^
  File "/home/goida/.local/lib/python3.11/site-packages/telebot/__init__.py", line 623, in get_updates
    json_updates = apihelper.get_updates(self.token, offset, limit, timeout, allowed_updates, long_polling_timeout)
                   ^^^^^^^^^^^^^^^^^^^^^^^^^^^^^^^^^^^^^^^^^^^^^^^^^^^^^^^^^^^^^^^^^^^^^^^^^^^^^^^^^^^^^^^^^^^^^^^^
  File "/home/goida/.local/lib/python3.11/site-packages/telebot/apihelper.py", line 321, in get_updates
    return _make_request(token, method_url, params=payload)
           ^^^^^^^^^^^^^^^^^^^^^^^^^^^^^^^^^^^^^^^^^^^^^^^^
  File "/home/goida/.local/lib/python3.11/site-packages/telebot/apihelper.py", line 162, in _make_request
    json_result = _check_result(method_name, result)
                  ^^^^^^^^^^^^^^^^^^^^^^^^^^^^^^^^^^
  File "/home/goida/.local/lib/python3.11/site-packages/telebot/apihelper.py", line 189, in _check_result
    raise ApiTelegramException(method_name, result, result_json)
telebot.apihelper.ApiTelegramException: A request to the Telegram API was unsuccessful. Error code: 409. Description: Conflict: terminated by other getUpdates request; make sure that only one bot instance is running

2026-01-31 09:26:24,658 - TeleBot - ERROR - Threaded polling exception: A request to the Telegram API was unsuccessful. Error code: 409. Description: Conflict: terminated by other getUpdates request; make sure that only one bot instance is running
2026-01-31 09:26:24,659 - TeleBot - ERROR - Exception traceback:
Traceback (most recent call last):
  File "/home/goida/.local/lib/python3.11/site-packages/telebot/__init__.py", line 1073, in __threaded_polling
    polling_thread.raise_exceptions()
  File "/home/goida/.local/lib/python3.11/site-packages/telebot/util.py", line 108, in raise_exceptions
    raise self.exception_info
  File "/home/goida/.local/lib/python3.11/site-packages/telebot/util.py", line 90, in run
    task(*args, **kwargs)
  File "/home/goida/.local/lib/python3.11/site-packages/telebot/__init__.py", line 649, in __retrieve_updates
    updates = self.get_updates(offset=(self.last_update_id + 1),
             ^^^^^^^^^^^^^^^^^^^^^^^^^^^^^^^^^^^^^^^^^^^^^^^^^^
  File "/home/goida/.local/lib/python3.11/site-packages/telebot/__init__.py", line 623, in get_updates
    json_updates = apihelper.get_updates(self.token, offset, limit, timeout, allowed_updates, long_polling_timeout)
                   ^^^^^^^^^^^^^^^^^^^^^^^^^^^^^^^^^^^^^^^^^^^^^^^^^^^^^^^^^^^^^^^^^^^^^^^^^^^^^^^^^^^^^^^^^^^^^^^^
  File "/home/goida/.local/lib/python3.11/site-packages/telebot/apihelper.py", line 321, in get_updates
    return _make_request(token, method_url, params=payload)
           ^^^^^^^^^^^^^^^^^^^^^^^^^^^^^^^^^^^^^^^^^^^^^^^^
  File "/home/goida/.local/lib/python3.11/site-packages/telebot/apihelper.py", line 162, in _make_request
    json_result = _check_result(method_name, result)
                  ^^^^^^^^^^^^^^^^^^^^^^^^^^^^^^^^^^
  File "/home/goida/.local/lib/python3.11/site-packages/telebot/apihelper.py", line 189, in _check_result
    raise ApiTelegramException(method_name, result, result_json)
telebot.apihelper.ApiTelegramException: A request to the Telegram API was unsuccessful. Error code: 409. Description: Conflict: terminated by other getUpdates request; make sure that only one bot instance is running

2026-01-31 09:26:27,961 - TeleBot - ERROR - Threaded polling exception: A request to the Telegram API was unsuccessful. Error code: 409. Description: Conflict: terminated by other getUpdates request; make sure that only one bot instance is running
2026-01-31 09:26:27,962 - TeleBot - ERROR - Exception traceback:
Traceback (most recent call last):
  File "/home/goida/.local/lib/python3.11/site-packages/telebot/__init__.py", line 1073, in __threaded_polling
    polling_thread.raise_exceptions()
  File "/home/goida/.local/lib/python3.11/site-packages/telebot/util.py", line 108, in raise_exceptions
    raise self.exception_info
  File "/home/goida/.local/lib/python3.11/site-packages/telebot/util.py", line 90, in run
    task(*args, **kwargs)
  File "/home/goida/.local/lib/python3.11/site-packages/telebot/__init__.py", line 649, in __retrieve_updates
    updates = self.get_updates(offset=(self.last_update_id + 1),
             ^^^^^^^^^^^^^^^^^^^^^^^^^^^^^^^^^^^^^^^^^^^^^^^^^^
  File "/home/goida/.local/lib/python3.11/site-packages/telebot/__init__.py", line 623, in get_updates
    json_updates = apihelper.get_updates(self.token, offset, limit, timeout, allowed_updates, long_polling_timeout)
                   ^^^^^^^^^^^^^^^^^^^^^^^^^^^^^^^^^^^^^^^^^^^^^^^^^^^^^^^^^^^^^^^^^^^^^^^^^^^^^^^^^^^^^^^^^^^^^^^^
  File "/home/goida/.local/lib/python3.11/site-packages/telebot/apihelper.py", line 321, in get_updates
    return _make_request(token, method_url, params=payload)
           ^^^^^^^^^^^^^^^^^^^^^^^^^^^^^^^^^^^^^^^^^^^^^^^^
  File "/home/goida/.local/lib/python3.11/site-packages/telebot/apihelper.py", line 162, in _make_request
    json_result = _check_result(method_name, result)
                  ^^^^^^^^^^^^^^^^^^^^^^^^^^^^^^^^^^
  File "/home/goida/.local/lib/python3.11/site-packages/telebot/apihelper.py", line 189, in _check_result
    raise ApiTelegramException(method_name, result, result_json)
telebot.apihelper.ApiTelegramException: A request to the Telegram API was unsuccessful. Error code: 409. Description: Conflict: terminated by other getUpdates request; make sure that only one bot instance is running

2026-01-31 09:26:59,485 - TeleBot - ERROR - Threaded polling exception: A request to the Telegram API was unsuccessful. Error code: 409. Description: Conflict: terminated by other getUpdates request; make sure that only one bot instance is running
2026-01-31 09:26:59,486 - TeleBot - ERROR - Exception traceback:
Traceback (most recent call last):
  File "/home/goida/.local/lib/python3.11/site-packages/telebot/__init__.py", line 1073, in __threaded_polling
    polling_thread.raise_exceptions()
  File "/home/goida/.local/lib/python3.11/site-packages/telebot/util.py", line 108, in raise_exceptions
    raise self.exception_info
  File "/home/goida/.local/lib/python3.11/site-packages/telebot/util.py", line 90, in run
    task(*args, **kwargs)
  File "/home/goida/.local/lib/python3.11/site-packages/telebot/__init__.py", line 649, in __retrieve_updates
    updates = self.get_updates(offset=(self.last_update_id + 1),
             ^^^^^^^^^^^^^^^^^^^^^^^^^^^^^^^^^^^^^^^^^^^^^^^^^^
  File "/home/goida/.local/lib/python3.11/site-packages/telebot/__init__.py", line 623, in get_updates
    json_updates = apihelper.get_updates(self.token, offset, limit, timeout, allowed_updates, long_polling_timeout)
                   ^^^^^^^^^^^^^^^^^^^^^^^^^^^^^^^^^^^^^^^^^^^^^^^^^^^^^^^^^^^^^^^^^^^^^^^^^^^^^^^^^^^^^^^^^^^^^^^^
  File "/home/goida/.local/lib/python3.11/site-packages/telebot/apihelper.py", line 321, in get_updates
    return _make_request(token, method_url, params=payload)
           ^^^^^^^^^^^^^^^^^^^^^^^^^^^^^^^^^^^^^^^^^^^^^^^^
  File "/home/goida/.local/lib/python3.11/site-packages/telebot/apihelper.py", line 162, in _make_request
    json_result = _check_result(method_name, result)
                  ^^^^^^^^^^^^^^^^^^^^^^^^^^^^^^^^^^
  File "/home/goida/.local/lib/python3.11/site-packages/telebot/apihelper.py", line 189, in _check_result
    raise ApiTelegramException(method_name, result, result_json)
telebot.apihelper.ApiTelegramException: A request to the Telegram API was unsuccessful. Error code: 409. Description: Conflict: terminated by other getUpdates request; make sure that only one bot instance is running

2026-01-31 09:27:02,782 - TeleBot - ERROR - Threaded polling exception: A request to the Telegram API was unsuccessful. Error code: 409. Description: Conflict: terminated by other getUpdates request; make sure that only one bot instance is running
2026-01-31 09:27:02,783 - TeleBot - ERROR - Exception traceback:
Traceback (most recent call last):
  File "/home/goida/.local/lib/python3.11/site-packages/telebot/__init__.py", line 1073, in __threaded_polling
    polling_thread.raise_exceptions()
  File "/home/goida/.local/lib/python3.11/site-packages/telebot/util.py", line 108, in raise_exceptions
    raise self.exception_info
  File "/home/goida/.local/lib/python3.11/site-packages/telebot/util.py", line 90, in run
    task(*args, **kwargs)
  File "/home/goida/.local/lib/python3.11/site-packages/telebot/__init__.py", line 649, in __retrieve_updates
    updates = self.get_updates(offset=(self.last_update_id + 1),
             ^^^^^^^^^^^^^^^^^^^^^^^^^^^^^^^^^^^^^^^^^^^^^^^^^^
  File "/home/goida/.local/lib/python3.11/site-packages/telebot/__init__.py", line 623, in get_updates
    json_updates = apihelper.get_updates(self.token, offset, limit, timeout, allowed_updates, long_polling_timeout)
                   ^^^^^^^^^^^^^^^^^^^^^^^^^^^^^^^^^^^^^^^^^^^^^^^^^^^^^^^^^^^^^^^^^^^^^^^^^^^^^^^^^^^^^^^^^^^^^^^^
  File "/home/goida/.local/lib/python3.11/site-packages/telebot/apihelper.py", line 321, in get_updates
    return _make_request(token, method_url, params=payload)
           ^^^^^^^^^^^^^^^^^^^^^^^^^^^^^^^^^^^^^^^^^^^^^^^^
  File "/home/goida/.local/lib/python3.11/site-packages/telebot/apihelper.py", line 162, in _make_request
    json_result = _check_result(method_name, result)
                  ^^^^^^^^^^^^^^^^^^^^^^^^^^^^^^^^^^
  File "/home/goida/.local/lib/python3.11/site-packages/telebot/apihelper.py", line 189, in _check_result
    raise ApiTelegramException(method_name, result, result_json)
telebot.apihelper.ApiTelegramException: A request to the Telegram API was unsuccessful. Error code: 409. Description: Conflict: terminated by other getUpdates request; make sure that only one bot instance is running

2026-01-31 09:27:28,011 - TeleBot - ERROR - Threaded polling exception: A request to the Telegram API was unsuccessful. Error code: 409. Description: Conflict: terminated by other getUpdates request; make sure that only one bot instance is running
2026-01-31 09:27:28,012 - TeleBot - ERROR - Exception traceback:
Traceback (most recent call last):
  File "/home/goida/.local/lib/python3.11/site-packages/telebot/__init__.py", line 1073, in __threaded_polling
    polling_thread.raise_exceptions()
  File "/home/goida/.local/lib/python3.11/site-packages/telebot/util.py", line 108, in raise_exceptions
    raise self.exception_info
  File "/home/goida/.local/lib/python3.11/site-packages/telebot/util.py", line 90, in run
    task(*args, **kwargs)
  File "/home/goida/.local/lib/python3.11/site-packages/telebot/__init__.py", line 649, in __retrieve_updates
    updates = self.get_updates(offset=(self.last_update_id + 1),
             ^^^^^^^^^^^^^^^^^^^^^^^^^^^^^^^^^^^^^^^^^^^^^^^^^^
  File "/home/goida/.local/lib/python3.11/site-packages/telebot/__init__.py", line 623, in get_updates
    json_updates = apihelper.get_updates(self.token, offset, limit, timeout, allowed_updates, long_polling_timeout)
                   ^^^^^^^^^^^^^^^^^^^^^^^^^^^^^^^^^^^^^^^^^^^^^^^^^^^^^^^^^^^^^^^^^^^^^^^^^^^^^^^^^^^^^^^^^^^^^^^^
  File "/home/goida/.local/lib/python3.11/site-packages/telebot/apihelper.py", line 321, in get_updates
    return _make_request(token, method_url, params=payload)
           ^^^^^^^^^^^^^^^^^^^^^^^^^^^^^^^^^^^^^^^^^^^^^^^^
  File "/home/goida/.local/lib/python3.11/site-packages/telebot/apihelper.py", line 162, in _make_request
    json_result = _check_result(method_name, result)
                  ^^^^^^^^^^^^^^^^^^^^^^^^^^^^^^^^^^
  File "/home/goida/.local/lib/python3.11/site-packages/telebot/apihelper.py", line 189, in _check_result
    raise ApiTelegramException(method_name, result, result_json)
telebot.apihelper.ApiTelegramException: A request to the Telegram API was unsuccessful. Error code: 409. Description: Conflict: terminated by other getUpdates request; make sure that only one bot instance is running

2026-01-31 09:27:31,322 - TeleBot - ERROR - Threaded polling exception: A request to the Telegram API was unsuccessful. Error code: 409. Description: Conflict: terminated by other getUpdates request; make sure that only one bot instance is running
2026-01-31 09:27:31,323 - TeleBot - ERROR - Exception traceback:
Traceback (most recent call last):
  File "/home/goida/.local/lib/python3.11/site-packages/telebot/__init__.py", line 1073, in __threaded_polling
    polling_thread.raise_exceptions()
  File "/home/goida/.local/lib/python3.11/site-packages/telebot/util.py", line 108, in raise_exceptions
    raise self.exception_info
  File "/home/goida/.local/lib/python3.11/site-packages/telebot/util.py", line 90, in run
    task(*args, **kwargs)
  File "/home/goida/.local/lib/python3.11/site-packages/telebot/__init__.py", line 649, in __retrieve_updates
    updates = self.get_updates(offset=(self.last_update_id + 1),
             ^^^^^^^^^^^^^^^^^^^^^^^^^^^^^^^^^^^^^^^^^^^^^^^^^^
  File "/home/goida/.local/lib/python3.11/site-packages/telebot/__init__.py", line 623, in get_updates
    json_updates = apihelper.get_updates(self.token, offset, limit, timeout, allowed_updates, long_polling_timeout)
                   ^^^^^^^^^^^^^^^^^^^^^^^^^^^^^^^^^^^^^^^^^^^^^^^^^^^^^^^^^^^^^^^^^^^^^^^^^^^^^^^^^^^^^^^^^^^^^^^^
  File "/home/goida/.local/lib/python3.11/site-packages/telebot/apihelper.py", line 321, in get_updates
    return _make_request(token, method_url, params=payload)
           ^^^^^^^^^^^^^^^^^^^^^^^^^^^^^^^^^^^^^^^^^^^^^^^^
  File "/home/goida/.local/lib/python3.11/site-packages/telebot/apihelper.py", line 162, in _make_request
    json_result = _check_result(method_name, result)
                  ^^^^^^^^^^^^^^^^^^^^^^^^^^^^^^^^^^
  File "/home/goida/.local/lib/python3.11/site-packages/telebot/apihelper.py", line 189, in _check_result
    raise ApiTelegramException(method_name, result, result_json)
telebot.apihelper.ApiTelegramException: A request to the Telegram API was unsuccessful. Error code: 409. Description: Conflict: terminated by other getUpdates request; make sure that only one bot instance is running

2026-01-31 09:28:02,834 - TeleBot - ERROR - Threaded polling exception: A request to the Telegram API was unsuccessful. Error code: 409. Description: Conflict: terminated by other getUpdates request; make sure that only one bot instance is running
2026-01-31 09:28:02,836 - TeleBot - ERROR - Exception traceback:
Traceback (most recent call last):
  File "/home/goida/.local/lib/python3.11/site-packages/telebot/__init__.py", line 1073, in __threaded_polling
    polling_thread.raise_exceptions()
  File "/home/goida/.local/lib/python3.11/site-packages/telebot/util.py", line 108, in raise_exceptions
    raise self.exception_info
  File "/home/goida/.local/lib/python3.11/site-packages/telebot/util.py", line 90, in run
    task(*args, **kwargs)
  File "/home/goida/.local/lib/python3.11/site-packages/telebot/__init__.py", line 649, in __retrieve_updates
    updates = self.get_updates(offset=(self.last_update_id + 1),
             ^^^^^^^^^^^^^^^^^^^^^^^^^^^^^^^^^^^^^^^^^^^^^^^^^^
  File "/home/goida/.local/lib/python3.11/site-packages/telebot/__init__.py", line 623, in get_updates
    json_updates = apihelper.get_updates(self.token, offset, limit, timeout, allowed_updates, long_polling_timeout)
                   ^^^^^^^^^^^^^^^^^^^^^^^^^^^^^^^^^^^^^^^^^^^^^^^^^^^^^^^^^^^^^^^^^^^^^^^^^^^^^^^^^^^^^^^^^^^^^^^^
  File "/home/goida/.local/lib/python3.11/site-packages/telebot/apihelper.py", line 321, in get_updates
    return _make_request(token, method_url, params=payload)
           ^^^^^^^^^^^^^^^^^^^^^^^^^^^^^^^^^^^^^^^^^^^^^^^^
  File "/home/goida/.local/lib/python3.11/site-packages/telebot/apihelper.py", line 162, in _make_request
    json_result = _check_result(method_name, result)
                  ^^^^^^^^^^^^^^^^^^^^^^^^^^^^^^^^^^
  File "/home/goida/.local/lib/python3.11/site-packages/telebot/apihelper.py", line 189, in _check_result
    raise ApiTelegramException(method_name, result, result_json)
telebot.apihelper.ApiTelegramException: A request to the Telegram API was unsuccessful. Error code: 409. Description: Conflict: terminated by other getUpdates request; make sure that only one bot instance is running

2026-01-31 09:28:06,133 - TeleBot - ERROR - Threaded polling exception: A request to the Telegram API was unsuccessful. Error code: 409. Description: Conflict: terminated by other getUpdates request; make sure that only one bot instance is running
2026-01-31 09:28:06,134 - TeleBot - ERROR - Exception traceback:
Traceback (most recent call last):
  File "/home/goida/.local/lib/python3.11/site-packages/telebot/__init__.py", line 1073, in __threaded_polling
    polling_thread.raise_exceptions()
  File "/home/goida/.local/lib/python3.11/site-packages/telebot/util.py", line 108, in raise_exceptions
    raise self.exception_info
  File "/home/goida/.local/lib/python3.11/site-packages/telebot/util.py", line 90, in run
    task(*args, **kwargs)
  File "/home/goida/.local/lib/python3.11/site-packages/telebot/__init__.py", line 649, in __retrieve_updates
    updates = self.get_updates(offset=(self.last_update_id + 1),
             ^^^^^^^^^^^^^^^^^^^^^^^^^^^^^^^^^^^^^^^^^^^^^^^^^^
  File "/home/goida/.local/lib/python3.11/site-packages/telebot/__init__.py", line 623, in get_updates
    json_updates = apihelper.get_updates(self.token, offset, limit, timeout, allowed_updates, long_polling_timeout)
                   ^^^^^^^^^^^^^^^^^^^^^^^^^^^^^^^^^^^^^^^^^^^^^^^^^^^^^^^^^^^^^^^^^^^^^^^^^^^^^^^^^^^^^^^^^^^^^^^^
  File "/home/goida/.local/lib/python3.11/site-packages/telebot/apihelper.py", line 321, in get_updates
    return _make_request(token, method_url, params=payload)
           ^^^^^^^^^^^^^^^^^^^^^^^^^^^^^^^^^^^^^^^^^^^^^^^^
  File "/home/goida/.local/lib/python3.11/site-packages/telebot/apihelper.py", line 162, in _make_request
    json_result = _check_result(method_name, result)
                  ^^^^^^^^^^^^^^^^^^^^^^^^^^^^^^^^^^
  File "/home/goida/.local/lib/python3.11/site-packages/telebot/apihelper.py", line 189, in _check_result
    raise ApiTelegramException(method_name, result, result_json)
telebot.apihelper.ApiTelegramException: A request to the Telegram API was unsuccessful. Error code: 409. Description: Conflict: terminated by other getUpdates request; make sure that only one bot instance is running

2026-01-31 09:28:31,372 - TeleBot - ERROR - Threaded polling exception: A request to the Telegram API was unsuccessful. Error code: 409. Description: Conflict: terminated by other getUpdates request; make sure that only one bot instance is running
2026-01-31 09:28:31,373 - TeleBot - ERROR - Exception traceback:
Traceback (most recent call last):
  File "/home/goida/.local/lib/python3.11/site-packages/telebot/__init__.py", line 1073, in __threaded_polling
    polling_thread.raise_exceptions()
  File "/home/goida/.local/lib/python3.11/site-packages/telebot/util.py", line 108, in raise_exceptions
    raise self.exception_info
  File "/home/goida/.local/lib/python3.11/site-packages/telebot/util.py", line 90, in run
    task(*args, **kwargs)
  File "/home/goida/.local/lib/python3.11/site-packages/telebot/__init__.py", line 649, in __retrieve_updates
    updates = self.get_updates(offset=(self.last_update_id + 1),
             ^^^^^^^^^^^^^^^^^^^^^^^^^^^^^^^^^^^^^^^^^^^^^^^^^^
  File "/home/goida/.local/lib/python3.11/site-packages/telebot/__init__.py", line 623, in get_updates
    json_updates = apihelper.get_updates(self.token, offset, limit, timeout, allowed_updates, long_polling_timeout)
                   ^^^^^^^^^^^^^^^^^^^^^^^^^^^^^^^^^^^^^^^^^^^^^^^^^^^^^^^^^^^^^^^^^^^^^^^^^^^^^^^^^^^^^^^^^^^^^^^^
  File "/home/goida/.local/lib/python3.11/site-packages/telebot/apihelper.py", line 321, in get_updates
    return _make_request(token, method_url, params=payload)
           ^^^^^^^^^^^^^^^^^^^^^^^^^^^^^^^^^^^^^^^^^^^^^^^^
  File "/home/goida/.local/lib/python3.11/site-packages/telebot/apihelper.py", line 162, in _make_request
    json_result = _check_result(method_name, result)
                  ^^^^^^^^^^^^^^^^^^^^^^^^^^^^^^^^^^
  File "/home/goida/.local/lib/python3.11/site-packages/telebot/apihelper.py", line 189, in _check_result
    raise ApiTelegramException(method_name, result, result_json)
telebot.apihelper.ApiTelegramException: A request to the Telegram API was unsuccessful. Error code: 409. Description: Conflict: terminated by other getUpdates request; make sure that only one bot instance is running

2026-01-31 09:28:34,673 - TeleBot - ERROR - Threaded polling exception: A request to the Telegram API was unsuccessful. Error code: 409. Description: Conflict: terminated by other getUpdates request; make sure that only one bot instance is running
2026-01-31 09:28:34,728 - TeleBot - ERROR - Exception traceback:
Traceback (most recent call last):
  File "/home/goida/.local/lib/python3.11/site-packages/telebot/__init__.py", line 1073, in __threaded_polling
    polling_thread.raise_exceptions()
  File "/home/goida/.local/lib/python3.11/site-packages/telebot/util.py", line 108, in raise_exceptions
    raise self.exception_info
  File "/home/goida/.local/lib/python3.11/site-packages/telebot/util.py", line 90, in run
    task(*args, **kwargs)
  File "/home/goida/.local/lib/python3.11/site-packages/telebot/__init__.py", line 649, in __retrieve_updates
    updates = self.get_updates(offset=(self.last_update_id + 1),
             ^^^^^^^^^^^^^^^^^^^^^^^^^^^^^^^^^^^^^^^^^^^^^^^^^^
  File "/home/goida/.local/lib/python3.11/site-packages/telebot/__init__.py", line 623, in get_updates
    json_updates = apihelper.get_updates(self.token, offset, limit, timeout, allowed_updates, long_polling_timeout)
                   ^^^^^^^^^^^^^^^^^^^^^^^^^^^^^^^^^^^^^^^^^^^^^^^^^^^^^^^^^^^^^^^^^^^^^^^^^^^^^^^^^^^^^^^^^^^^^^^^
  File "/home/goida/.local/lib/python3.11/site-packages/telebot/apihelper.py", line 321, in get_updates
    return _make_request(token, method_url, params=payload)
           ^^^^^^^^^^^^^^^^^^^^^^^^^^^^^^^^^^^^^^^^^^^^^^^^
  File "/home/goida/.local/lib/python3.11/site-packages/telebot/apihelper.py", line 162, in _make_request
    json_result = _check_result(method_name, result)
                  ^^^^^^^^^^^^^^^^^^^^^^^^^^^^^^^^^^
  File "/home/goida/.local/lib/python3.11/site-packages/telebot/apihelper.py", line 189, in _check_result
    raise ApiTelegramException(method_name, result, result_json)
telebot.apihelper.ApiTelegramException: A request to the Telegram API was unsuccessful. Error code: 409. Description: Conflict: terminated by other getUpdates request; make sure that only one bot instance is running

2026-01-31 09:29:06,300 - TeleBot - ERROR - Threaded polling exception: A request to the Telegram API was unsuccessful. Error code: 409. Description: Conflict: terminated by other getUpdates request; make sure that only one bot instance is running
2026-01-31 09:29:06,301 - TeleBot - ERROR - Exception traceback:
Traceback (most recent call last):
  File "/home/goida/.local/lib/python3.11/site-packages/telebot/__init__.py", line 1073, in __threaded_polling
    polling_thread.raise_exceptions()
  File "/home/goida/.local/lib/python3.11/site-packages/telebot/util.py", line 108, in raise_exceptions
    raise self.exception_info
  File "/home/goida/.local/lib/python3.11/site-packages/telebot/util.py", line 90, in run
    task(*args, **kwargs)
  File "/home/goida/.local/lib/python3.11/site-packages/telebot/__init__.py", line 649, in __retrieve_updates
    updates = self.get_updates(offset=(self.last_update_id + 1),
             ^^^^^^^^^^^^^^^^^^^^^^^^^^^^^^^^^^^^^^^^^^^^^^^^^^
  File "/home/goida/.local/lib/python3.11/site-packages/telebot/__init__.py", line 623, in get_updates
    json_updates = apihelper.get_updates(self.token, offset, limit, timeout, allowed_updates, long_polling_timeout)
                   ^^^^^^^^^^^^^^^^^^^^^^^^^^^^^^^^^^^^^^^^^^^^^^^^^^^^^^^^^^^^^^^^^^^^^^^^^^^^^^^^^^^^^^^^^^^^^^^^
  File "/home/goida/.local/lib/python3.11/site-packages/telebot/apihelper.py", line 321, in get_updates
    return _make_request(token, method_url, params=payload)
           ^^^^^^^^^^^^^^^^^^^^^^^^^^^^^^^^^^^^^^^^^^^^^^^^
  File "/home/goida/.local/lib/python3.11/site-packages/telebot/apihelper.py", line 162, in _make_request
    json_result = _check_result(method_name, result)
                  ^^^^^^^^^^^^^^^^^^^^^^^^^^^^^^^^^^
  File "/home/goida/.local/lib/python3.11/site-packages/telebot/apihelper.py", line 189, in _check_result
    raise ApiTelegramException(method_name, result, result_json)
telebot.apihelper.ApiTelegramException: A request to the Telegram API was unsuccessful. Error code: 409. Description: Conflict: terminated by other getUpdates request; make sure that only one bot instance is running

2026-01-31 09:29:09,597 - TeleBot - ERROR - Threaded polling exception: A request to the Telegram API was unsuccessful. Error code: 409. Description: Conflict: terminated by other getUpdates request; make sure that only one bot instance is running
2026-01-31 09:29:09,597 - TeleBot - ERROR - Exception traceback:
Traceback (most recent call last):
  File "/home/goida/.local/lib/python3.11/site-packages/telebot/__init__.py", line 1073, in __threaded_polling
    polling_thread.raise_exceptions()
  File "/home/goida/.local/lib/python3.11/site-packages/telebot/util.py", line 108, in raise_exceptions
    raise self.exception_info
  File "/home/goida/.local/lib/python3.11/site-packages/telebot/util.py", line 90, in run
    task(*args, **kwargs)
  File "/home/goida/.local/lib/python3.11/site-packages/telebot/__init__.py", line 649, in __retrieve_updates
    updates = self.get_updates(offset=(self.last_update_id + 1),
             ^^^^^^^^^^^^^^^^^^^^^^^^^^^^^^^^^^^^^^^^^^^^^^^^^^
  File "/home/goida/.local/lib/python3.11/site-packages/telebot/__init__.py", line 623, in get_updates
    json_updates = apihelper.get_updates(self.token, offset, limit, timeout, allowed_updates, long_polling_timeout)
                   ^^^^^^^^^^^^^^^^^^^^^^^^^^^^^^^^^^^^^^^^^^^^^^^^^^^^^^^^^^^^^^^^^^^^^^^^^^^^^^^^^^^^^^^^^^^^^^^^
  File "/home/goida/.local/lib/python3.11/site-packages/telebot/apihelper.py", line 321, in get_updates
    return _make_request(token, method_url, params=payload)
           ^^^^^^^^^^^^^^^^^^^^^^^^^^^^^^^^^^^^^^^^^^^^^^^^
  File "/home/goida/.local/lib/python3.11/site-packages/telebot/apihelper.py", line 162, in _make_request
    json_result = _check_result(method_name, result)
                  ^^^^^^^^^^^^^^^^^^^^^^^^^^^^^^^^^^
  File "/home/goida/.local/lib/python3.11/site-packages/telebot/apihelper.py", line 189, in _check_result
    raise ApiTelegramException(method_name, result, result_json)
telebot.apihelper.ApiTelegramException: A request to the Telegram API was unsuccessful. Error code: 409. Description: Conflict: terminated by other getUpdates request; make sure that only one bot instance is running

2026-01-31 09:29:34,776 - TeleBot - ERROR - Threaded polling exception: A request to the Telegram API was unsuccessful. Error code: 409. Description: Conflict: terminated by other getUpdates request; make sure that only one bot instance is running
2026-01-31 09:29:34,777 - TeleBot - ERROR - Exception traceback:
Traceback (most recent call last):
  File "/home/goida/.local/lib/python3.11/site-packages/telebot/__init__.py", line 1073, in __threaded_polling
    polling_thread.raise_exceptions()
  File "/home/goida/.local/lib/python3.11/site-packages/telebot/util.py", line 108, in raise_exceptions
    raise self.exception_info
  File "/home/goida/.local/lib/python3.11/site-packages/telebot/util.py", line 90, in run
    task(*args, **kwargs)
  File "/home/goida/.local/lib/python3.11/site-packages/telebot/__init__.py", line 649, in __retrieve_updates
    updates = self.get_updates(offset=(self.last_update_id + 1),
             ^^^^^^^^^^^^^^^^^^^^^^^^^^^^^^^^^^^^^^^^^^^^^^^^^^
  File "/home/goida/.local/lib/python3.11/site-packages/telebot/__init__.py", line 623, in get_updates
    json_updates = apihelper.get_updates(self.token, offset, limit, timeout, allowed_updates, long_polling_timeout)
                   ^^^^^^^^^^^^^^^^^^^^^^^^^^^^^^^^^^^^^^^^^^^^^^^^^^^^^^^^^^^^^^^^^^^^^^^^^^^^^^^^^^^^^^^^^^^^^^^^
  File "/home/goida/.local/lib/python3.11/site-packages/telebot/apihelper.py", line 321, in get_updates
    return _make_request(token, method_url, params=payload)
           ^^^^^^^^^^^^^^^^^^^^^^^^^^^^^^^^^^^^^^^^^^^^^^^^
  File "/home/goida/.local/lib/python3.11/site-packages/telebot/apihelper.py", line 162, in _make_request
    json_result = _check_result(method_name, result)
                  ^^^^^^^^^^^^^^^^^^^^^^^^^^^^^^^^^^
  File "/home/goida/.local/lib/python3.11/site-packages/telebot/apihelper.py", line 189, in _check_result
    raise ApiTelegramException(method_name, result, result_json)
telebot.apihelper.ApiTelegramException: A request to the Telegram API was unsuccessful. Error code: 409. Description: Conflict: terminated by other getUpdates request; make sure that only one bot instance is running

2026-01-31 09:29:38,077 - TeleBot - ERROR - Threaded polling exception: A request to the Telegram API was unsuccessful. Error code: 409. Description: Conflict: terminated by other getUpdates request; make sure that only one bot instance is running
2026-01-31 09:29:38,078 - TeleBot - ERROR - Exception traceback:
Traceback (most recent call last):
  File "/home/goida/.local/lib/python3.11/site-packages/telebot/__init__.py", line 1073, in __threaded_polling
    polling_thread.raise_exceptions()
  File "/home/goida/.local/lib/python3.11/site-packages/telebot/util.py", line 108, in raise_exceptions
    raise self.exception_info
  File "/home/goida/.local/lib/python3.11/site-packages/telebot/util.py", line 90, in run
    task(*args, **kwargs)
  File "/home/goida/.local/lib/python3.11/site-packages/telebot/__init__.py", line 649, in __retrieve_updates
    updates = self.get_updates(offset=(self.last_update_id + 1),
             ^^^^^^^^^^^^^^^^^^^^^^^^^^^^^^^^^^^^^^^^^^^^^^^^^^
  File "/home/goida/.local/lib/python3.11/site-packages/telebot/__init__.py", line 623, in get_updates
    json_updates = apihelper.get_updates(self.token, offset, limit, timeout, allowed_updates, long_polling_timeout)
                   ^^^^^^^^^^^^^^^^^^^^^^^^^^^^^^^^^^^^^^^^^^^^^^^^^^^^^^^^^^^^^^^^^^^^^^^^^^^^^^^^^^^^^^^^^^^^^^^^
  File "/home/goida/.local/lib/python3.11/site-packages/telebot/apihelper.py", line 321, in get_updates
    return _make_request(token, method_url, params=payload)
           ^^^^^^^^^^^^^^^^^^^^^^^^^^^^^^^^^^^^^^^^^^^^^^^^
  File "/home/goida/.local/lib/python3.11/site-packages/telebot/apihelper.py", line 162, in _make_request
    json_result = _check_result(method_name, result)
                  ^^^^^^^^^^^^^^^^^^^^^^^^^^^^^^^^^^
  File "/home/goida/.local/lib/python3.11/site-packages/telebot/apihelper.py", line 189, in _check_result
    raise ApiTelegramException(method_name, result, result_json)
telebot.apihelper.ApiTelegramException: A request to the Telegram API was unsuccessful. Error code: 409. Description: Conflict: terminated by other getUpdates request; make sure that only one bot instance is running

2026-01-31 09:30:00,082 - __main__ - INFO - YooKassa configured with account_id: 1215507
2026-01-31 09:30:00,851 - __main__ - INFO - ✅ YooKassa configuration test successful with new credentials
2026-01-31 09:30:00,982 - __main__ - WARNING - openpyxl module not available. Excel report generation will be disabled.
2026-01-31 09:30:00,986 - __main__ - INFO - 🔧 Initializing database...
2026-01-31 09:30:00,987 - __main__ - INFO - Initializing DB connection pool to localhost:5432/postgres
2026-01-31 09:30:01,005 - __main__ - INFO - ✅ PostgreSQL connection pool initialized
2026-01-31 09:30:01,006 - __main__ - INFO - Starting database initialization...
2026-01-31 09:30:01,006 - __main__ - INFO - Creating label table...
2026-01-31 09:30:01,006 - __main__ - INFO - Creating reviews table...
2026-01-31 09:30:01,007 - __main__ - INFO - Creating releases table...
2026-01-31 09:30:01,010 - __main__ - INFO - Creating files table...
2026-01-31 09:30:01,011 - __main__ - INFO - Creating distribution_agreements table...
2026-01-31 09:30:01,011 - __main__ - INFO - Creating payments table...
2026-01-31 09:30:01,011 - __main__ - INFO - Creating user_sessions table...
2026-01-31 09:30:01,012 - __main__ - INFO - Creating admin_logs table...
2026-01-31 09:30:01,012 - __main__ - INFO - Creating orders table...
2026-01-31 09:30:01,012 - __main__ - INFO - Creating promo codes table...
2026-01-31 09:30:01,013 - __main__ - INFO - Creating report requests table...
2026-01-31 09:30:01,013 - __main__ - INFO - Creating contracts table...
2026-01-31 09:30:01,181 - __main__ - INFO - Adding missing columns to existing tables...
2026-01-31 09:30:01,181 - __main__ - INFO - ✅ Added column to label table: ALTER TABLE label ADD COLUMN IF NOT EXISTS created_date TIMESTAMP DEFAULT CURRENT_TIMESTAMP
2026-01-31 09:30:01,182 - __main__ - INFO - ✅ Added column to label table: ALTER TABLE label ADD COLUMN IF NOT EXISTS balance NUMERIC(10, 2) DEFAULT 0
2026-01-31 09:30:01,182 - __main__ - INFO - ✅ Added column to label table: ALTER TABLE label ADD COLUMN IF NOT EXISTS email TEXT
2026-01-31 09:30:01,183 - __main__ - INFO - ✅ Added column to label table: ALTER TABLE label ADD COLUMN IF NOT EXISTS fio TEXT
2026-01-31 09:30:01,183 - __main__ - INFO - ✅ Added column to label table: ALTER TABLE label ADD COLUMN IF NOT EXISTS phone VARCHAR(50)
2026-01-31 09:30:01,183 - __main__ - INFO - ✅ Added column to label table: ALTER TABLE label ADD COLUMN IF NOT EXISTS owner INTEGER DEFAULT 0
2026-01-31 09:30:01,184 - __main__ - INFO - ✅ Added column to label table: ALTER TABLE label ADD COLUMN IF NOT EXISTS steezy INTEGER DEFAULT 0
2026-01-31 09:30:01,184 - __main__ - INFO - ✅ Added column to label table: ALTER TABLE label ADD COLUMN IF NOT EXISTS bibi INTEGER DEFAULT 0
2026-01-31 09:30:01,184 - __main__ - INFO - ✅ Added column to label table: ALTER TABLE label ADD COLUMN IF NOT EXISTS shvepz INTEGER DEFAULT 0
2026-01-31 09:30:01,185 - __main__ - INFO - ✅ Added column to label table: ALTER TABLE label ADD COLUMN IF NOT EXISTS creator INTEGER DEFAULT 0
2026-01-31 09:30:01,215 - __main__ - INFO - ✅ Added column to report_requests table: ALTER TABLE report_requests ADD COLUMN IF NOT EXISTS updated_at TIMESTAMP
2026-01-31 09:30:01,216 - __main__ - INFO - ✅ Added column to report_requests table: ALTER TABLE report_requests ADD COLUMN IF NOT EXISTS rejection_reason TEXT
2026-01-31 09:30:01,216 - __main__ - INFO - ✅ Modified column in report_requests table: ALTER TABLE report_requests ALTER COLUMN release_type DROP NOT NULL
2026-01-31 09:30:01,225 - __main__ - WARNING - Could not verify role columns: column "owner" is of type boolean but expression is of type integer
LINE 1: UPDATE label SET owner = 0 WHERE owner IS NULL
                                 ^
HINT:  You will need to rewrite or cast the expression.

2026-01-31 09:30:01,225 - __main__ - WARNING - Could not add column to releases table: current transaction is aborted, commands ignored until end of transaction block

2026-01-31 09:30:01,226 - __main__ - WARNING - Could not add column to releases table: current transaction is aborted, commands ignored until end of transaction block

2026-01-31 09:30:01,226 - __main__ - WARNING - Could not add column to releases table: current transaction is aborted, commands ignored until end of transaction block

2026-01-31 09:30:01,226 - __main__ - WARNING - Could not add column to releases table: current transaction is aborted, commands ignored until end of transaction block

2026-01-31 09:30:01,227 - __main__ - WARNING - Could not add column to releases table: current transaction is aborted, commands ignored until end of transaction block

2026-01-31 09:30:01,227 - __main__ - WARNING - Could not add column to files table: current transaction is aborted, commands ignored until end of transaction block

2026-01-31 09:30:01,227 - __main__ - WARNING - Could not add column to files table: current transaction is aborted, commands ignored until end of transaction block

2026-01-31 09:30:01,228 - __main__ - WARNING - Could not add column to files table: current transaction is aborted, commands ignored until end of transaction block

2026-01-31 09:30:01,228 - __main__ - WARNING - Could not add column to orders table: current transaction is aborted, commands ignored until end of transaction block

2026-01-31 09:30:01,228 - __main__ - WARNING - Could not add column to orders table: current transaction is aborted, commands ignored until end of transaction block

2026-01-31 09:30:01,228 - __main__ - WARNING - Could not add column to orders table: current transaction is aborted, commands ignored until end of transaction block

2026-01-31 09:30:01,229 - __main__ - WARNING - Could not handle promo_codes table structure: current transaction is aborted, commands ignored until end of transaction block

2026-01-31 09:30:01,229 - __main__ - ERROR - Failed to recreate promo_codes table: current transaction is aborted, commands ignored until end of transaction block

2026-01-31 09:30:01,229 - __main__ - INFO - Creating indexes...
2026-01-31 09:30:01,229 - __main__ - WARNING - Could not create index: current transaction is aborted, commands ignored until end of transaction block

2026-01-31 09:30:01,230 - __main__ - WARNING - Could not create index: current transaction is aborted, commands ignored until end of transaction block

2026-01-31 09:30:01,230 - __main__ - WARNING - Could not create index: current transaction is aborted, commands ignored until end of transaction block

2026-01-31 09:30:01,230 - __main__ - WARNING - Could not create index: current transaction is aborted, commands ignored until end of transaction block

2026-01-31 09:30:01,230 - __main__ - WARNING - Could not create index: current transaction is aborted, commands ignored until end of transaction block

2026-01-31 09:30:01,231 - __main__ - WARNING - Could not create index: current transaction is aborted, commands ignored until end of transaction block

2026-01-31 09:30:01,231 - __main__ - WARNING - Could not create index: current transaction is aborted, commands ignored until end of transaction block

2026-01-31 09:30:01,231 - __main__ - WARNING - Could not create index: current transaction is aborted, commands ignored until end of transaction block

2026-01-31 09:30:01,231 - __main__ - WARNING - Could not create index: current transaction is aborted, commands ignored until end of transaction block

2026-01-31 09:30:01,232 - __main__ - WARNING - Could not create index: current transaction is aborted, commands ignored until end of transaction block

2026-01-31 09:30:01,232 - __main__ - WARNING - Could not create index: current transaction is aborted, commands ignored until end of transaction block

2026-01-31 09:30:01,232 - __main__ - WARNING - Could not create index: current transaction is aborted, commands ignored until end of transaction block

2026-01-31 09:30:01,232 - __main__ - WARNING - Could not create index: current transaction is aborted, commands ignored until end of transaction block

2026-01-31 09:30:01,233 - __main__ - WARNING - Could not create index: current transaction is aborted, commands ignored until end of transaction block

2026-01-31 09:30:01,233 - __main__ - WARNING - Could not create index: current transaction is aborted, commands ignored until end of transaction block

2026-01-31 09:30:01,233 - __main__ - WARNING - Could not create index: current transaction is aborted, commands ignored until end of transaction block

2026-01-31 09:30:01,234 - __main__ - WARNING - Could not create index: current transaction is aborted, commands ignored until end of transaction block

2026-01-31 09:30:01,234 - __main__ - WARNING - Could not create index: current transaction is aborted, commands ignored until end of transaction block

2026-01-31 09:30:01,234 - __main__ - WARNING - Could not create index: current transaction is aborted, commands ignored until end of transaction block

2026-01-31 09:30:01,234 - __main__ - WARNING - Could not create index: current transaction is aborted, commands ignored until end of transaction block

2026-01-31 09:30:01,235 - __main__ - WARNING - Could not create index: current transaction is aborted, commands ignored until end of transaction block

2026-01-31 09:30:01,235 - __main__ - WARNING - Could not create index: current transaction is aborted, commands ignored until end of transaction block

2026-01-31 09:30:01,235 - __main__ - WARNING - Could not create index: current transaction is aborted, commands ignored until end of transaction block

2026-01-31 09:30:01,235 - __main__ - WARNING - Could not create index: current transaction is aborted, commands ignored until end of transaction block

2026-01-31 09:30:01,236 - __main__ - INFO - Setting up permanent admins...
2026-01-31 09:30:01,236 - __main__ - WARNING - Could not set up admin 464793425: current transaction is aborted, commands ignored until end of transaction block

2026-01-31 09:30:01,236 - __main__ - WARNING - Could not set up admin 1398275867: current transaction is aborted, commands ignored until end of transaction block

2026-01-31 09:30:01,236 - __main__ - INFO - ✅ Database initialization completed successfully - all tables created with indexes
2026-01-31 09:30:01,237 - __main__ - INFO - ✅ Database initialization completed
2026-01-31 09:30:01,237 - __main__ - INFO - 🔧 Ensuring database columns...
2026-01-31 09:30:01,237 - __main__ - INFO - ✅ Ensured column email exists in label table
2026-01-31 09:30:01,237 - __main__ - INFO - ✅ Ensured column fio exists in label table
2026-01-31 09:30:01,238 - __main__ - INFO - ✅ Ensured column phone exists in label table
2026-01-31 09:30:01,238 - __main__ - INFO - ✅ Ensured column steezy exists in label table
2026-01-31 09:30:01,238 - __main__ - INFO - ✅ Ensured column bibi exists in label table
2026-01-31 09:30:01,239 - __main__ - INFO - ✅ Ensured column shvepz exists in label table
2026-01-31 09:30:01,239 - __main__ - INFO - ✅ Ensured column referral_code exists in label table
2026-01-31 09:30:01,239 - __main__ - INFO - ✅ Ensured column referral_count exists in label table
2026-01-31 09:30:01,239 - __main__ - INFO - ✅ Ensured column referral_earnings exists in label table
2026-01-31 09:30:01,250 - __main__ - INFO - ✅ All required label columns verified
2026-01-31 09:30:01,250 - __main__ - INFO - ✅ Database columns ensured
2026-01-31 09:30:01,250 - __main__ - INFO - 🔧 Adding platform links column...
2026-01-31 09:30:01,250 - __main__ - INFO - Adding platform_links column to releases table...
2026-01-31 09:30:01,252 - __main__ - INFO - ✅ Added platform_links column to releases table
2026-01-31 09:30:01,252 - __main__ - INFO - ✅ Platform links column added
2026-01-31 09:30:01,252 - __main__ - INFO - 🔧 Creating referrals table...
2026-01-31 09:30:01,252 - __main__ - INFO - Creating referrals table...
2026-01-31 09:30:01,253 - __main__ - INFO - ✅ referrals table created successfully
2026-01-31 09:30:01,254 - __main__ - INFO - ✅ Referrals table created
2026-01-31 09:30:01,254 - __main__ - INFO - 🔧 Testing bot token and checking for conflicts...
2026-01-31 09:30:01,426 - __main__ - INFO - ✅ Bot connected: @twaslabel_bot
2026-01-31 09:30:01,475 - __main__ - INFO - ✅ Bot instance check passed: @twaslabel_bot
2026-01-31 09:30:01,475 - __main__ - INFO - 🚀 Starting bot with enhanced error handling...
2026-01-31 09:30:01,475 - __main__ - INFO - 🔧 Testing channel access...
2026-01-31 09:30:01,638 - __main__ - INFO - ✅ Channel access test successful: talk with a star // label
2026-01-31 09:30:02,221 - __main__ - INFO - ✅ Bot member status: administrator
2026-01-31 09:30:02,221 - __main__ - INFO - ✅ Bot has admin rights in channel
2026-01-31 09:30:02,221 - __main__ - INFO - ✅ Channel access test passed, starting bot...
2026-01-31 09:30:02,221 - __main__ - INFO - ✅ Таймауты API настроены: READ=30s, CONNECT=10s
2026-01-31 09:30:02,221 - __main__ - INFO - 🤖 Starting Telegram bot...
2026-01-31 09:37:46,422 - __main__ - INFO - User 1398275867 (dolepp) is a permanent admin
2026-01-31 09:37:47,795 - __main__ - INFO - admin_panel_handler called with data: admin_finance
2026-01-31 09:37:47,796 - __main__ - INFO - Starting access level check for user_id: 1398275867
2026-01-31 09:37:47,796 - __main__ - INFO - User 1398275867 is a permanent admin
2026-01-31 09:37:47,796 - __main__ - INFO - Calling handler for action: finance
2026-01-31 09:38:08,428 - __main__ - INFO - admin_panel_handler called with data: admin_finance
2026-01-31 09:38:08,428 - __main__ - INFO - Starting access level check for user_id: 1398275867
2026-01-31 09:38:08,428 - __main__ - INFO - User 1398275867 is a permanent admin
2026-01-31 09:38:08,428 - __main__ - INFO - Calling handler for action: finance
2026-01-31 09:38:09,255 - __main__ - INFO - admin_back called by user 1398275867
2026-01-31 09:38:09,255 - __main__ - INFO - User 1398275867 has admin access, showing admin panel
2026-01-31 09:38:09,333 - __main__ - INFO - Admin panel successfully displayed
